:020000040800F2
:1000000000000220992400088123000889230008A9
:100010009123000899230008A12300080000000094
:10002000000000000000000000000000A9230008FC
:10003000B723000800000000C5230008D3230008F0
:10004000E9240008E9240008E9240008E92400085C
:10005000E9240008E9240008E9240008E92400084C
:10006000E9240008E9240008E9240008E92400083C
:10007000E9240008E9240008E9240008E92400082C
:10008000E9240008E9240008E9240008E92400081C
:10009000E9240008E9240008E9240008E92400080C
:1000A000E9240008E9240008E9240008E9240008FC
:1000B000E9240008E1230008E9240008E9240008F5
:1000C000E9240008E9240008E9240008E9240008DC
:1000D000E9240008F5230008E9240008E9240008C1
:1000E000E9240008E9240008E9240008E9240008BC
:1000F000E9240008E9240008E9240008E9240008AC
:10010000E9240008E9240008E9240008E92400089B
:10011000E9240008E9240008E9240008E92400088B
:10012000E9240008E9240008E9240008E92400087B
:10013000E9240008E9240008E9240008E92400086B
:10014000E9240008E9240008E9240008E92400085B
:10015000E9240008E9240008E9240008E92400084B
:10016000E9240008E9240008E9240008E92400083B
:10017000E9240008E9240008E92400080000000040
:08018000E9240008E92400084D
:1001900010B5054C237833B9044B13B10448AFF3C1
:1001A00000800123237010BD8000002000000000AB
:1001B000D4BD000808B5034B1BB103490348AFF396
:1001C000008008BD0000000084000020D4BD0008AD
:1001D00010F8012B11F8013B012A28BF9A42F7D0F1
:1001E000D01A70470000000000000000000000006E
:1001F00001F0FF01102A2BDB10F0070F08D010F8D8
:10020000013B013A8B422DD010F0070F42B3F6D1DB
:10021000F0B441EA012141EA014122F007047FF0F4
:1002200000070023F0E80256083C85EA010586EA4B
:10023000010685FA47F5A3FA87F586FA47F6A5FA87
:1002400087F68EB9EED1F0BC01F0FF0102F0070293
:1002500032B110F8013B013A83EA010313B1F8D13E
:100260000020704701387047002D06BF354603381F
:10027000073815F0010F07D1013015F4807F02BF58
:10028000013015F4C03F0130F0BC0138704700BFA9
:1002900053B94AB9002908BF00281CBF4FF0FF31ED
:1002A0004FF0FF3000F088B9ADF1080C6DE904CED5
:1002B00000F006F8DDF804E0DDE9022304B0704741
:1002C0002DE9F047089D8E4604468846002B4AD10A
:1002D0008A42174662D9B2FA82F64EB1C6F12003BD
:1002E00001FA06F820FA03F3B74043EA0808B440DD
:1002F0004FEA174E1FFA87FCB8FBFEF1230C0EFBEA
:10030000118843EA084301FB0CF29A4209D9FB1811
:1003100001F1FF3080F0EA809A4240F2E780023932
:100320003B449A1AA3B2B2FBFEF00EFB102243EA42
:10033000024300FB0CFC9C4509D9FB1800F1FF327D
:1003400080F0D6809C4540F2D3803B44023840EA9E
:100350000140A3EB0C0300211DB1F3400022C5E9CD
:100360000032BDE8F0878B4205D90DB1C5E9000127
:1003700000210846F5E7B3FA83F1002946D1734519
:1003800002D3824200F20581841A6EEB030201203F
:100390009046002DE5D0C5E90048E2E7002A00F0CC
:1003A0009080B2FA82F6002E40F0A4808A1A030CE4
:1003B0004FEA174E80B2BCB20121B2FBFEFC0EFB2D
:1003C0001C2243EA024304FB0CF29A4207D9FB18B1
:1003D0000CF1FF3802D29A4200F2E080C4469B1A28
:1003E000B3FBFEF20EFB123340EA034302FB04F4BC
:1003F0009C4207D9FB1802F1FF3002D29C4200F266
:10040000CA8002461B1B42EA0C40A5E7C1F1200648
:100410008B4022FA06F71F430EFA01F420FA06F386
:100420002EFA06FE4FEA1749234300FA01F81FFA95
:1004300087FCBEFBF9F01C0C09FB10EE44EA0E44ED
:1004400000FB0CFEA64502FA01F209D93C1900F1A5
:10045000FF3A80F09C80A64540F2998002383C44E7
:10046000A4EB0E041FFA83FEB4FBF9F309FB13445B
:100470004EEA044403FB0CFCA44508D93C1903F1E3
:10048000FF3E80F08280A4457FD9023B3C4443EA92
:100490000040A4EB0C04A0FB02EC64457346E1466B
:1004A00062D35FD05DB1B8EB030264EB090404FAD8
:1004B00006F622FA01F31E43CC40C5E90064002190
:1004C0004FE7B1FBF2FC010C41EA0E4180B240EA79
:1004D00001423B4638463C46B846BE462026B1FB64
:1004E000F7F1A2EB080241EA0C4166E7014618E782
:1004F00010462CE7C6F120022EFA02F3B740B140B5
:1005000020FA02F24FEA174E0A43B3FBFEF8BCB2E0
:100510000EFB1833110C41EA034108FB04F9B0400B
:1005200089454FEA104380B23ED9791808F1FF3C63
:1005300001D289451FD8A1EB0901B1FBFEF909FBE6
:1005400004F80EFB191192B242EA0142424529D247
:10055000BA1809F1FF31C4D24245C2D2A9F1020151
:100560003A44BEE7F0459DD2BEEB02036CEB070CAC
:100570000138E14696E7A7EB09094944A8F1020CC6
:10058000B1FBFEF909FB04F8DBE773467FE7504651
:1005900066E70846FDE63B44023A33E7ACF1020C5D
:1005A0003B441CE749469CE7A1EB0901C446B1FB6B
:1005B000FEF909FB04F8C4E7704700BF80B500AF3F
:1005C00001F0B6F9002005F038F8034B1B78184607
:1005D00005F04EFD00BF80BD9D00002090B5ADF23E
:1005E000644D00AF04460846114607F58C63A3F23C
:1005F0005A4322461A8007F58C63A3F25C430246F5
:100600001A8007F58C63A3F25E430A461A8002F053
:1006100029F8034687F83734994B1A78994B1B7899
:100620009A4200F0AD80974B1A78954B1A70954B13
:100630001B78052B00F2A48001A252F823F000BF22
:100640005906000875060008EF0600083F07000875
:1006500063070008750700088B4B1B78184605F0E8
:1006600007FD8A4B00221A70894B00221A7002F093
:100670009FF885E0864B00221A70864B02221A6092
:10068000854B00221A60854B00221A60844B0022A1
:100690001A600023C7F85C3414E0824AD7F85C344F
:1006A0009B0013444FF000021A607F4AD7F85C3475
:1006B0009B0013444FF000021A60D7F85C340133FA
:1006C000C7F85C34D7F85C347F2BE6DD00F0BCFD66
:1006D000764B00221A70764BFF221A70734B1B78F0
:1006E0007449184605F07EFD05F080FB48E006F0F1
:1006F0009BFA0346704A1360664B02221A60664BEF
:1007000000221A60614B00221A7005F00BFA05F006
:100710006DFB0023C7F858340CE0684AD7F858340A
:100720009B0013444FF000021A60D7F8583401338D
:10073000C7F85834D7F858347F2BEEDD20E0604BF3
:1007400000221A7000F080FD584B00221A70584B9E
:10075000FF221A70554B1B785649184605F0A8FE23
:100760000EE0584B00221A70564B1B78184605F0C5
:10077000B1FF05E0544B00221A7006F0DDF800BF0F
:10078000404B1B78002B5AD197F83734022B10D1ED
:100790003D4B1B78002B05D03B4B1B78013BDAB25D
:1007A000394B1A70384B1B78184605F061FC00F085
:1007B00030BD97F83734032B10D1334B1B78032B04
:1007C00005D8314B1B780133DAB22F4B1A702E4B00
:1007D0001B78184605F04CFC00F01BBD97F8373429
:1007E000042B40F01685284B1B78042B00F2118552
:1007F00001A252F823F000BF0D08000817080008F6
:10080000210800082B080008350800081D4B0122AC
:100810001A7000F0FEBC1B4B02221A7000F0F9BCEB
:10082000184B03221A7000F0F4BC164B04221A7005
:1008300000F0EFBC134B05221A7000F0EABC114B1C
:100840001B78012B40F0818106F0EEF902461A4B2D
:100850001B68D31AC7F818340D4B1B78002B7FD1B7
:1008600097F83734022B31D1104B1B78002B3BD03B
:100870000E4B1B78013BDAB20C4B1A7034E000BF10
:10088000010000209C0000209D000020E1000020CD
:10089000E0000020F0000020F4000020A000002074
:1008A000F80A0020F8060020F8080020E3000020E5
:1008B00000000020E4000020DC000020F800002000
:1008C000E2000020A4000020A500002097F83734A3
:1008D000032B09D1B94B1B78082B05D8B74B1B78D4
:1008E0000133DAB2B54B1A70B54B1A78B34B1B789B
:1008F0009A4209D0B14B1B78B249184605F072FCF8
:10090000AE4B1A78AE4B1A7097F83734042B1ED1C1
:10091000AA4B1B781A46AB4B9B5C002B17D0AA4BFB
:1009200001221A7006F080F90346A84A1360A34B0F
:100930001B78A749184600F0D9FC05F0EDFA05F040
:10094000C5FF1F2328228021A14804F0F3FF97F858
:100950003734012B40F0ED809E4B00221A70E8E006
:10096000994B1B78012B26D1D7F818349A4AA2FB51
:1009700003239B09C3F10303C7F85434D7F8543455
:10098000002B02DC0123C7F85434D7F8540405F0D7
:100990007BF9D7F8183440F6B732934240F2C98059
:1009A000894B02221A7006F03FF90346874A13600A
:1009B00005F0A0F9BDE0844B1B78022B40F0B98014
:1009C00000F096FE0346002B00F0B38000F09CFE82
:1009D000824B1B68002B05DD804B1B68013B7F4A67
:1009E0001360A6E07E4B1B6801337D4A13607C4B8D
:1009F0001B68184605F08EF900F062FFC7F8140472
:100A000000F068FF07F5826383ED000A4FF4FC6392
:100A100082228021D7F8140404F08CFF0023C7F849
:100A200050341CE06F4AD7F850349B00134493EDC8
:100A3000007AD7F850349B00D7F814241344D3ED30
:100A4000007A77EE277A674AD7F850349B00134430
:100A5000C3ED007AD7F850340133C7F85034D7F8D3
:100A600050347F2BDEDD604B1B6801335E4A136020
:100A70000023C7F84C341AE05A4AD7F84C349B008C
:100A80001344D3ED006A584B1B6807EE903AB8EE5A
:100A9000E77AC6EE877A554AD7F84C349B00134460
:100AA000C3ED007AD7F84C340133C7F84C34D7F88B
:100AB0004C347F2BE0DD07F58C63A3F25E43B3F982
:100AC000002007F58C63A3F25C43B3F9001007F52F
:100AD0008C63A3F25A43B3F9003007F5826090EDBE
:100AE000000A184605F092F880224049384800F084
:100AF0007BFCC7F80C04D7F80C0405F0B7F93C4BA5
:100B00005B7A002B08D0D7F80C34022B02D101F00D
:100B100048FE01E001F04CFE354B1B7A1A46304B83
:100B20001B689A4205DC2E4B00221A60294B0022DA
:100B30001A7097F83734012B40F06B83224B002258
:100B40001A70244B00221A7063E3224B1B78022B8D
:100B500040F0438106F068F802461C4B1B68D31A2C
:100B6000C7F82434234B1B78002B45D1D7F8243405
:100B7000194AA2FB03239B09C3F10303C7F84834B6
:100B8000D7F84834002B02DC0123C7F84834D7F8E3
:100B9000480405F079F8D7F8243440F6B732934288
:100BA00040F20F81134B01221A7006F03DF8034604
:100BB000064A136005F09EF803E100BFE300002041
:100BC00000000020E4000020E0000020DC00002005
:100BD000F80400209C000020D34D6210F00000209B
:100BE000F4000020F8060020F80A0020F808002091
:100BF00024150020E1000020844B1B78012B40F0DD
:100C0000A28000F075FD0346002B00F0DA8000F0B2
:100C10007BFD7F4B1B68002B05DD7D4B1B68013B7B
:100C20007B4A1360CDE07B4B1B680133794A13602C
:100C3000784B1B68184605F06DF800F041FEC7F8C8
:100C4000200400F047FE07F21C4383ED000A8021D8
:100C5000D7F8200404F010FE07F58C63A3F25E437E
:100C6000B3F9002007F58C63A3F25C43B3F90010DD
:100C700007F58C63A3F25A43B3F9003007F21C4026
:100C800090ED000A184604F0C1FF0023C7F8443471
:100C90001CE0614AD7F844349B00134493ED007A7A
:100CA000D7F844349B00D7F820241344D3ED007ABE
:100CB00077EE277A584AD7F844349B001344C3EDA3
:100CC000007AD7F844340133C7F84434D7F84434B1
:100CD0007F2BDEDD514B1B7A1A464E4B1B689A4226
:100CE0006FDC0023C7F840341AE04B4AD7F8403491
:100CF0009B001344D3ED006A484B1B7A07EE903AF1
:100D0000B8EEE77AC6EE877A454AD7F840349B00BA
:100D10001344C3ED007AD7F840340133C7F84034A8
:100D2000D7F840347F2BE0DD384B02221A7000F0F8
:100D30008BFA3C4B00221A703A4B1B783A49184602
:100D400005F0F6FA3DE0314B1B78022B39D197F8CC
:100D50003734022B0AD1334B1B78002B14D0314B84
:100D60001B78013BDAB22F4B1A700DE097F837343D
:100D7000032B09D12B4B1B78082B05D8294B1B784B
:100D80000133DAB2274B1A70284B1A78254B1B789F
:100D90009A4209D0234B1B782349184605F0C8FA1C
:100DA000204B1A78214B1A7097F83734042B08D14E
:100DB0001C4B1B781A49184600F074FA1C4B002291
:100DC0001A7097F83734012B40F023820F4B002222
:100DD0001A70174B00221A701BE2154B1B78032B5D
:100DE00040F0D080134B1B78002B40F0898097F89F
:100DF0003734022B20D10B4B1B78002B2AD0094B08
:100E00001B78013BDAB2074B1A7023E0E1000020A7
:100E1000F0000020F4000020F8000020241500203D
:100E2000F8020020E3000020E40000200000002081
:100E30009C000020E200002097F83734032B09D1F2
:100E4000914B1B78082B05D88F4B1B780133DAB2F6
:100E50008D4B1A708D4B1A788B4B1B789A4209D0A8
:100E6000894B1B788A49184605F022FB864B1A7875
:100E7000864B1A7097F83734042B25D1824B1B7898
:100E80001A46834B9B5C002B1ED0824B01221A70AA
:100E90007D4B1B788049184600F028FA7E4800F008
:100EA0003BFA07F5856383ED000A04F03BFE8021E1
:100EB000794804F0E1FC744B1B7807F5856292EDEC
:100EC000000A184604F0A0FF97F83734052B0ED11E
:100ED0006D4B1B781A466E4B9B5C002B07D06D4BFD
:100EE00002221A70684B1B78184605F095FB97F89C
:100EF0003734012B40F08D81684B00221A7088E155
:100F0000644B1B78012B11D197F83734012B40F03B
:100F10008081604B00221A705C4BFF221A705A4B82
:100F20001B785B49184605F0C3FA72E1594B1B78F0
:100F3000022B40F06E8197F83734042B10D1524BBE
:100F40001B78184600F03AFA524B00221A704F4BA9
:100F5000FF221A704C4B1B784D49184605F0A8FA31
:100F600097F83734012B40F054814A4B00221A7015
:100F7000464BFF221A70444B1B784549184605F032
:100F800097FA46E1454B1B78042B40F0938097F885
:100F90003734022B0FD1424B1B78002B05D0404B2E
:100FA0001B78013BDAB23E4B1A703D4B1B7818465A
:100FB00005F090FB2DE197F83734032B0FD1384B18
:100FC0001B78012B05D8364B1B780133DAB2344B32
:100FD0001A70334B1B78184605F07CFB19E197F823
:100FE0003734042B47D12E4B1B78022B30D0022BE9
:100FF0003BDC002B02D0012B1AD036E0294BD3ED7D
:10100000017A9FED297A77EE877A264BC3ED017A34
:10101000244BD3ED017A9FED257AF4EEC77AF1EEF9
:1010200010FA02DD1F4B224A5A6000F0C7FC1CE098
:101030001C4B1B7A0A33DAB21A4B1A72194B1B7A01
:10104000642B02D9174B0A221A7200F0B7FC0CE08D
:10105000144B5B7A002B0CBF01230023DBB21A4632
:10106000104B5A7200F0AAFC00BF0D4B1B781846BB
:1010700005F030FBCDE097F83734012B40F0C98004
:10108000064B00221A70C4E0E3000020000000209C
:10109000E4000020E2000020F80400209C00002072
:1010A000A40000202415002000007A4400401C46C3
:1010B00000007A44594B1B78052B40F0AA80584B0E
:1010C0001B78002B03D0564B1B78022B04D1544BBA
:1010D0001B78184605F0D4FC524B1B78002B2BD004
:1010E000504B00221A7050495048FFF771F80346E0
:1010F000002B06D14A4B01221A70012005F074FC26
:101100001AE04B494948FFF763F80346002B06D124
:10111000434B02221A70022005F066FC0CE04549A0
:101120004248FFF755F80346002B05D13C4B0022FF
:101130001A70002005F058FC394B1B78022B60D147
:1011400000F0D6FA0346002B5BD000F0DDFA00F089
:10115000B7FBC7F830040023C7F83C34D7F83C3459
:1011600007F10C021344344918460AF071F902469B
:10117000D7F83C341344C7F83C340023C7F838345C
:1011800023E0D7F838349B00D7F830241344D3ED4C
:10119000007AFDEEE77A17EE903AC7F82C34D7F8CC
:1011A0003C3407F10C021344D7F82C242349184689
:1011B0000AF04EF90246D7F83C341344C7F83C34E1
:1011C000D7F838340133C7F83834D7F838347F2BA0
:1011D000D7DDD7F83C3407F10C0213441849184600
:1011E0000AF036F90246D7F83C341344C7F83C34C9
:1011F000D7F83C349AB207F10C016423114809F086
:101200003BF897F83734012B03D1044B00221A70B6
:10121000FFE700BF07F26447BD4690BD9C00002079
:10122000A5000020DA000020ECBD0008A800002086
:10123000F4BD0008FCBD000804BE00080CBE000898
:1012400010BE00082816002080B584B000AF00232F
:10125000FB601AE0FB681B03BB603B1D04221946C0
:10126000B86804F0A9F87B680C4A934205D10C4A8F
:10127000FB68134401221A7004E0094AFB68134416
:1012800000221A70FB680133FB60FB68092BE1DD6B
:1012900000BF00BF1037BD4680BD00BFEFBEADDE52
:1012A000E400002080B584B000AF03463960FB71D4
:1012B000FB791B03FB60F86804F0A5F80A4BBB60E0
:1012C00007F1080304221946F86804F0BFF8FB6828
:1012D00004334FF400723968184604F0B7F800BFC1
:1012E0001037BD4680BD00BFEFBEADDE80B584B017
:1012F00000AF03463960FB71FB791B03FB60FB68A1
:1013000004334FF400723968184604F055F800BFF2
:101310001037BD4680BD000080B487B000AF786054
:101320004FF000037B6100233B610123FB6017E06A
:10133000FB689B007A681344D3ED007A97ED057A39
:10134000B4EEE77AF1EE10FA07D5FB689B007A68F5
:1013500013441B687B61FB683B61FB680133FB60E6
:10136000FB687F2BE4DDD7ED057A9FED107AF4EE74
:10137000C77AF1EE10FA0DDD3B6907EE903AF8EE10
:10138000E77A9FED0B7A67EE877ADFED0A6A87EEE0
:10139000A67A01E09FED087AF0EE477AB0EE670A90
:1013A0001C37BD465DF8047B704700BF0000A042BB
:1013B0000000C843000080430000000080B584B0F6
:1013C00000AF0346FB71FB791B03FB60F86804F078
:1013D0001AF8FB79034A0021D15400BF1037BD46EB
:1013E00080BD00BFE400002080B495B000AFF8607D
:1013F000B9607A600123FB644FF00003BB640123F2
:101400007B6417E07B6C9B00FA681344D3ED007A91
:1014100097ED127AB4EEE77AF1EE10FA07D57B6C0D
:101420009B00FA6813441B68BB647B6CFB647B6C99
:1014300001337B647A6C7B689A42E3DB01233B6473
:101440004FF00003FB630123BB6317E0BB6B9B0002
:10145000BA681344D3ED007A97ED0F7AB4EEE77AC9
:10146000F1EE10FA07D5BB6B9B00BA6813441B68FA
:10147000FB63BB6B3B64BB6B0133BB63BA6B7B68C9
:101480009A42E3DBD7ED127A9FED7C7AF4EEC77ACD
:10149000F1EE10FA04D57A4B00221A600023E7E03F
:1014A000FA6C3B6CD31A07EE903AF8EEE77A9FEDB0
:1014B000757A27EE877ADFED746AC7EE267AF0EE4A
:1014C000E77AC7ED057AD7ED0F6A97ED127AC6EE87
:1014D000877AC7ED0D7AD7ED0D7AB7EE007AF4EE84
:1014E000C77AF1EE10FA07D5F7EE006A97ED0D7A9C
:1014F000C6EE877AC7ED0D7A4FF000033B634FF0DD
:101500000003FB62FB6C033BBB62FB6C03337B623F
:10151000BB6A002B01DC0123BB627A6A7B689A42BA
:1015200002DB7B68013B7B62BB6A3B621AE03B6A81
:101530009B00FA681344D3ED007A97ED0C7A77EEAE
:10154000277AC7ED0C7A3B6A9B00BA681344D3ED47
:10155000007A97ED0B7A77EE277AC7ED0B7A3B6A24
:1015600001333B623A6A7B6A9A42E0DDD7ED0C7A3E
:10157000B7EE007AF4EEC77AF1EE10FA02D54FF02A
:101580007E533B63D7ED0B7AB7EE007AF4EEC77A61
:10159000F1EE10FA02D54FF07E53FB62D7ED0B6AE5
:1015A00097ED0C7AC6EE877AC7ED077AD7ED077A02
:1015B000B7EE007AF4EEC77AF1EE10FA07D5F7EE3F
:1015C000006A97ED077AC6EE877AC7ED077AD7EDFE
:1015D000057AB1EE047AF4EEC77AF1EE10FA14D57A
:1015E000D7ED0D7AB7EE087AF4EEC77AF1EE10FA7D
:1015F0000BD5D7ED077AB7EE087AF4EEC77AF1EE9D
:1016000010FA02D50023BB611FE0D7ED057AB2EED8
:10161000087AF4EEC77AF1EE10FA14D5D7ED0D7A08
:10162000B0EE047AF4EEC77AF1EE10FA0BD5D7EDEE
:10163000077AB0EE047AF4EEC77AF1EE10FA02D52A
:101640000123BB6101E00223BB61BB69022B05D111
:101650000B4B1B6801330A4A136002E0084B00225F
:101660001A60074B1B68022B01DD022300E0BB69F7
:1016700018465437BD465DF8047B70470000A04211
:10168000A00000200000C8430000804380B500AFE8
:101690004FF48071024803F0AFFD00BF80BD00BF72
:1016A000FC0A002080B483B000AF87ED010A0D4B27
:1016B0001B885A1C91B20B4A11800B4A9B001344A1
:1016C0007A681A60074B1B88FF2B05D9054B00224F
:1016D0001A80064B01221A7000BF0C37BD465DF818
:1016E000047B704714150020140B002016150020F1
:1016F00080B400AF034B1B781846BD465DF8047BF1
:10170000704700BF1615002080B588B000AF614B50
:1017100000221A704FF00003FB610023BB610EE052
:101720005D4ABB699B001344D3ED007A97ED077ABD
:1017300077EE277AC7ED077ABB690133BB61BB69D6
:10174000FF2BEDDD97ED077ADFED546AC7EE267AC1
:10175000C7ED077A00237B6112E04F4A7B699B004B
:10176000134493ED007AD7ED077A77EE677A4A4A09
:101770007B699B001344C3ED007A7B6901337B6175
:101780007B69FF2BE9DD0023454A4349454803F0C7
:10179000D3FB00233B6127E03B695B00404A9B0091
:1017A00013441B68BB603B695B0001333C4A9B00F0
:1017B00013441B687B60D7ED027A27EEA77AD7ED3A
:1017C000017A67EEA77A77EE277AB0EE670A0AF019
:1017D000DFFAF0EE407A344A3B699B001344C3EDD4
:1017E000007A3B6901333B613B697F2BD4DD2F4B92
:1017F0004FF000021A602E4B00221A600123FB609A
:101800001AE0294AFB689B00134493ED007A274BAA
:10181000D3ED007AB4EEE77AF1EE10FA09DD224A50
:10182000FB689B0013441B68204A1360204AFB6836
:101830001360FB680133FB60FB687F2BE1DD1B4B12
:10184000D3ED007A9FED1B7AF4EEC77AF1EE10FA31
:1018500011DD174B1B6807EE903AF8EEE77A9FED23
:10186000167A27EE877ADFED0D6AC7EE267A134BDC
:10187000C3ED007A0AE0114B4FF000021A600C4BE6
:1018800000221A60094B4FF000021A6000BF203797
:10189000BD4680BD16150020140B002000008043BB
:1018A000140F0020FC0A0020141300202015002033
:1018B0001C1500200000A0420000C843181500209D
:1018C00080B400AF024B1846BD465DF8047B7047FC
:1018D0001413002080B400AF044B1B6807EE903A4D
:1018E000B0EE670ABD465DF8047B7047181500200E
:1018F00080B400AF0B4B0C4A1A600A4B0B4A5A607B
:10190000084B1E221A72074B00225A72054B002206
:101910009A72044B0022DA7200BFBD465DF8047B68
:10192000704700BF241500205A5AA5A500803B45EA
:1019300080B500AF0C221C494FF4204003F03CFD61
:10194000194B1B68194A934204D0FFF7D1FF00F0EE
:1019500035F828E0144BD3ED017A9FED157AF4EEBB
:10196000C77AF1EE10FA09D40F4BD3ED017A9FED4F
:10197000117AF4EEC77AF1EE10FA02DD0A4B0E4A44
:101980005A60094B1B7A002B03D0074B1B7A642B40
:1019900002D9054B1E221A72034B5B7A012B02D926
:1019A000014B01225A7280BD241500205A5AA5A568
:1019B0000000C84200409C4600803B4580B500AF17
:1019C000074B084A1A604FF4204003F01CFD0C221C
:1019D00003494FF4204003F039FD00BF80BD00BF34
:1019E000241500205A5AA5A580B582B000AF7860B2
:1019F0007B681B68154A934224D1154B1B78232B17
:101A00000CD1144B1B781A46134B00219954134BDD
:101A100001221A700F4B00221A700EE00D4B1B783A
:101A2000302B0AD80B4B1B785A1CD1B2094A1170C3
:101A30001A46074B1978084B995401220449084863
:101A400008F0A5FC00BF0837BD4680BD001001406E
:101A50003015002031150020A8000020DA000020F9
:101A60002816002080B584B000AF05F077F8642018
:101A700005F0E6F800F07EF800F0C2F900F07EFA1A
:101A800000F0E2F800F00EF900F090F900F040F9F3
:101A900000F080FE03F08EFEFEF790FD00F042FDA8
:101AA000FFF7F4FD2C4807F077FF01222B492C4863
:101AB00008F06DFC2B4B1B78DBB2002B3FD0294B81
:101AC00000221A70284A2949294800F057FD034688
:101AD000002B34D1264BB3F9003007EE903AF8EEE4
:101AE000E77AC7ED037A214BB3F9003007EE903A5D
:101AF000F8EEE77AC7ED027A1B4BB3F9003007EE38
:101B0000903AF8EEE77AC7ED017AD7ED037A27EE3F
:101B1000A77AD7ED027A67EEA77A37EE277AD7ED64
:101B2000017A67EEA77A77EE277AB0EE670A0AF0B5
:101B30002FF987ED000A97ED000AFFF7B3FD0C4B74
:101B4000B3F90030094AB2F90010074AB2F900208F
:101B50001846FEF743FDADE7E015002030150020E4
:101B600028160020D0160020C4160020C21600201F
:101B7000C016002080B594B000AF07F120033022DA
:101B80000021184609F086FC07F10C0300221A60B8
:101B90005A609A60DA601A610023BB60284B1B6CA4
:101BA000274A43F080531364254B1B6C03F080538A
:101BB000BB60BB6800237B60224B1B68214A43F457
:101BC000804313601F4B1B6803F480437B607B687A
:101BD00001233B624FF480337B620223BB634FF4EB
:101BE0008003FB6308233B644FF4A8737B640223E8
:101BF000BB640423FB6407F12003184606F0CAFB0C
:101C00000346002B01D000F02FFA0F23FB600223C4
:101C10003B6100237B614FF4A053BB614FF48053C1
:101C2000FB6107F10C030521184606F02BFE034665
:101C3000002B01D000F018FA00BF5037BD4680BD20
:101C4000003802400070004080B500AF124B134ACC
:101C50001A60114B124A5A600F4B00229A600E4BC9
:101C60000022DA600C4B4FF480421A610A4B0022CA
:101C70005A61094B00229A61074B0022DA61064B38
:101C800000221A62044805F071FB0346002B01D0C4
:101C900000F0EAF900BF80BD341500200054004078
:101CA000801A060080B500AF174B184A1A60164B11
:101CB0004FF482725A60144B00229A60124B002239
:101CC000DA60114B00221A610F4B00225A610E4B51
:101CD0004FF400729A610C4B1822DA610A4B002211
:101CE0001A62094B00225A62074B00229A62064B85
:101CF0000A22DA62044806F0E5FF0346002B01D011
:101D000000F0B2F900BF80BD88150020003001400E
:101D100080B586B000AF07F1080300221A605A6050
:101D20009A60DA603B4600221A605A601D4B1E4AD8
:101D30001A601C4B42F2CF025A601A4B00229A6082
:101D4000184B1822DA60174B00221A61154B8022BB
:101D50009A61144807F0D0FD0346002B01D000F033
:101D600083F94FF48053BB6007F1080319460D480F
:101D700007F072FF0346002B01D000F075F9002335
:101D80003B6000237B603B461946064808F094F907
:101D90000346002B01D000F067F900BF1837BD469D
:101DA00080BD00BFE01500200004004080B500AFFA
:101DB000114B124A1A60104B4FF4E1325A600E4B2D
:101DC00000229A600C4B0022DA600B4B00221A6151
:101DD000094B0C225A61084B00229A61064B0022E3
:101DE000DA61054808F0F8F90346002B01D000F04D
:101DF0003BF900BF80BD00BF281600200010014045
:101E000080B58CB000AF07F11C0300221A605A6045
:101E10009A60DA601A610023BB61544B1B6B534A12
:101E200043F010031363514B1B6B03F01003BB61B2
:101E3000BB6900237B614D4B1B6B4C4A43F0800315
:101E400013634A4B1B6B03F080037B617B690023A8
:101E50003B61464B1B6B454A43F004031363434B02
:101E60001B6B03F004033B613B690023FB603F4BAA
:101E70001B6B3E4A43F0010313633C4B1B6B03F0A7
:101E80000103FB60FB680023BB60384B1B6B374AC8
:101E900043F002031363354B1B6B03F00203BB607B
:101EA000BB6800237B60314B1B6B304A43F0080357
:101EB00013632E4B1B6B03F008037B607B680122CE
:101EC00018212B4805F038FA00221021294805F086
:101ED00033FA01220321284805F02EFA1823FB616A
:101EE00001233B6200237B620023BB6207F11C03DA
:101EF00019461F4805F06CF80F23FB6100233B6275
:101F000001237B6207F11C0319461A4805F060F8AB
:101F10001023FB6101233B6200237B620023BB6231
:101F200007F11C031946134805F052F80123FB6121
:101F300001233B6200237B620123BB6207F11C0388
:101F400019460D4805F044F80223FB6101233B626A
:101F500000237B620023BB6207F11C03194606487D
:101F600005F036F800BF3037BD4680BD003802406E
:101F700000100240000802400004024080B588B012
:101F800000AF3B1D00221A605A609A60DA601A6145
:101F90005A619A61274B4FF020421A60254B264A1E
:101FA0005A60244B00229A60224B0022DA60214BB7
:101FB00000221A611F4B10225A611E4B00229A61A7
:101FC0001C4B0022DA611B4B00221A62194B0022C3
:101FD0005A62184B4FF480529A62164B0022DA6212
:101FE000144B00221A63134B00225A63114B002238
:101FF0009A63104B00225A6405237B600F23BB6059
:102000000923FB6000233B6110237B611123BB612B
:102010000023FB613B1D00221946064807F024FC03
:102020000346002B01D000F01FF800BF2037BD464B
:1020300080BD00BF70160020040100A080B483B0F2
:1020400000AF78607B681B68054A934202D1054B5C
:1020500001221A7000BF0C37BD465DF8047B704743
:1020600000040040D016002080B400AF72B600BF5C
:1020700000BFFDE780B483B000AF00237B60104B4E
:102080005B6C0F4A43F4804353640D4B5B6C03F469
:1020900080437B607B6800233B60094B1B6C084AD4
:1020A00043F080531364064B1B6C03F080533B607A
:1020B0003B6800BF0C37BD465DF8047B704700BF2E
:1020C0000038024080B58AB000AF786007F1140391
:1020D00000221A605A609A60DA601A617B681B6895
:1020E000194A93422BD100233B61184B1B6B174AB3
:1020F00043F002031363154B1B6B03F002033B61B8
:102100003B69C0237B611223BB610023FB61032376
:102110003B6204237B6207F1140319460C4804F068
:1021200057FF0023FB60094B1B6C084A43F4001364
:102130001364064B1B6C03F40013FB60FB6800BFC9
:102140002837BD4680BD00BF005400400038024023
:102150000004024080B58AB000AF786007F1140334
:1021600000221A605A609A60DA601A617B681B6804
:10217000194A93422BD100233B61184B5B6C174AE1
:1021800043F480535364154B5B6C03F480533B6101
:102190003B690023FB60114B1B6B104A43F00103AA
:1021A00013630E4B1B6B03F00103FB60FB68E02322
:1021B0007B610223BB610023FB6103233B62052398
:1021C0007B6207F114031946054804F001FF00BFC4
:1021D0002837BD4680BD00BF0030014000380240B6
:1021E0000000024080B584B000AF78607B681B6857
:1021F0000E4A934215D10023FB600D4B1B6C0C4A19
:1022000043F0020313640A4B1B6C03F00203FB60F0
:10221000FB68002200211D2004F011FE1D2004F0A7
:102220002AFE00BF1037BD4680BD00BF000400403D
:102230000038024080B58AB000AF786007F114031F
:1022400000221A605A609A60DA601A617B681B6823
:102250001D4A934234D100233B611C4B5B6C1B4AEB
:1022600043F010035364194B5B6C03F010033B61A4
:102270003B690023FB60154B1B6B144A43F00103C1
:102280001363124B1B6B03F00103FB60FB684FF4FD
:10229000C0637B610223BB610023FB6103233B62BC
:1022A00007237B6207F114031946094804F090FEE6
:1022B00000220021252004F0C2FD252004F0DBFDD2
:1022C00000BF2837BD4680BD0010014000380240E5
:1022D0000000024080B586B000AF3B1D00221A60AE
:1022E0005A609A60DA601A611C4B1B68002B31D16E
:1022F0001A4B01221A6000233B60194B9B6B184A52
:1023000043F001039363164B9B6B03F001033B60A7
:102310003B684FF680737B600223BB600023FB6049
:1023200003233B610C237B613B1D19460D4804F0E0
:102330004FFE4EF2B3737B600223BB600023FB6051
:1023400003233B610C237B613B1D1946064804F0C7
:102350003FFE00E000BF1837BD4680BDC816002014
:102360000038024000100240000C024080B582B0EC
:1023700000AF7860FFF7AEFF00BF0837BD4680BDF5
:1023800080B400AF00BFFDE780B400AF00BFFDE741
:1023900080B400AF00BFFDE780B400AF00BFFDE731
:1023A00080B400AF00BFFDE780B400AF00BFBD4602
:1023B0005DF8047B704780B400AF00BFBD465DF898
:1023C000047B704780B400AF00BFBD465DF8047B5E
:1023D000704780B500AF04F013FC00BF80BD000063
:1023E00080B500AF024807F047FB00BF80BD00BFCB
:1023F000E015002080B500AF024807F0EDFF00BFF8
:1024000080BD00BF2816002080B586B000AF786080
:10241000144A154BD31A7B617B693B61134B1B68D4
:10242000002B02D1114B124A1A60104B1A687B68BC
:1024300013443A699A4207D209F034F803460C2251
:102440001A604FF0FF3309E0084B1B68FB60074B35
:102450001A687B681344054A1360FB6818461837EE
:10246000BD4680BD0000022000040000CC16002004
:102470003818002080B400AF064BD3F88830054AE6
:1024800043F47003C2F8883000BFBD465DF8047B9A
:10249000704700BF00ED00E0DFF834D0FFF7EAFF3F
:1024A0000C480D490D4A002302E0D458C4500433AF
:1024B000C4188C42F9D30A4A0A4C002301E0136085
:1024C0000432A242FBD308F0F3FFFFF7CBFA7047C8
:1024D00000000220000000208000002078BD0208DB
:1024E0008000002038180020FEE7000080B586B08C
:1024F00002AF03460A46FB711346BB71FB793B737F
:10250000BB797B7307F10C02642300930223A6219D
:10251000034805F06FF8034618461037BD4680BDE6
:102520003415002080B586B004AF642302930123E4
:102530000193FB1D009301230022A6210E4805F004
:1025400057F90346002B01D0002311E0FB79E52B5E
:1025500001D000230CE009213120FFF7C7FF0C2137
:102560002C20FFF7C3FF08212D20FFF7BFFF012319
:1025700018460837BD4680BD3415002080B58AB0A6
:1025800004AFF860B9607A60642302930623019374
:1025900007F11003009301233222A621164805F00B
:1025A00027F90346FB75FB7D002B01D0FB7D1EE068
:1025B0007B7C1BB21B021AB23B7C1BB213431AB2C8
:1025C000FB681A80FB7C1BB21B021AB2BB7C1BB2DD
:1025D00013431AB2BB681A807B7D1BB21B021AB26E
:1025E0003B7D1BB213431AB27B681A800023184646
:1025F0001837BD4680BD00BF3415002080B584B0BB
:1026000000AF0346FB71FB79032B17D801A252F8E8
:1026100023F000BF252600082B26000831260008DD
:10262000372600080123FB810AE00223FB8107E033
:102630000423FB8104E00823FB8101E000230AE07E
:10264000FB891946064804F05FFE0346002B0CBFC9
:1026500001230023DBB218461037BD4680BD00BF02
:102660000008024080B584B000AF04F0DDFAB86025
:102670003B4B1B68BA68D31A312B01D800236AE0A0
:102680000023FB6063E0FB68DBB21846FFF7B6FF90
:102690000346FB71FB68032B28D1FB79012B0AD180
:1026A000304B1B78002B06D12E4B01221A702E4A7C
:1026B000BB68136047E0FB79002B44D1294B1B78A2
:1026C000012B40D1284B1B68BA68D31A3B60254BBD
:1026D00000221A70224ABB6813603B6840F6B7328A
:1026E000934201D9052336E0042334E0FB79012B22
:1026F00020D11E4AFB6813441B78002B1AD11B4AB9
:10270000FB68134401221A70154ABB681360FB680A
:10271000022B0DD0FB68022B0CDCFB68002B03D0D6
:10272000FB68012B02D005E0012314E0022312E034
:10273000032310E0FB79002B06D10C4AFB681344FD
:1027400000221A7000E000BFFB680133FB60FB68E9
:10275000032B98DD002318461037BD4680BD00BF0F
:10276000D4160020E0160020DC160020D816002029
:1027700080B582B000AF0346FB71FB791A46102189
:10278000034804F0D9FD00BF0837BD4680BD00BF37
:102790000008024080B500AF0020FFF7E9FF00BF4E
:1027A00080BD80B500AF0120FFF7E2FF00BF80BD14
:1027B00080B500AF0020FFF7DBFF00BF80BD80B415
:1027C00089B000AFF8600B467A607B810023FB6123
:1027D00043E0FB695B007A6813441B889B089BB24B
:1027E000BB61FB6901335B007A6813441B889B085B
:1027F0009BB27B61BB699B00FA6813441B683B6119
:102800007B699B00FA681A44BB699B00F9680B441A
:1028100012681A607B699B00FA6813443A691A606F
:10282000BB6901339B00FA6813441B683B617B69F9
:1028300001339B00FA681A44BB6901339B00F968B5
:102840000B4412681A607B6901339B00FA681344D9
:102850003A691A60FB690233FB617B89FA699A4223
:10286000B7D300BF00BF2437BD465DF8047B704777
:1028700080B5A0B000AF786039607B681B88BB660C
:10288000BB6E9B003A6813447B677B685B683B6761
:102890003B687B667B6F3B66BB6E5B08BB66BB6E53
:1028A0009B003A681344FB67BB6E9B007A6F13442E
:1028B000BB67BB6E9B08FB66B6E13B681B68BB63EE
:1028C0003B685B68FB633B689B683B643B68DB6819
:1028D0007B647B6F1B68BB627B6F5B68FB627B6F9B
:1028E0009B683B637B6FDB687B63FB6F1B68BB6133
:1028F000FB6F5B68FB61FB6F9B683B62FB6FDB6898
:102900007B62BB6F1B68BB60BB6F5B68FB60BB6FB0
:102910009B683B61BB6FDB687B6197ED0E7AD7EDFF
:102920000A7A3B681A1D3A6077EE277AC3ED007A7F
:1029300097ED0F7AD7ED0B7A3B681A1D3A6077EE68
:10294000277AC3ED007A97ED107AD7ED0C7A3B68C1
:102950001A1D3A6077EE277AC3ED007A97ED117A67
:10296000D7ED0D7A3B681A1D3A6077EE277AC3EDF2
:10297000007A97ED0E7AD7ED0A7A77EE677AC7ED8F
:102980000A7A97ED0F7AD7ED0B7A77EE677AC7ED73
:102990000B7A97ED107AD7ED0C7A77EE677AC7ED60
:1029A0000C7A97ED117AD7ED0D7A77EE677AC7ED4D
:1029B0000D7A97ED067AD7ED027AFB6F1A1DFA674A
:1029C00077EE277AC3ED007A97ED077AD7ED037A91
:1029D000FB6F1A1DFA6777EE277AC3ED007A97ED41
:1029E000087AD7ED047AFB6F1A1DFA6777EE277A1B
:1029F000C3ED007A97ED097AD7ED057AFB6F1A1DC2
:102A0000FA6777EE277AC3ED007A97ED027AD7ED71
:102A1000067A77EE677AC7ED027A97ED037AD7EDFB
:102A2000077A77EE677AC7ED037A97ED047AD7EDE8
:102A3000087A77EE677AC7ED047A97ED057AD7EDD5
:102A4000097A77EE677AC7ED057A3B6F1A1D3A6708
:102A50001B68FB653B6F1A1D3A671B68BB65D7EDAA
:102A60000A7A97ED177A67EE277AC7ED157AD7EDD0
:102A70000B7A97ED167A67EE277AC7ED147AD7EDC1
:102A80000B7A97ED177A67EE277AC7ED137AD7EDB1
:102A90000A7A97ED167A67EE277AC7ED127A7B6F7E
:102AA0001A1D7A6797ED157AD7ED147A77EE277AA3
:102AB000C3ED007A7B6F1A1D7A6797ED137AD7ED15
:102AC000127A77EE677AC3ED007AD7ED027A97ED46
:102AD000167A67EE277AC7ED157AD7ED037A97ED68
:102AE000177A67EE277AC7ED147AD7ED037A97ED58
:102AF000167A67EE277AC7ED137AD7ED027A97ED4B
:102B0000177A67EE277AC7ED127ABB6F1A1DBA677C
:102B100097ED157AD7ED147A77EE677AC3ED007AE0
:102B2000BB6F1A1DBA6797ED137AD7ED127A77EE5D
:102B3000277AC3ED007A3B6F1A1D3A671B68FB6565
:102B40003B6F1A1D3A671B68BB65D7ED0C7A97ED92
:102B5000177A67EE277AC7ED157AD7ED0D7A97EDDC
:102B6000167A67EE277AC7ED147AD7ED0D7A97EDCE
:102B7000177A67EE277AC7ED137AD7ED0C7A97EDBF
:102B8000167A67EE277AC7ED127A7B6F1A1D7A677D
:102B900097ED157AD7ED147A77EE277AC3ED007AA0
:102BA0007B6F1A1D7A6797ED137AD7ED127A77EE5D
:102BB000677AC3ED007AD7ED047A97ED167A67EE5F
:102BC000277AC7ED157AD7ED057A97ED177A67EE74
:102BD000277AC7ED147AD7ED057A97ED167A67EE66
:102BE000277AC7ED137AD7ED047A97ED177A67EE57
:102BF000277AC7ED127ABB6F1A1DBA6797ED157A5F
:102C0000D7ED147A77EE677AC3ED007ABB6F1A1DA1
:102C1000BA6797ED137AD7ED127A77EE277AC3ED7C
:102C2000007AFB6E013BFB66FB6E002B7FF445AE2A
:102C3000BB6E99B27B685A680223786E00F0C8FFB9
:102C4000BB6E99B27B685A680223386E00F0C0FFF1
:102C500000BF8037BD4680BD80B5ACB000AF7860A6
:102C600039607B681B885B089BB2C7F88030D7F857
:102C700080309B003A681344C7F89030D7F8803012
:102C80009B00D7F890201344C7F88C30D7F88030D9
:102C90009B00D7F88C201344C7F888303B68FB674B
:102CA000D7F89030BB67D7F88C307B67D7F888307F
:102CB0003B67D7F89030043BC7F8AC30D7F88C307E
:102CC000043BC7F8A830D7F88830043BC7F8A430D5
:102CD000D7F880309B00D7F8A4201344C7F8A03061
:102CE0007B685B68C7F89430D7F89430C7F89830A1
:102CF000D7F89830C7F89C30D7F880305B08C7F811
:102D000080300223FB660423BB6606237B663B6898
:102D100093ED007AD7F88C30D3ED007A77EE277AEE
:102D2000C7ED187A3B6893ED007AD7F88C30D3ED75
:102D3000007A77EE677AC7ED177A3B68043393ED34
:102D4000007AD7F88C300433D3ED007A77EE277A07
:102D5000C7ED167A3B68043393ED007AD7F88C30D0
:102D60000433D3ED007A77EE677AC7ED157AD7F89A
:102D70009030043393ED007AD7ED177A37EE277A47
:102D8000D7F888300433D3ED007A77EE677AC7ED51
:102D90000B7AD7F89030D3ED007A97ED157A37EEAD
:102DA000677AD7F88830D3ED007A77EE277AC7EDC7
:102DB0000C7AD7F89030D3ED007A97ED187A37EE89
:102DC000677AD7F88830D3ED007A77EE677AC7ED67
:102DD000077AD7F890300433D3ED007A97ED167A5E
:102DE00037EE677AD7F888300433D3ED007A77EE80
:102DF000677AC7ED087AD7F890300433D3ED007ABC
:102E000097ED177A37EE677AD7F888300433D3ED29
:102E1000007A77EE277AC7ED037AD7F8903093EDF2
:102E2000007AD7ED157A37EE277AD7F88830D3EDC8
:102E3000007A77EE677AC7ED047AD7F8903093ED91
:102E4000007AD7ED187A37EE277AD7F88830D3EDA5
:102E5000007A3B681A1D3A6077EE277AC3ED007A54
:102E6000D7F89030043393ED007AD7ED167A37EE29
:102E7000277AD7F888300433D3ED007A3B681A1DDF
:102E80003A6077EE277AC3ED007AD7F890301A1DB2
:102E9000C7F89020FA6A1A60D7F890301A1DC7F860
:102EA00090203A6B1A60D7F88C301A1DC7F88C2026
:102EB000FA691A60D7F88C301A1DC7F88C203A6A64
:102EC0001A60D7F888301A1DC7F88820FA681A6087
:102ED000D7F888301A1DC7F888203A691A60FB6E47
:102EE0009B00D7F89C201344C7F89C30BB6E9B0016
:102EF000D7F898201344C7F898307B6E9B00D7F81A
:102F000094201344C7F89430D7F88030023B5B0814
:102F1000C7F884301CE33B6893ED007AD7F88C3017
:102F2000D3ED007A77EE277AC7ED187A3B6893EDF8
:102F3000007AD7F88C30D3ED007A77EE677AC7ED58
:102F4000177A3B68043393ED007AD7F88C3004335A
:102F5000D3ED007A77EE277AC7ED167A3B68043313
:102F600093ED007AD7F88C300433D3ED007A77EE06
:102F7000677AC7ED157AD7F89030043393ED007A6D
:102F8000D7ED177A37EE277AD7F888300433D3EDA8
:102F9000007A77EE677AC7ED0B7AD7F89030D3EDE9
:102FA000007A97ED157A37EE677AD7F88830D3ED47
:102FB000007A77EE277AC7ED0C7AD7F89030D3ED08
:102FC000007A97ED187A37EE677AD7F88830D3ED24
:102FD000007A77EE677AC7ED077AD7F89030043336
:102FE000D3ED007A97ED167A37EE677AD7F8883006
:102FF0000433D3ED007A77EE677AC7ED087AD7F815
:1030000090300433D3ED007A97ED177A37EE677A74
:10301000D7F888300433D3ED007A77EE277AC7EDFE
:10302000037AD7F8903093ED007AD7ED157A37EE22
:10303000277AD7F88830D3ED007A77EE677AC7ED34
:10304000047AD7F8903093ED007AD7ED187A37EEFE
:10305000277AD7F88830D3ED007A3B681A1D3A609A
:1030600077EE277AC3ED007AD7F89030043393EDEA
:10307000007AD7ED167A37EE277AD7F888300433FE
:10308000D3ED007A3B681A1D3A6077EE277AC3EDDC
:10309000007AD7F8AC30043B93ED007AD7F8A4302F
:1030A000043BD3ED007A77EE277AC7ED167AD7F88E
:1030B000AC30043B93ED007AD7F8A430043BD3ED59
:1030C000007A77EE677AC7ED157AD7F8AC3093EDD2
:1030D000007AD7F8A430D3ED007A77EE277AC7EDDF
:1030E000187AD7F8AC3093ED007AD7F8A430D3ED46
:1030F000007A77EE677AC7ED177AD7F8A83093EDA4
:10310000007AD7F8A030D3ED007A37EE677AD7EDA2
:10311000157A77EE277AC7ED0D7AD7F8AC3093EDB4
:10312000007AD7F8A430D3ED007A37EE677AD7F873
:10313000A830043BD3ED007A37EE677AD7F8A03099
:10314000043BD3ED007A77EE277AC7ED0E7AD7F8F5
:10315000A830043BD3ED007A97ED167A37EE677A04
:10316000D7F8A030043BD3ED007A77EE677AC7ED4D
:10317000097AD7F8A830D3ED007A97ED187A37EEB0
:10318000677AD7F8A030D3ED007A77EE677AC7ED8B
:103190000A7AD7F8A83093ED007AD7F8A030D3EDAB
:1031A000007A37EE677AD7ED157A77EE677AC7ED52
:1031B000057AD7F8A030043B93ED007AD7F8A83011
:1031C000043BD3ED007A37EE677AD7ED177A77EEC6
:1031D000677AC7ED067AD7F8A83093ED007AD7ED75
:1031E000187A37EE277AD7F8A030D3ED007AD7F8DF
:1031F000AC301A1FC7F8AC2077EE277AC3ED007AFF
:10320000D7F8A830043B93ED007AD7ED167A37EE65
:10321000277AD7F8A030043BD3ED007AD7F8AC304A
:103220001A1FC7F8AC2077EE277AC3ED007AD7F8DB
:103230009C301A1DC7F89C201B683B65D7F89C3052
:103240001A1DC7F89C201B68FB64D7ED0B7A97ED1D
:10325000147A67EE277AC7ED127AD7ED0C7A97EDDC
:10326000137A67EE277AC7ED117AD7ED0C7A97EDCE
:10327000147A67EE277AC7ED107AD7ED0B7A97EDBF
:10328000137A67EE277AC7ED0F7AD7F890301A1DB8
:10329000C7F8902097ED127AD7ED117A77EE277A5A
:1032A000C3ED007AD7F890301A1DC7F8902097ED3B
:1032B000107AD7ED0F7A77EE677AC3ED007AD7ED03
:1032C0000E7A97ED137A67EE277AC7ED127AD7ED6B
:1032D0000D7A97ED147A67EE277AC7ED117AD7ED5C
:1032E0000D7A97ED137A67EE277AC7ED107AD7ED4E
:1032F0000E7A97ED147A67EE277AC7ED0F7AD7F832
:10330000A8301A1FC7F8A82097ED127AD7ED117AC6
:1033100077EE677AC3ED007AD7F8A8301A1FC7F89E
:10332000A82097ED107AD7ED0F7A77EE277AC3EDC4
:10333000007AD7F898301B683B65D7F8983004338B
:103340001B68FB64BB6E9B00D7F898201344C7F83A
:103350009830D7ED077A97ED147A67EE277AC7EDA4
:10336000127AD7ED087A97ED137A67EE277AC7EDD0
:10337000117AD7ED087A97ED147A67EE277AC7EDC0
:10338000107AD7ED077A97ED137A67EE277AC7EDB3
:103390000F7AD7F88C301A1DC7F88C2097ED127A67
:1033A000D7ED117A77EE277AC3ED007AD7F88C3013
:1033B0001A1DC7F88C2097ED107AD7ED0F7A77EEAB
:1033C000677AC3ED007AD7ED0A7AF1EE677A97ED66
:1033D000147A67EE277AC7ED127AD7ED097A97ED5E
:1033E000137A67EE277AC7ED117AD7ED097A97ED50
:1033F000147A67EE277AC7ED107AD7ED0A7A97ED3F
:10340000137A67EE277AC7ED0F7AD7F8A4301A1F20
:10341000C7F8A42097ED127AD7ED117A77EE677A84
:10342000C3ED007AD7F8A4301A1FC7F8A42097ED8F
:103430000F7AD7ED107A77EE677AC3ED007AD7F876
:1034400094301B683B65D7F8943004331B68FB64E9
:103450007B6E9B00D7F894201344C7F89430D7EDC7
:10346000037A97ED147A67EE277AC7ED127AD7EDD3
:10347000047A97ED137A67EE277AC7ED117AD7EDC4
:10348000047A97ED147A67EE277AC7ED107AD7EDB4
:10349000037A97ED137A67EE277AC7ED0F7AD7F89C
:1034A00088301A1DC7F8882097ED127AD7ED117A67
:1034B00077EE277AC3ED007AD7F888301A1DC7F85F
:1034C000882097ED107AD7ED0F7A77EE677AC3ED03
:1034D000007AD7ED067A97ED137A67EE277AC7ED73
:1034E000127AD7ED057A97ED147A67EE277AC7ED51
:1034F000117AD7ED057A97ED137A67EE277AC7ED43
:10350000107AD7ED067A97ED147A67EE277AC7ED31
:103510000F7AD7F8A0301A1FC7F8A02097ED127ABB
:10352000D7ED117A77EE677AC3ED007AD7F8A0303D
:103530001A1FC7F8A02097ED107AD7ED0F7A77EE13
:10354000277AC3ED007AD7F88430013BC7F884307E
:10355000D7F88430002B7FF4DEAC3B6893ED007A23
:10356000D7F88C30D3ED007A77EE277AC7ED187A4A
:103570003B6893ED007AD7F88C30D3ED007A77EE84
:10358000677AC7ED177A3B68043393ED007AD7F872
:103590008C300433D3ED007A77EE277AC7ED167AB4
:1035A0003B68043393ED007AD7F88C300433D3EDC5
:1035B000007A77EE677AC7ED157AD7F89030043342
:1035C00093ED007AD7ED177A37EE277AD7F888305F
:1035D0000433D3ED007A77EE677AC7ED0B7AD7F82C
:1035E0009030D3ED007A97ED157A37EE677AD7F8F9
:1035F0008830D3ED007A77EE277AC7ED0C7AD7F8CA
:103600009030D3ED007A97ED187A37EE677AD7F8D5
:103610008830D3ED007A77EE677AC7ED077AD7F86E
:1036200090300433D3ED007A97ED167A37EE677A4F
:10363000D7F888300433D3ED007A77EE677AC7ED98
:10364000087AD7F890300433D3ED007A97ED177AE3
:1036500037EE677AD7F888300433D3ED007A77EE07
:10366000277AC7ED037AD7F8903093ED007AD7ED3B
:10367000157A37EE277AD7F88830D3ED007A77EECF
:10368000677AC7ED047AD7F8903093ED007AD7EDDA
:10369000187A37EE277AD7F88830D3ED007A3B686E
:1036A0001A1D3A6077EE277AC3ED007AD7F890308A
:1036B000043393ED007AD7ED167A37EE277AD7F8F0
:1036C00088300433D3ED007A3B681A1D3A6077EEF8
:1036D000277AC3ED007AD7F89C301B683B65D7F892
:1036E0009C3004331B68FB64D7ED0B7A97ED147A9A
:1036F00067EE277AC7ED127AD7ED0C7A97ED137A39
:1037000067EE277AC7ED117AD7ED0C7A97ED147A28
:1037100067EE277AC7ED107AD7ED0B7A97ED137A1B
:1037200067EE277AC7ED0F7AD7F890301A1DC7F8E1
:10373000902097ED127AD7ED117A77EE277AC3EDC4
:10374000007AD7F890301A1DC7F8902097ED107ABC
:10375000D7ED0F7A77EE677AC3ED007AD7F8983015
:103760001B683B65D7F8983004331B68FB64D7EDC2
:10377000077A97ED147A67EE277AC7ED127AD7EDBC
:10378000087A97ED137A67EE277AC7ED117AD7EDAD
:10379000087A97ED147A67EE277AC7ED107AD7ED9D
:1037A000077A97ED137A67EE277AC7ED0F7AD7F885
:1037B0008C301A1DC7F88C2097ED127AD7ED117A4C
:1037C00077EE277AC3ED007AD7F88C301A1DC7F848
:1037D0008C2097ED107AD7ED0F7A77EE677AC3EDEC
:1037E000007AD7F894301B683B65D7F894300433DF
:1037F0001B68FB64D7ED037A97ED147A67EE277A9E
:10380000C7ED127AD7ED047A97ED137A67EE277A2F
:10381000C7ED117AD7ED047A97ED147A67EE277A1F
:10382000C7ED107AD7ED037A97ED137A67EE277A12
:10383000C7ED0F7AD7F888301A1DC7F8882097EDA2
:10384000127AD7ED117A77EE277AC3ED007AD7F89E
:1038500088301A1DC7F8882097ED107AD7ED0F7AB7
:1038600077EE677AC3ED007AD7F8803099B27B683B
:103870005A680423F86F00F0ABF9D7F8803099B29A
:103880007B685A680423B86F00F0A2F9D7F880303B
:1038900099B27B685A680423786F00F099F9D7F8D9
:1038A000803099B27B685A680423386F00F090F931
:1038B00000BFB037BD4680BD80B588B000AFF860AE
:1038C000B96011461A460B46FB711346BB71FB6883
:1038D0001B887B61FB79012B17D1BB680433BB616B
:1038E0000023FB610DE0BB69D3ED007AF1EE677A4E
:1038F000BB69C3ED007ABB690833BB61FB69013367
:10390000FB61FA697B699A42EDD37B69B3F5805F0D
:1039100040D07B69B3F5805F45D87B69B3F5006F14
:1039200033D07B69B3F5006F3DD87B69B3F5806F09
:1039300026D07B69B3F5806F35D87B69B3F5007FFE
:1039400028D07B69B3F5007F2DD87B69B3F5807FE4
:103950001BD07B69B3F5807F25D87B69802B0FD086
:103960007B69802B1FD87B69402B13D07B69402B50
:1039700019D87B69102B03D07B69202B05D012E06E
:10398000B968F868FEF774FF0DE0B968F868FFF7EA
:1039900063F908E07B6999B2FB685A680123B8684B
:1039A00000F016F900BFBB79002B07D0FB6899899E
:1039B000FB689B681A46B868FEF701FFFB79012B8C
:1039C00030D17B6907EE903AB8EE677AF7EE006A7D
:1039D000C6EE877AC7ED047ABB68BB610023FB6142
:1039E0001CE0BB691A1DBA6193ED007AD7ED047A29
:1039F00067EE277AC3ED007ABB69D3ED007AB1EEAA
:103A0000677AD7ED047A67EE277ABB69C3ED007A4F
:103A1000BB690433BB61FB690133FB61FA697B69F4
:103A20009A42DED300BF2037BD4680BD80B485B04A
:103A300000AF78600B467B800023FB737B687A883D
:103A40001A807B6800225A607B681B88B3F5805F10
:103A50002CD0B3F5805F00F39E80B3F5006F32D0B9
:103A6000B3F5006F00F39780B3F5806F38D0B3F5EE
:103A7000806F00F39080B3F5007F3ED0B3F5007FF8
:103A800000F38980B3F5807F44D0B3F5807F00F3E5
:103A90008280802B4BD0802B7DDC402B54D0402B60
:103AA00079DC102B6AD0202B5BD074E03F4B9A89D5
:103AB0007B689A813D4B9A687B689A603B4B5A6859
:103AC0007B685A606AE03A4B9A897B689A81384BE6
:103AD0009A687B689A60364B5A687B685A605DE0EA
:103AE000344B9A897B689A81324B9A687B689A60DA
:103AF000304B5A687B685A6050E02F4B9A897B683C
:103B00009A812D4B9A687B689A602B4B5A687B6828
:103B10005A6043E0294B9A897B689A81274B9A68BF
:103B20007B689A60254B5A687B685A6036E0244B64
:103B30009A897B689A81224B9A687B689A60204BAD
:103B40005A687B685A6029E01E4B9A897B689A8183
:103B50001C4B9A687B689A601A4B5A687B685A605B
:103B60001CE0194B9A897B689A81174B9A687B688D
:103B70009A60154B5A687B685A600FE0134B9A891C
:103B80007B689A81114B9A687B689A600F4B5A68E0
:103B90007B685A6002E0FF23FB7300BF97F90F3088
:103BA00018461437BD465DF8047B7047109502082F
:103BB00000950208F0940208E0940208D0940208EC
:103BC000C0940208B0940208A094020890940208DD
:103BD00080B4BDB000AFF8607A601A460B467B81B6
:103BE00013463B81094BC7F8DC307B89C7F8E430CA
:103BF000D7F8E430C7F8D830D7F8E430DB08C7F896
:103C0000E4300023C7F8E83002E000BFF304353F9A
:103C1000D7F8E820D7F8E4301344C7F8D430D7F801
:103C2000D420D7F8E4301344C7F8D030D7F8D020E8
:103C3000D7F8E4301344C7F8CC30D7F8CC20D7F805
:103C4000E4301344C7F8C830D7F8C820D7F8E430B8
:103C50001344C7F8C430D7F8C420D7F8E43013446D
:103C6000C7F8C030D7F8C020D7F8E4301344C7F8FD
:103C7000BC30D7F8E830DB00FA68134493ED007AE3
:103C8000D7F8C830DB00FA681344D3ED007A77EE3A
:103C9000277AC7ED2E7AD7F8E830DB00FA681344AC
:103CA00093ED007AD7F8C830DB00FA681344D3EDFF
:103CB000007A77EE677AC7ED2D7AD7F8D430DB003B
:103CC000FA68134493ED007AD7F8C430DB00FA6841
:103CD0001344D3ED007A77EE277AC7ED2C7AD7F824
:103CE000D430DB00FA68134493ED007AD7F8C4307F
:103CF000DB00FA681344D3ED007A77EE677AC7EDFC
:103D00002B7AD7F8D030DB00FA68134493ED007AB1
:103D1000D7F8C030DB00FA681344D3ED007A77EEB1
:103D2000277AC7ED2A7AD7F8D030DB00FA68134437
:103D300093ED007AD7F8C030DB00FA681344D3ED76
:103D4000007A77EE677AC7ED297AD7F8CC30DB00B6
:103D5000FA68134493ED007AD7F8BC30DB00FA68B8
:103D60001344D3ED007A77EE277AC7ED287AD7F897
:103D7000CC30DB00FA68134493ED007AD7F8BC30FE
:103D8000DB00FA681344D3ED007A77EE677AC7ED6B
:103D9000277A97ED2E7AD7ED2A7A77EE677AC7EDF4
:103DA000267A97ED2E7AD7ED2A7A77EE277AC7ED25
:103DB0002E7A97ED2C7AD7ED287A77EE677AC7EDD1
:103DC0002A7A97ED2C7AD7ED287A77EE277AC7ED05
:103DD0002C7AD7F8E830DB00FA68134497ED2E7A96
:103DE000D7ED2C7A77EE277AC3ED007AD7F8C83072
:103DF000DB00FA68134497ED2E7AD7ED2C7A77EE34
:103E0000677AC3ED007AD7F8E830DB000433FA684C
:103E1000134493ED007AD7F8C830DB000433FA6816
:103E20001344D3ED007A77EE277AC7ED2E7AD7F8D0
:103E3000E830DB000433FA68134493ED007AD7F8D6
:103E4000C830DB000433FA681344D3ED007A77EE10
:103E5000677AC7ED257AD7F8D430DB000433FA68E7
:103E6000134493ED007AD7F8C430DB000433FA68CA
:103E70001344D3ED007A77EE277AC7ED2C7AD7F882
:103E8000D430DB000433FA68134493ED007AD7F89A
:103E9000C430DB000433FA681344D3ED007A77EEC4
:103EA000677AC7ED247AD7F8D030DB000433FA689C
:103EB000134493ED007AD7F8C030DB000433FA687E
:103EC0001344D3ED007A77EE277AC7ED237AD7F83B
:103ED000D030DB000433FA68134493ED007AD7F84E
:103EE000C030DB000433FA681344D3ED007A77EE78
:103EF000677AC7ED227AD7F8CC30DB000433FA6852
:103F0000134493ED007AD7F8BC30DB000433FA6831
:103F10001344D3ED007A77EE277AC7ED287AD7F8E5
:103F2000CC30DB000433FA68134493ED007AD7F801
:103F3000BC30DB000433FA681344D3ED007A77EE2B
:103F4000677AC7ED217A97ED2E7AD7ED237A77EE4F
:103F5000677AC7ED207A97ED2E7AD7ED237A77EE40
:103F6000277AC7ED2E7A97ED2C7AD7ED287A77EE5F
:103F7000677AC7ED237A97ED2C7AD7ED287A77EE1A
:103F8000277AC7ED2C7AD7F8E830DB000433FA68DB
:103F9000134497ED2E7AD7ED2C7A77EE277AC3ED7E
:103FA000007AD7F8C830DB000433FA68134497ED81
:103FB0002E7AD7ED2C7A77EE677AC3ED007AD7F8B0
:103FC000D030DB00FA68134497ED267AD7ED237AD8
:103FD00077EE277AC3ED007AD7F8C030DB00FA68B5
:103FE000134497ED267AD7ED237A77EE677AC3EDFF
:103FF000007AD7F8D030DB000433FA68134497ED29
:10400000207AD7ED2A7A77EE677AC3ED007AD7F86F
:10401000C030DB000433FA68134497ED207AD7ED03
:104020002A7A77EE277AC3ED007A97ED2B7AD7EDCF
:10403000277A77EE677A97ED377A67EE277AC7EDBA
:104040002E7A97ED2B7AD7ED277A77EE277A97EDB0
:10405000377A67EE277AC7ED2B7A97ED247AD7ED7A
:10406000217A77EE677A97ED377A67EE277AC7ED90
:104070002C7A97ED247AD7ED217A77EE277A97ED8F
:10408000377A67EE277AC7ED247A97ED2D7AD7ED48
:104090002E7A77EE677AC7ED267A97ED2D7AD7EDEF
:1040A0002E7A77EE277AC7ED2D7A97ED297AD7ED1C
:1040B0002B7A77EE677AC7ED277A97ED297AD7EDD5
:1040C0002B7A77EE277AC7ED297A97ED257AD7ED07
:1040D0002C7A77EE677AC7ED207A97ED257AD7EDBF
:1040E0002C7A77EE277AC7ED257A97ED227AD7EDED
:1040F000247A77EE677AC7ED217A97ED227AD7EDA9
:10410000247A77EE277AC7ED227AD7F8D430DB000D
:10411000FA68134497ED2D7AD7ED227A77EE277A55
:10412000C3ED007AD7F8BC30DB00FA68134497ED92
:104130002D7AD7ED227A77EE677AC3ED007AD7F839
:10414000C430DB00FA68134497ED267AD7ED217A64
:1041500077EE277AC3ED007AD7F8CC30DB00FA6827
:10416000134497ED267AD7ED217A77EE677AC3ED7F
:10417000007AD7F8D430DB000433FA68134497EDA3
:10418000257AD7ED297A77EE677AC3ED007AD7F8EA
:10419000BC30DB000433FA68134497ED257AD7ED81
:1041A000297A77EE277AC3ED007AD7F8C430DB009E
:1041B0000433FA68134497ED207AD7ED277A77EE27
:1041C000677AC3ED007AD7F8CC30DB000433FA68A5
:1041D000134497ED207AD7ED277A77EE277AC3ED4F
:1041E000007AD7F8E820D7F8D8301344C7F8E83079
:1041F0007B89D7F8E8209A42FFF40AADD7F8E4307B
:10420000072B40F2E3840023C7F8EC300123C7F802
:10421000E0303B89D7F8EC201344FB67FB6FC7F80D
:10422000EC30D7F8EC20FB6F1344BB67BA6FFB6F21
:1042300013447B677A6FFB6F13443B673A6FFB6FE6
:104240001344FB66FA6EFB6F1344BB66BA6EFB6FDA
:1042500013447B66D7F8EC30DB007A6813441B68A4
:104260003B66BB6FDB007A6813441B68FB657B6FA2
:10427000DB007A6813441B68BB653B6FDB007A6820
:1042800013441B687B65FB6EDB007A6813441B6874
:104290003B65BB6EDB007A6813441B68FB647B6E76
:1042A000DB007A6813441B68BB64D7F8EC30DB0092
:1042B00004337A6813441B687B64BB6FDB000433F0
:1042C0007A6813441B683B647B6FDB0004337A68B5
:1042D00013441B68FB633B6FDB0004337A681344B1
:1042E0001B68BB63FB6EDB0004337A6813441B68F6
:1042F0007B63BB6EDB0004337A6813441B683B634B
:104300007B6EDB0004337A6813441B68FB62D7F8CA
:10431000E030C7F8E830D7F8E820D7F8E4301344A5
:10432000C7F8D430D7F8D420D7F8E4301344C7F80E
:10433000D030D7F8D020D7F8E4301344C7F8CC30C9
:10434000D7F8CC20D7F8E4301344C7F8C830D7F8F2
:10435000C820D7F8E4301344C7F8C430D7F8C420D5
:10436000D7F8E4301344C7F8C030D7F8C020D7F8E6
:10437000E4301344C7F8BC30D7F8E830DB00FA6803
:10438000134493ED007AD7F8C830DB00FA68134481
:10439000D3ED007A77EE277AC7ED2E7AD7F8E8309A
:1043A000DB00FA68134493ED007AD7F8C830DB00DD
:1043B000FA681344D3ED007A77EE677AC7ED2D7A69
:1043C000D7F8D430DB00FA68134493ED007AD7F8BD
:1043D000C430DB00FA681344D3ED007A77EE277A15
:1043E000C7ED2C7AD7F8D430DB00FA68134493ED8C
:1043F000007AD7F8C430DB00FA681344D3ED007AB2
:1044000077EE677AC7ED2B7AD7F8D030DB00FA6801
:10441000134493ED007AD7F8C030DB00FA681344F8
:10442000D3ED007A77EE277AC7ED2A7AD7F8D03025
:10443000DB00FA68134493ED007AD7F8C030DB0054
:10444000FA681344D3ED007A77EE677AC7ED297ADC
:10445000D7F8CC30DB00FA68134493ED007AD7F834
:10446000BC30DB00FA681344D3ED007A77EE277A8C
:10447000C7ED287AD7F8CC30DB00FA68134493ED07
:10448000007AD7F8BC30DB00FA681344D3ED007A29
:1044900077EE677AC7ED277A97ED2E7AD7ED2A7AED
:1044A00077EE677AC7ED267A97ED2E7AD7ED2A7ADE
:1044B00077EE277AC7ED2E7A97ED2C7AD7ED287A0A
:1044C00077EE677AC7ED2A7A97ED2C7AD7ED287ABE
:1044D00077EE277AC7ED2C7AD7F8E830DB00FA6858
:1044E000134497ED2E7AD7ED2C7A77EE277AC3ED29
:1044F000007A97ED2E7AD7ED2C7A77EE677AC7EDB2
:104500002C7AD7F8E830DB000433FA68134493EDD3
:10451000007AD7F8C830DB000433FA681344D3EDCF
:10452000007A77EE277AC7ED0A7AD7F8E830DB0011
:104530000433FA68134493ED007AD7F8C830DB00EF
:104540000433FA681344D3ED007A77EE677AC7ED47
:10455000257AD7F8D430DB000433FA68134493ED9E
:10456000007AD7F8C430DB000433FA681344D3ED83
:10457000007A77EE277AC7ED097AD7F8D430DB00D6
:104580000433FA68134493ED007AD7F8C430DB00A3
:104590000433FA681344D3ED007A77EE677AC7EDF7
:1045A000247AD7F8D030DB000433FA68134493ED53
:1045B000007AD7F8C030DB000433FA681344D3ED37
:1045C000007A77EE277AC7ED237AD7F8D030DB0070
:1045D0000433FA68134493ED007AD7F8C030DB0057
:1045E0000433FA681344D3ED007A77EE677AC7EDA7
:1045F000227AD7F8CC30DB000433FA68134493ED09
:10460000007AD7F8BC30DB000433FA681344D3EDEA
:10461000007A77EE277AC7ED087AD7F8CC30DB003E
:104620000433FA68134493ED007AD7F8BC30DB000A
:104630000433FA681344D3ED007A77EE677AC7ED56
:10464000217A97ED0A7AD7ED237A77EE677AC7ED6C
:10465000207A97ED0A7AD7ED237A77EE277AC7ED9D
:104660000A7A97ED097AD7ED087A77EE677AC7ED7F
:10467000237A97ED097AD7ED087A77EE277AC7ED96
:10468000097A97ED267AD7ED237A77EE277AC7ED68
:104690002E7A97ED267AD7ED237A77EE677AC7EDF3
:1046A000267AD7F8E830DB000433FA68134497ED34
:1046B0000A7AD7ED097A77EE277AC3ED007A97ED7B
:1046C0000A7AD7ED097A77EE677AC7ED097A97ED1E
:1046D000207AD7ED2A7A77EE677AC7ED0A7A97EDD6
:1046E000207AD7ED2A7A77EE277AC7ED207A97EDF0
:1046F000157AD7ED2C7A67EE277AC7ED077A97ED12
:104700000E7AD7ED097A67EE277AC7ED067A97ED2C
:10471000157AD7ED097A67EE277AC7ED057A97ED16
:104720000E7AD7ED2C7A67EE277AC7ED047AD7F8A0
:10473000C830DB00FA68134497ED077AD7ED067AA4
:1047400077EE277AC3ED007AD7F8C830DB00043360
:10475000FA68134497ED057AD7ED047A77EE677A15
:10476000C3ED007A97ED177AD7ED2E7A67EE277AA8
:10477000C7ED077A97ED107AD7ED0A7A67EE277AB8
:10478000C7ED067A97ED177AD7ED0A7A67EE277AA2
:10479000C7ED057A97ED107AD7ED2E7A67EE277A76
:1047A000C7ED047AD7F8D030DB00FA68134497EDF0
:1047B000077AD7ED067A77EE277AC3ED007AD7F835
:1047C000D030DB000433FA68134497ED057AD7ED57
:1047D000047A77EE677AC3ED007A97ED137AD7ED16
:1047E000267A67EE277AC7ED077A97ED0C7AD7ED30
:1047F000207A67EE277AC7ED067A97ED137AD7ED20
:10480000207A67EE277AC7ED057A97ED0C7AD7ED17
:10481000267A67EE277AC7ED047AD7F8C030DB0036
:10482000FA68134497ED077AD7ED067A77EE277A80
:10483000C3ED007AD7F8C030DB000433FA681344C4
:1048400097ED057AD7ED047A77EE677AC3ED007AB3
:1048500097ED2B7AD7ED277A77EE677A97ED377A4F
:1048600067EE277AC7ED2E7A97ED2B7AD7ED277A68
:1048700077EE277A97ED377A67EE277AC7ED2B7AAE
:1048800097ED247AD7ED217A77EE677A97ED377A2C
:1048900067EE277AC7ED0A7A97ED247AD7ED217A69
:1048A00077EE277A97ED377A67EE277AC7ED247A85
:1048B00097ED2D7AD7ED2E7A77EE677AC7ED267AC7
:1048C00097ED2D7AD7ED2E7A77EE277AC7ED2D7AF0
:1048D00097ED297AD7ED2B7A77EE677AC7ED277AAD
:1048E00097ED297AD7ED2B7A77EE277AC7ED297ADB
:1048F00097ED257AD7ED0A7A77EE677AC7ED207AB9
:1049000097ED257AD7ED0A7A77EE277AC7ED257AE3
:1049100097ED227AD7ED247A77EE677AC7ED217A80
:1049200097ED227AD7ED247A77EE277AC7ED227AAF
:1049300097ED2D7AD7ED227A77EE277AC7ED2E7A8A
:1049400097ED2D7AD7ED227A77EE677AC7ED2D7A3B
:1049500097ED267AD7ED217A77EE277AC7ED2B7A75
:1049600097ED267AD7ED217A77EE677AC7ED267A2A
:1049700097ED257AD7ED297A77EE677AC7ED0A7A2F
:1049800097ED257AD7ED297A77EE277AC7ED257A44
:1049900097ED207AD7ED277A77EE677AC7ED247AFC
:1049A00097ED207AD7ED277A77EE277AC7ED207A30
:1049B00097ED187AD7ED2E7A67EE277AC7ED077A4A
:1049C00097ED117AD7ED0A7A67EE277AC7ED067A66
:1049D00097ED187AD7ED0A7A67EE277AC7ED057A50
:1049E00097ED117AD7ED2E7A67EE277AC7ED047A24
:1049F000D7F8D430DB00FA68134497ED077AD7ED87
:104A0000067A77EE277AC3ED007AD7F8D430DB0048
:104A10000433FA68134497ED057AD7ED047A77EEFC
:104A2000677AC3ED007A97ED127AD7ED2D7A67EEAB
:104A3000277AC7ED077A97ED0B7AD7ED257A67EEDF
:104A4000277AC7ED067A97ED127AD7ED257A67EEC9
:104A5000277AC7ED057A97ED0B7AD7ED2D7A67EEB9
:104A6000277AC7ED047AD7F8BC30DB00FA68134424
:104A700097ED077AD7ED067A77EE277AC3ED007ABD
:104A8000D7F8BC30DB000433FA68134497ED057A9D
:104A9000D7ED047A77EE677AC3ED007A97ED147A52
:104AA000D7ED2B7A67EE277AC7ED077A97ED0D7A67
:104AB000D7ED247A67EE277AC7ED067A97ED147A58
:104AC000D7ED247A67EE277AC7ED057A97ED0D7A50
:104AD000D7ED2B7A67EE277AC7ED047AD7F8C43082
:104AE000DB00FA68134497ED077AD7ED067A77EE84
:104AF000277AC3ED007AD7F8C430DB000433FA68B4
:104B0000134497ED057AD7ED047A77EE677AC3ED13
:104B1000007A97ED167AD7ED267A67EE277AC7EDF9
:104B2000077A97ED0F7AD7ED207A67EE277AC7EDEF
:104B3000067A97ED167AD7ED207A67EE277AC7EDD9
:104B4000057A97ED0F7AD7ED267A67EE277AC7EDCB
:104B5000047AD7F8CC30DB00FA68134497ED077A73
:104B6000D7ED067A77EE277AC3ED007AD7F8CC3006
:104B7000DB000433FA68134497ED057AD7ED047A25
:104B800077EE677AC3ED007AD7F8E820D7F8D83007
:104B90001344C7F8E8307B89D7F8E8209A42FFF43D
:104BA000BAABD7F8E0300133C7F8E030D7F8E020EF
:104BB000D7F8E4309A42FFF42CAB3B89DB003B8111
:104BC000D7F8E430072B3FF613A800E000BF00BF82
:104BD000F437BD465DF8047B704700BF80B495B0E4
:104BE00000AFF860B9607A60FB685B69BB64BB6862
:104BF0007B64BB683B64FB681B88013BFB643B6CCC
:104C00001B68FB633B6C5B68BB637B6C1B687B63F3
:104C10007B6C5B683B63BB6C1A1DBA641B68FB62F0
:104C2000BB6C1A1DBA641B68BB6297ED0F7AD7ED97
:104C30000D7A77EE277AC7ED097A97ED0E7AD7EDE0
:104C40000C7A77EE277AC7ED087A97ED097AD7EDD7
:104C5000087A77EE277A7B681A1D7A60B6EE007ABA
:104C600067EE877AC3ED007A97ED097AD7ED087A77
:104C700077EE677A7B681A1D7A60B6EE007A67EE87
:104C8000877AC3ED007AFB6CDB00BA6813443B649F
:104C90007B6C08337B643B6C5B68BB633B6C1B6861
:104CA000FB637B6C1B687B637B6C5B683B63BB6CEF
:104CB0001A1DBA641B68FB62BB6C1A1DBA641B68C0
:104CC000BB6297ED0F7AD7ED0D7A77EE677AC7ED75
:104CD000097A97ED0E7AD7ED0C7A77EE277AC7ED41
:104CE000087A97ED0B7AD7ED097A67EE277AC7ED48
:104CF000077A97ED0A7AD7ED097A67EE277AC7ED3A
:104D0000067A97ED0B7AD7ED087A67EE277AC7ED2A
:104D1000057A97ED0A7AD7ED087A67EE277AC7ED1C
:104D2000047A97ED0D7AD7ED0F7A37EE277AD7ED23
:104D3000077A37EE277AD7ED047A77EE277A7B6801
:104D40001A1D7A60B6EE007A67EE877AC3ED007AB4
:104D500097ED0C7AD7ED0E7A37EE677AD7ED067AB3
:104D600037EE277AD7ED057A77EE677A7B681A1DDA
:104D70007A60B6EE007A67EE877AC3ED007A7B6CD4
:104D800008337B643B6C083B3B64FB6C013BFB647E
:104D9000FB6C002B3FF77FAF00BF00BF5437BD4611
:104DA0005DF8047B704780B495B000AFF860B960DF
:104DB0007A60FB685B69BB64BB687B64BB683B640F
:104DC000FB681B88013BFB647B6C1B68FB637B6C93
:104DD0005B68BB63BB6C0833BB6497ED0F7AD7EDA0
:104DE0000E7A77EE277A7B681A1D7A60B6EE007A23
:104DF00067EE877AC3ED007A97ED0F7AD7ED0E7ADA
:104E000077EE677A7B681A1D7A60B6EE007A67EEF5
:104E1000877AC3ED007AFB6CDB00BA6813443B640D
:104E20007B6C08337B647CE03B6C5B687B633B6C36
:104E30001B683B637B6C1B68FB637B6C5B68BB63C1
:104E4000BB6C1A1DBA641B68FB62BB6C1A1DBA648A
:104E50001B68BB6297ED0F7AD7ED0C7A77EE677A15
:104E6000C7ED097A97ED0E7AD7ED0D7A77EE277AAE
:104E7000C7ED087A97ED0B7AD7ED097A67EE277AB6
:104E8000C7ED077A97ED0A7AD7ED087A67EE277AA9
:104E9000C7ED067A97ED0A7AD7ED097A67EE277A99
:104EA000C7ED057A97ED0B7AD7ED087A67EE277A8A
:104EB000C7ED047A97ED0F7AD7ED0C7A37EE277AA3
:104EC000D7ED077A37EE677AD7ED067A77EE677A0D
:104ED0007B681A1D7A60B6EE007A67EE877AC3EDBA
:104EE000007A97ED0E7AD7ED0D7A37EE677AD7ED27
:104EF000057A37EE277AD7ED047A77EE677A7B6802
:104F00001A1D7A60B6EE007A67EE877AC3ED007AF2
:104F10007B6C08337B643B6C083B3B64FB6C013B64
:104F2000FB64FB6C002B3FF77FAF00BF00BF543723
:104F3000BD465DF8047B704780B586B000AFF86071
:104F4000B9607A60FB70FB687B61FB78002B0BD04B
:104F50007A68B968F868FFF726FFFA78012379685C
:104F60007869FEF7A9FC0AE0FA780123B968786944
:104F7000FEF7A2FC7A68B968F868FFF72FFE00BF59
:104F80001837BD4680BD000080B584B000AF7860A2
:104F90007B68002B02D14FF0FF3314E07B681021B7
:104FA0001846FEF743FD0346FB7397F90F30002BBD
:104FB00002D097F90F3006E07B6820221A827B68C6
:104FC000034A5A61002318461037BD4680BD00BF12
:104FD0001015020880B584B000AF78607B68002BA4
:104FE00002D14FF0FF3314E07B6820211846FEF712
:104FF0001DFD0346FB7397F90F30002B02D097F984
:105000000F3006E07B6840221A827B68034A5A61AF
:10501000002318461037BD4680BD00BF901502081A
:1050200080B584B000AF78607B68002B02D14FF070
:10503000FF3314E07B6840211846FEF7F7FC034677
:10504000FB7397F90F30002B02D097F90F3006E071
:105050007B6880221A827B68034A5A6100231846C3
:105060001037BD4680BD00BF9016020880B584B0E1
:1050700000AF78607B68002B02D14FF0FF3315E062
:105080007B6880211846FEF7D1FC0346FB7397F935
:105090000F30002B02D097F90F3007E07B684FF4F8
:1050A00080721A827B68034A5A61002318461037BF
:1050B000BD4680BD9018020880B584B000AF78600E
:1050C0007B68002B02D14FF0FF3316E07B684FF472
:1050D00080711846FEF7AAFC0346FB7397F90F3060
:1050E000002B02D097F90F3007E07B684FF4007275
:1050F0001A827B68034A5A61002318461037BD465E
:1051000080BD00BF901C020880B584B000AF7860FD
:105110007B68002B02D14FF0FF3316E07B684FF421
:1051200000711846FEF782FC0346FB7397F90F30B7
:10513000002B02D097F90F3007E07B684FF48062B4
:105140001A827B68034A5A61002318461037BD460D
:1051500080BD00BF9024020880B584B000AF7860A5
:105160007B68002B02D14FF0FF3316E07B684FF4D1
:1051700080611846FEF75AFC0346FB7397F90F301F
:10518000002B02D097F90F3007E07B684FF40062E4
:105190001A827B68034A5A61002318461037BD46BD
:1051A00080BD00BF9034020880B584B000AF786045
:1051B0007B68002B02D14FF0FF3316E07B684FF481
:1051C00000611846FEF732FC0346FB7397F90F3077
:1051D000002B02D097F90F3007E07B684FF4805224
:1051E0001A827B68034A5A61002318461037BD466D
:1051F00080BD00BF9054020880B584B000AF7860D5
:105200000B467B800023FB607B88B3F5805F23D057
:10521000B3F5805F38DCB3F5006F20D0B3F5006FD5
:1052200032DCB3F5806F1DD0B3F5806F2CDCB3F5A5
:10523000007F1AD0B3F5007F26DCB3F5807F17D04E
:10524000B3F5807F20DC802B15D0802B1CDC202B3D
:1052500017D0402B12D017E0134BFB6015E0134B17
:10526000FB6012E0124BFB600FE0124BFB600CE0A6
:10527000114BFB6009E0114BFB6006E0104BFB603B
:1052800003E0104BFB6000E000BFFB68002B02D185
:105290004FF0FF3303E0FB687868984703461846F1
:1052A0001037BD4680BD00BFA95100085951000804
:1052B00009510008B95000086D500008215000083D
:1052C000D54F0008894F000880B500AF00220121AA
:1052D000024802F031F800BF80BD00BF0004024068
:1052E00080B500AF01220121024802F025F800BF7D
:1052F00080BD00BF0004024080B582B000AF78607E
:105300000B467B807A884FF0FF337968034803F0BF
:1053100062FD00BF0837BD4680BD00BF8815002074
:1053200080B582B000AF78600B467B807A884FF002
:10533000FF337968034803F092FE00BF0837BD468B
:1053400080BD00BF8815002080B582B000AF062365
:10535000FB71FFF7B9FFFB1D01211846FFF7CCFFDA
:10536000FFF7BEFF00BF0837BD4680BD80B582B0E5
:1053700000AF0523FB71FFF7A7FFFB1D01211846B6
:10538000FFF7BAFFBB1D01211846FFF7C9FFFFF762
:10539000A7FFBB7903F00103DBB218460837BD460F
:1053A00080BD80B500AF00BFFFF7E0FF0346002BD4
:1053B000FAD100BF00BF80BD80B586B000AFF860F5
:1053C000B9601346FB8003233B75FB681B0CDBB203
:1053D0007B75FB681B0ADBB2BB75FB68DBB2FB7538
:1053E000FFF772FF07F1140304211846FFF784FF4B
:1053F000FB881946B868FFF793FFFFF771FF00BFFE
:105400001837BD4680BD80B584B000AF7860FFF727
:105410009BFF20233B737B681B0CDBB27B737B6899
:105420001B0ADBB2BB737B68DBB2FB73FFF74CFF7D
:1054300007F10C0304211846FFF75EFFFFF750FF4A
:10544000FFF7AFFF00BF1037BD4680BD80B586B007
:1054500000AFF860B9601346FB8039E0FB689BB28F
:10546000DBB2BB82BB8AC3F58073FB82FA8AFB88FE
:105470009A4201D9FB88FB82FFF766FF02233B7447
:10548000FB681B0CDBB27B74FB681B0ADBB2BB74D2
:10549000FB68DBB2FB74FFF717FF07F11003042171
:1054A0001846FFF729FFFB8A1946B868FFF724FF63
:1054B000FFF716FFFFF775FFFB8AFA681344FB60DE
:1054C000FB8ABA681344BB60FA88FB8AD31AFB8054
:1054D000FB88002BC2D100BF00BF1837BD4680BD7E
:1054E00080B483B000AF0346FB804FF0C042FB881E
:1054F000138000BF0C37BD465DF8047B7047000089
:1055000080B483B000AF0346FB80044AFB8813805D
:1055100000BF0C37BD465DF8047B70470000086093
:1055200080B483B000AF03463960FB8002E0074AD5
:10553000FB8813803B685A1E3A60002BF7D100BFEE
:1055400000BF0C37BD465DF8047B70470000086063
:1055500090B583B000AF0446084611461A4623466C
:10556000FB800346BB800B467B8013463B802A2092
:10557000FFF7B6FFFB881B0A9BB21846FFF7C0FF78
:10558000FB88DBB29BB21846FFF7BAFF7B881B0A89
:105590009BB21846FFF7B4FF7B88DBB29BB218467C
:1055A000FFF7AEFF2B20FFF79BFFBB881B0A9BB2C8
:1055B0001846FFF7A5FFBB88DBB29BB21846FFF782
:1055C0009FFF3B881B0A9BB21846FFF799FF3B8859
:1055D000DBB29BB21846FFF793FF2C20FFF780FF4A
:1055E00000BF0C37BD4690BD80B582B000AF03460A
:1055F0000A46FB801346BB80BB88FA88B988F888C6
:10560000FFF7A6FF00BF0837BD4680BD80B582B05A
:1056100000AF0346FB800B46BB8013467B80BA88F5
:10562000FB8811461846FFF7DFFF7B881846FFF717
:1056300067FF00BF0837BD4680BD80B582B000AFB0
:105640000346FB80EF2340F23F1200210020FFF7CA
:105650007FFFFB884FF496311846FFF761FF00BFCC
:105660000837BD4680BD90B583B000AF04460846FC
:1056700011461A462346FB800346BB800B467B80BF
:1056800013463B80FA887B8813449BB2013B9AB255
:10569000BB88B988F888FFF75BFF7A883B8811469A
:1056A0001846FFF73DFF00BF0C37BD4690BD90B5D3
:1056B00083B000AF0446084611461A462346FB80D5
:1056C0000346BB800B467B8013463B80BA887B88B1
:1056D00013449BB2013B9BB2FA88B988F888FFF764
:1056E00037FF7A883B8811461846FFF719FF00BF3D
:1056F0000C37BD4690BD90B583B000AF0446084658
:1057000011461A462346FB800346BB800B467B802E
:1057100013463B80FA887B8813449BB2013B9CB2C2
:10572000BA883B8813449BB2013B9BB2B988F88886
:105730002246FFF70DFF7B883A8802FB03F31A46E7
:105740003B8B11461846FFF7EBFE00BF0C37BD46FA
:1057500090BD90B583B000AF0446084611461A4686
:105760002346FB800346BB800B467B8013463B8071
:105770003B8B7A88B988F888FFF775FFBA883B8831
:10578000134499B23B8B7A88F888FFF76CFF3B8B08
:105790003A88B988F888FFF78AFFFA887B8813442B
:1057A00098B23B8B3A88B988FFF781FF00BF0C376E
:1057B000BD4690BD80B500AF142001F041FA012034
:1057C000FFF78EFE0A2001F03BFA3A20FFF788FE31
:1057D0005520FFF795FE3620FFF782FE2820FFF7C1
:1057E0008FFE1120FFF77CFE782001F029FA292096
:1057F000FFF776FE0020FFF720FF00BF80BD80B5D9
:1058000084B000AF0123FB6015E0FB684FF4967293
:1058100002FB03F3002B00DA0733DB100A333B6093
:105820003B6898B247F6EF33A0222821FFF73FFFED
:10583000FB680133FB60FB68072BE6DD0123BB60DF
:1058400012E0BB685A1C13469B001344DB007B60CC
:105850007B6899B247F6EF334FF496720A20FFF750
:1058600002FFBB680133BB60BB68032BE9DD00BFEF
:1058700000BF1037BD4680BD80B58AB002AF7860EA
:105880003960002300939E234FF4957229210B2049
:10589000FFF731FFFFF7B3FF244B5B687B61002309
:1058A000FB613AE0FB694FF4967203FB02F23B683E
:1058B00092FBF3F30A333B61FB699B007A68134464
:1058C0001B68BB6197ED067AD7ED057AB4EEE77AEF
:1058D000F1EE10FA01DD7B69BB61D7ED066A97ED49
:1058E000057AC6EE877A9FED127A67EE877AFDEE2B
:1058F000E77A17EE903AFB60FB68C3F1C803BB6020
:105900003B6998B2BB6899B2FB689AB24FF4FC63EA
:10591000FFF7CDFEFB690133FB61FA693B689A42F0
:10592000C0DB00BF00BF2037BD4680BD241500206E
:105930000000204380B592B002AFF860B9607A6091
:105940007B807B689BB2013399B200230093442390
:105950004FF495720B20FFF7CEFE0123FB6316E098
:10596000FB6B4FF4967202FB03F3002B00DA073354
:10597000DB100A337B617B6998B27B6899B247F68A
:10598000EF334622FFF793FEFB6B0133FB63FB6BA8
:10599000072BE5DD0123BB6317E0BB6B462202FB4F
:1059A00003F3002B00DA03339B101A467B68134481
:1059B000BB61BB6999B247F6EF334FF496720A2088
:1059C000FFF751FEBB6B0133BB63BB6B032BE4DD05
:1059D0004C4B5B68FB6200237B633BE07B6B4FF4CB
:1059E000967203FB02F2BB6892FBF3F30A337B620D
:1059F0007B6B9B00FA6813441B683B6397ED0C7A42
:105A0000D7ED0B7AB4EEE77AF1EE10FA01DDFB6A1E
:105A10003B63D7ED0C6A97ED0B7AC6EE877A9FED64
:105A20003A7A67EE877AFDEEE77A17EE903A3B62B4
:105A30007B6803F146023B6AD31AFB617B6A98B22A
:105A4000FB6999B23B6A9AB27B88FFF730FE7B6BA9
:105A500001337B637A6BBB689A42BFDB7B6899B288
:105A60004FF6FF73009346234FF496720A20FFF718
:105A700070FE7B684833BB62BB6A99B2234B4FF61A
:105A8000FF7201925A6800921B68214A082000F0B8
:105A9000A0FABB6A99B21D4B4FF6FF7201925A6889
:105AA00000921B681B4A4D2000F093FABB6A99B222
:105AB000164B4FF6FF7201925A6800921B68164A05
:105AC000942000F086FABB6A99B2104B4FF6FF7231
:105AD00001925A6800921B68104ADF2000F079FAA0
:105AE000BB6A99B2094B4FF6FF7201925A68009255
:105AF0001B680B4A4FF48D7000F06BFA00BF403703
:105B0000BD4680BD2415002000008C420800002006
:105B100014BE000818BE00081CBE000820BE000805
:105B200024BE000880B584B002AF0020FFF785FDD9
:105B30002F4B4FF6FF7201925A6800921B682D4A54
:105B40000A210A2000F045FA4FF6FF730093A023C4
:105B50004FF4967228210A20FFF7FBFDFFF74FFE56
:105B6000D0237B607B6899B2214B4FF6FF72019284
:105B70005A6800921B68204A082000F02AFA7B68C5
:105B800099B21B4B4FF6FF7201925A6800921B6844
:105B90001A4A4D2000F01DFA7B6899B2144B4FF65B
:105BA000FF7201925A6800921B68154A942000F017
:105BB00010FA7B6899B20E4B4FF6FF7201925A6849
:105BC00000921B680F4ADF2000F003FA7B6899B24D
:105BD000074B4FF6FF7201925A6800921B680A4AFF
:105BE0004FF48D7000F0F5F900BF0837BD4680BD59
:105BF000080000202CBE000814BE000818BE0008D3
:105C00001CBE000820BE000824BE000890B595B058
:105C100002AF034687ED010AFB810B46BB811346A9
:105C20007B81002300931423D62200210020FFF75C
:105C300062FDB7F90E20B7F90C10B7F90A30D7EDAD
:105C4000017AFDEEE77A17EE904A07F1140001940D
:105C500000930B460A4905F0FBFB0A4B07F11401C0
:105C60004FF6FF7201925A6800921B680A460A2199
:105C70000A2000F0AEF900BF4C37BD4690BD00BF12
:105C800040BE00080800002080B586B002AF7860F2
:105C9000154B1B687A689A4221D0134A7B681360BF
:105CA00000230093142346220021FA20FFF723FD4E
:105CB00007F108037A680D49184605F0C9FB0C4B3B
:105CC00007F108014FF6E07201925A6800921B68D2
:105CD0000A460A214FF4827000F07BF900E000BF11
:105CE0001037BD4680BD00BF2400002058BE00080C
:105CF0000800002080B582B002AF00230093142377
:105D00004FF4A07200210020FFF7F5FC00BFBD4654
:105D100080BD000090B58DB002AF78607A68134600
:105D20009B0013445B001A462D4B1B7A92FBF3F346
:105D30007B627B6A0A2B01DD0A237B62D723FB612E
:105D40000923BB6164237B610A233B617B69254A8C
:105D500082FB03129210DB17D31AFB60224B1B68E5
:105D6000B3F1FF3F0CD1FB6998B2BB6999B27B6973
:105D70009AB23B699BB244F208240094FFF7E9FC15
:105D8000194B1B687A6A9A4226D0174B1B683B62F4
:105D90001BE03B6A002B15DB3B6A9AB2FB689BB2A7
:105DA00012FB03F39AB2FB699BB2134498B2BB692E
:105DB00099B2FB689AB23B699BB24FF4FC640094C1
:105DC000FFF799FC3B6A01333B623A6A7B6A9A426D
:105DD000DFDB054A7B6A136000BF2C37BD4690BDF0
:105DE00024150020676666662000002080B400AF9E
:105DF000044B4FF0FF321A6000BFBD465DF8047BD4
:105E0000704700BF2000002080B58EB002AF03466F
:105E100087ED000AFB71002300931423DC2200218C
:105E20000020FFF768FCFB795A1CD7ED007AFDEEE5
:105E3000E77A07F1080017EE903A0A4905F008FBE7
:105E4000094B07F108014FF6FF7201925A68009260
:105E50001B680A460A210A2000F0BBF800BF303751
:105E6000BD4680BD5CBE00080800002080B586B03D
:105E700002AF78600023009314234FF4A072DC215A
:105E80000020FFF738FC7B68002B02D14FF4FC6345
:105E900001E044F20823FB817B68012B02D14FF61D
:105EA000E07301E044F20823BB817B68022B02D13E
:105EB0004FF4784301E044F208237B81124BFA89C6
:105EC00001925A6800921B68104AE421052000F0F4
:105ED00080F80D4BBA8901925A6800921B680C4AEF
:105EE000E4216E2000F075F8074B7A8901925A6818
:105EF00000921B68074AE421E62000F06AF800BF20
:105F00001037BD4680BD00BF0800002070BE0008ED
:105F100078BE000880BE000880B500AF0020FFF703
:105F20008CFB00BF80BD82B080B586B000AF7B62C5
:105F30000346FB800B46BB801346FB70FB781F2B90
:105F400040D9FB787E2B3DD8FB78203B97F8252065
:105F500002FB03F3FB6000237B612CE0BA6AF96863
:105F60007B690B445B0013441B88BB6000233B61CF
:105F700018E0BA683B6902FA03F303F40043002B0C
:105F80000DD03B699AB2FB88134498B27B699AB2F0
:105F9000BB8813449BB2BA8D1946FFF737FB3B69A8
:105FA00001333B6197F824301A463B699342E0D3B2
:105FB0007B6901337B6197F825301A467B699342F0
:105FC000CCD300E000BF1837BD46BDE8804002B02A
:105FD000704782B080B586B002AF3A60FB6103467D
:105FE000FB800B46BB80FB88FB8133E03B681B7862
:105FF0000A2B0AD1FB89FB807B7F1A46BB8813449E
:10600000BB803B6801333B6024E0FB883A7F13444C
:10601000B3F5A07F06DDFB89FB807B7F1A46BB883A
:106020001344BB80BB887A7F1344F02B17DC3B689A
:106030001A78B988F888BB8C01933B6A0093FB6996
:10604000FFF771FF3B7F1A46FB881344FB803B68D8
:1060500001333B603B681B78002BC7D100E000BFD9
:1060600000BF1037BD46BDE8804002B07047000059
:10607000B0B58CB002AF0346FB710020FFF7DDFA2C
:10608000504B40F2FF7201925A6800921B684E4AD0
:1060900014212820FFF79DFF4A4B40F2FF72019226
:1060A0005A6800921B68494A28212820FFF791FF6F
:1060B00048F210434FF48C7241211420FFF7D3FAB9
:1060C000434B07F10C041D460FCD0FC42B68236012
:1060D00000237B624EE07B6A9BB21A469200134417
:1060E0001A4691001A460B4613449BB255337B84E3
:1060F000FB797A6A9A4228D1324B798C4FF6E0725A
:1061000001925A6800921B68324A1E20FFF761FF15
:106110007B6A9B0028333B4453F81C0C294B798C39
:106120004FF6E07201925A6800921B6802463220D4
:10613000FFF74FFF7B8C143399B244F208234FF4DE
:106140008C721420FFF78FFA11E07B6A9B002833D2
:106150003B4453F81C0C1B4B798C4FF6FF72019299
:106160005A6800921B6802463220FFF732FF7B6AB2
:1061700001337B627B6A042BADDD48F210434FF4A0
:106180008C72D2211420FFF76EFA134B4FF4FC628D
:1061900001925A6800921B68104ADC211420FFF714
:1061A00018FF0D4B4FF4FC6201925A6800921B6875
:1061B0000B4ADC21B420FFF70CFF00BF2837BD4697
:1061C000B0BD00BF1000002088BE000894BE0008CB
:1061D000F4BE0008A0BE000808000020A4BE00080D
:1061E000B4BE000880B58AB002AF03463960FB71C7
:1061F0000020FFF722FA474B4FF4FC6201925A68E5
:1062000000921B68444A0A214620FFF7E2FE44F24E
:106210000823F02228210020FFF725FA0023FB6144
:1062200045E0FA691346DB009B1A5B003233BB6121
:10623000FB695A1C07F10C033849184605F008F9A8
:10624000FB79FA699A420AD1BB699BB2023B99B2C7
:10625000112300930E23F0220020FFF74CFAFB6974
:106260003A6813441B78002B0FD0BB6999B22C4BB2
:1062700007F10C004FF6FF7201925A6800921B68FA
:1062800002460A20FFF7A5FE0EE0BB6999B2244B37
:1062900007F10C0044F2082201925A6800921B6830
:1062A00002460A20FFF795FEFB690133FB61FB699B
:1062B000092BB6DD44F20823F022C8210020FFF7A5
:1062C000D2F9174B4FF4FC6201925A6800921B6896
:1062D000144AD2210A20FFF77CFE114B4FF4FC62D6
:1062E00001925A6800921B680F4ADC210A20FFF7CE
:1062F00070FE0B4B4FF4FC6201925A6800921B68CF
:106300000A4ADC217820FFF764FE00BF2037BD4633
:1063100080BD00BF1800002008BF000814BF00089F
:1063200008000020A4BE0008B4BE00081CBF00087E
:1063300080B58AB002AF03463960FB710020FFF7D9
:106340007CF9524B40F2FF7201925A6800921B682E
:106350004F4A0A214620FFF73CFE44F20823F02270
:1063600028210020FFF77FF90023FB615CE0FA6938
:106370001346DB009B1A5B003233BB61FB695A1C7E
:1063800007F108034349184605F062F8FB79FA69FA
:106390009A420AD1BB699BB2013B99B21123009387
:1063A0000C23F0220020FFF7A6F9FB79FA699A4244
:1063B0000CD1BB6999B2384B4FF6E07201925A6822
:1063C00000921B68354A0A20FFF703FEFB79FA6941
:1063D0009A4202D14FF6E07301E04FF6FF73FB8261
:1063E000BB6999B22C4B07F10800FA8A01925A68EE
:1063F00000921B6802461920FFF7EBFDFB693A6823
:1064000013441B78002B0CD0BB6999B2224B4FF47C
:10641000FC6201925A6800921B68214A6420FFF7CF
:10642000D8FDFB690133FB61FB69092B9FDD44F259
:106430000823F022C8210020FFF715F9164B4FF46E
:10644000FC6201925A6800921B68164AD2210A2007
:10645000FFF7BFFD104B4FF4FC6201925A680092A7
:106460001B68114ADC210A20FFF7B3FD0A4B4FF4E9
:10647000FC6201925A6800921B680C4ADC21782069
:10648000FFF7A7FD00BF2037BD4680BD18000020E4
:1064900028BF000834BF000808000020A0BE000884
:1064A0003CBF0008A4BE000840BF00081CBF000895
:1064B00080B58AB002AF03463960FB710020FFF758
:1064C000BCF84D4B4FF4FC6201925A6800921B6875
:1064D0004A4A0A214620FFF77CFD44F20823F022B5
:1064E00028210020FFF7BFF80023FB6145E0FA698F
:1064F0001346DB009B1A5B003233BB61FB695A1CFD
:1065000007F10C033E49184604F0A2FFFB79FA6933
:106510009A420AD1BB699BB2023B99B21123009304
:106520000E23F0220020FFF7E6F8FB693A681344D7
:106530001B78002B0FD0BB6999B2324B07F10C00CE
:106540004FF6FF7201925A6800921B6802460A20B9
:10655000FFF73FFD0EE0BB6999B22A4B07F10C0033
:1065600044F2082201925A6800921B6802460A20EF
:10657000FFF72FFDFB690133FB61FB69092BB6DDDA
:1065800044F20823F022C8210020FFF76CF81D4BCD
:106590004FF4FC6201925A6800921B681A4AD22199
:1065A0000A20FFF716FD174B4FF4FC6201925A6860
:1065B00000921B68154ADC210A20FFF70AFD114BE7
:1065C0004FF4FC6201925A6800921B68104AD22173
:1065D0007820FFF7FEFC0B4B4FF4784201925A688B
:1065E00000921B680B4ADC217820FFF7F2FC00BF09
:1065F0002037BD4680BD00BF18000020D4BE000873
:1066000014BF000808000020A4BE00084CBF00080A
:106610001CBF000858BF000880B58AB002AF03460F
:10662000FB71002300936423A02250212820FFF750
:1066300062F84FF6FF7300936423A02250212820B4
:10664000FFF787F81E4B4FF4784201925A68009288
:106650001B681C4A5A214B20FFF7BBFCFB795A1CD4
:1066600007F10C031849184604F0F2FE144B07F129
:106670000C014FF6FF7201925A6800921B680A469D
:106680006E214B20FFF7A5FC0D4B4FF4FC620192ED
:106690005A6800921B680D4A8C213C20FFF799FC38
:1066A000074B4FF4FC6201925A6800921B68084A3B
:1066B0009B213C20FFF78DFC00BF2037BD4680BDED
:1066C000080000206CBF000874BF00087CBF0008F1
:1066D00088BF000880B58EB002AF0346FB71002072
:1066E000FEF7ABFF6A4B40F2FF7201925A680092CC
:1066F0001B68684A14213C20FFF76BFC48F21043EA
:106700004FF48C723C211420FEF7ADFF624A07F172
:106710001C0307CA83E807000023FB6283E0FA6AD0
:1067200013461B019B1A5B005A33BB62FB6A002BAA
:106730000DD15A4BD3ED017AFDEEE77A07F108034C
:1067400017EE902A5649184604F082FE2DE0FB6AA7
:10675000012B09D1514B1B7A1A4607F10803514905
:10676000184604F075FE20E0FB6A022B11D14B4B5A
:106770005B7A002B06D007F108034B49184604F05A
:1067800067FE12E007F108034849184604F060FE6E
:106790000BE0FB6A9B0030333B4453F8142C07F1A9
:1067A00008034349184604F053FEFB79FA6A9A42FB
:1067B00027D1BB6A99B23F4B4FF6E07201925A68FB
:1067C00000921B683C4A1E20FFF703FCBB6A99B28B
:1067D000384B07F108004FF6E07201925A680092B8
:1067E0001B6802463220FFF7F4FBBB6A9BB21633EC
:1067F00099B244F208234FF48C721420FEF733FF51
:106800000EE0BB6A99B22B4B07F108004FF6FF72FE
:1068100001925A6800921B6802463220FFF7D9FBAA
:10682000FB6A0133FB62FB6A022B7FF778AF48F209
:1068300010434FF48C72D2211420FEF714FF1F4B2B
:106840004FF4FC6201925A6800921B681C4AD221E4
:106850000A20FFF7BEFB194B4FF4FC6201925A6805
:1068600000921B68174ADC210A20FFF7B2FB134B8A
:106870004FF4FC6201925A6800921B68124ADC21B4
:106880007820FFF7A6FB00BF3037BD4680BD00BFB4
:1068900018000020E0BE0008FCBF000824150020FE
:1068A00094BF0008A4BF0008B4BF0008C0BF000820
:1068B000CCBF000810000020A0BE00080800002087
:1068C000A4BE0008D0BF00081CBF000880B582B07D
:1068D00002AF1F2300930A230A221A210A20FEF77F
:1068E0000AFF124B4FF6FF7201925A6800921B6822
:1068F0000F4A1A211920FFF76CFB4FF4FC63009339
:106900000A230A221A216420FEF7F5FE074B4FF6F0
:10691000FF7201925A6800921B68064A1A2173207E
:10692000FFF757FB00BFBD4680BD00BF0800002039
:1069300008C0000810C0000880B582B002AF002077
:10694000FEF77BFE214B40F2FF7201925A680092E3
:106950001B681F4A14213C20FFF73BFB48F2104301
:106960004FF48C723C211420FEF77DFE194B4FF63C
:10697000FF7201925A6800921B68174A78212820FA
:10698000FFF727FB154B44F2082201925A68009248
:106990001B68134AB4211E20FFF71BFB48F210436B
:1069A0004FF48C72D2211420FEF75DFE0B4B4FF496
:1069B000FC6201925A6800921B680A4ADC21282076
:1069C000FFF707FB00BFBD4680BD00BF18000020D9
:1069D000ECBE00081000002018C0000808000020CD
:1069E0002CC000084CC0000880B584B002AF03463C
:1069F000FB710023009328234FF4A0726E21002026
:106A0000FEF779FEFB79022B20D0022B2BDC002B2A
:106A100002D0012B0DD026E0154B4FF6FF720192EC
:106A20005A6800921B68134A78211E20FFF7D1FA9A
:106A300019E00F4B4FF4FC6201925A6800921B68F8
:106A40000D4A78212820FFF7C4FA0CE0084B4FF6D6
:106A5000E07201925A6800921B68084A78213C2033
:106A6000FFF7B7FA00BF00BF0837BD4680BD00BFC3
:106A70001000002018C0000858C0000868C00008B6
:106A800080B58EB002AF0346FB7100F0CDF8F8621E
:106A90002C4B1B68FA6AD31AB3F57A7F4ED3294A76
:106AA000FB6A1360284B1B780133DAB2264B1A704D
:106AB000254B1B78032B02D9234B00221A7000238D
:106AC000009328234FF4A0726E210020FEF713FEDE
:106AD000FB79002B17D11C4B1B781A4607F10C00D1
:106AE0001A4B1B4904F0B4FC1A4B07F10C014FF68A
:106AF000FF7201925A6800921B680A4678211E2094
:106B0000FFF767FA1BE0FB79022B18D10E4B1B78BD
:106B10001A4607F10C000D4B0F4904F099FC0D4B80
:106B200007F10C014FF6E07201925A6800921B685F
:106B30000A4678213C20FFF74CFA00E000BF3037CE
:106B4000BD4680BDE4160020E816002078C000088D
:106B50007CC000081000002090C0000880B500AF85
:106B60000E4B1B680D4A43F4007313600B4B1B68FC
:106B70000A4A43F480631360084B1B68074A43F4D6
:106B800080731360032000F04FF90F2000F008F825
:106B9000FBF770FA0023184680BD00BF003C02409E
:106BA00080B582B000AF7860124B1A68124B1B7828
:106BB00019464FF47A73B3FBF1F3B2FBF3F31846C3
:106BC00000F067F90346002B01D001230EE07B683B
:106BD0000F2B0AD8002279684FF0FF3000F02FF910
:106BE000064A7B681360002300E00123184608373B
:106BF000BD4680BD040000202C000020280000209D
:106C000080B400AF064B1B781A46064B1B68134432
:106C1000044A136000BFBD465DF8047B704700BFA7
:106C20002C000020EC16002080B400AF034B1B6842
:106C30001846BD465DF8047B704700BFEC16002087
:106C400080B584B000AF7860FFF7EEFFB8607B6876
:106C5000FB60FB68B3F1FF3F05D00A4B1B781A4677
:106C6000FB681344FB6000BFFFF7DEFF0246BB6812
:106C7000D31AFA689A42F7D800BF00BF1037BD4652
:106C800080BD00BF2C00002080B485B000AF7860CC
:106C90007B6803F00703FB600C4BDB68BB60BA68E2
:106CA0004FF6FF031340BB60FB681A02BB68134337
:106CB00043F0BF6343F40033BB60044ABB68D36056
:106CC00000BF1437BD465DF8047B704700ED00E05F
:106CD00080B400AF044BDB681B0A03F007031846BF
:106CE000BD465DF8047B704700ED00E080B483B0E2
:106CF00000AF0346FB7197F90730002B0BDBFB79E4
:106D000003F01F02074997F907305B09012000FAD9
:106D100002F241F8232000BF0C37BD465DF8047B2A
:106D2000704700BF00E100E080B483B000AF0346CD
:106D30003960FB7197F90730002B0ADB3B68DAB248
:106D40000C4997F907301201D2B20B4483F80023A3
:106D50000AE03B68DAB20849FB7903F00F03043B11
:106D60001201D2B20B441A7600BF0C37BD465DF853
:106D7000047B704700E100E000ED00E080B489B0E2
:106D800000AFF860B9607A60FB6803F00703FB614D
:106D9000FB69C3F10703042B28BF0423BB61FB6914
:106DA0000433062B02D9FB69033B00E000237B611F
:106DB0004FF0FF32BB6902FA03F3DA43BB681A40B3
:106DC0007B699A404FF0FF317B6901FA03F3D943A5
:106DD0007B680B40134318462437BD465DF8047B9F
:106DE0007047000080B582B000AF78607B68013BDF
:106DF000B3F1807F01D301230FE00A4A7B68013B96
:106E000053600F214FF0FF30FFF78EFF054B00223C
:106E10009A60044B07221A60002318460837BD46C3
:106E200080BD00BF10E000E080B582B000AF7860A8
:106E30007868FFF729FF00BF0837BD4680BD80B5E1
:106E400086B000AF0346B9607A60FB7300237B61B4
:106E5000FFF73EFF78617A68B9687869FFF78EFFBF
:106E6000024697F90F3011461846FFF75DFF00BF45
:106E70001837BD4680BD80B582B000AF0346FB71B8
:106E800097F907301846FFF731FF00BF0837BD46B6
:106E900080BD80B582B000AF78607868FFF7A2FF50
:106EA000034618460837BD4680BD80B584B000AFA4
:106EB00078607B689B6DFB60FFF7B6FEB8607B680F
:106EC00093F83530DBB2022B08D07B6880225A65FC
:106ED0007B68002283F83420012352E07B681B6822
:106EE0001A687B681B6822F016021A607B681B68B0
:106EF0005A697B681B6822F080025A617B681B6CB0
:106F0000002B03D17B689B6C002B07D07B681B6830
:106F10001A687B681B6822F008021A607B681B688D
:106F20001A687B681B6822F001021A6013E0FFF701
:106F30007BFE0246BB68D31A052B0CD97B68202246
:106F40005A657B68032283F835207B68002283F82A
:106F50003420032315E07B681B681B6803F00103E2
:106F6000002BE4D17B68DB6D3F229A40FB689A607E
:106F70007B68012283F835207B68002283F8342067
:106F8000002318461037BD4680BD80B483B000AFE3
:106F900078607B6893F83530DBB2022B04D07B68D5
:106FA00080225A6501230CE07B68052283F8352096
:106FB0007B681B681A687B681B6822F001021A60F4
:106FC000002318460C37BD465DF8047B704700006F
:106FD00080B489B000AF7860396000237B61002302
:106FE0003B610023BB610023FB616BE10122FB6974
:106FF00002FA03F37B613B681B687A6913403B61CB
:107000003A697B699A4240F05A813B685B6803F0B9
:107010000303012B05D03B685B6803F00303022BDD
:1070200030D17B689B68BB61FB695B00032202FA7D
:1070300003F3DB43BA691340BB613B68DA68FB6961
:107040005B0002FA03F3BA691343BB617B68BA6958
:107050009A607B685B68BB610122FB6902FA03F3FB
:10706000DB43BA691340BB613B685B681B0903F0F3
:107070000102FB6902FA03F3BA691343BB617B683F
:10708000BA695A603B685B6803F00303032B17D0AF
:107090007B68DB68BB61FB695B00032202FA03F3D8
:1070A000DB43BA691340BB613B689A68FB695B00CC
:1070B00002FA03F3BA691343BB617B68BA69DA6009
:1070C0003B685B6803F00303022B23D1FB69DA08FA
:1070D0007B68083253F82230BB61FB6903F0070379
:1070E0009B000F2202FA03F3DB43BA691340BB6132
:1070F0003B681A69FB6903F007039B0002FA03F37C
:10710000BA691343BB61FB69DA087B680832B96965
:1071100043F822107B681B68BB61FB695B0003229C
:1071200002FA03F3DB43BA691340BB613B685B6857
:1071300003F00302FB695B0002FA03F3BA6913432D
:10714000BB617B68BA691A603B685B6803F44033D3
:10715000002B00F0B4800023FB60604B5B6C5F4A47
:1071600043F4804353645D4B5B6C03F48043FB60EA
:10717000FB685B4AFB699B08023352F82330BB6112
:10718000FB6903F003039B000F2202FA03F3DB43C6
:10719000BA691340BB617B68524A93422BD07B682B
:1071A000514A934225D07B68504A93421FD07B6856
:1071B0004F4A934219D07B684E4A934213D07B6862
:1071C0004D4A93420DD07B684C4A934207D07B686E
:1071D0004B4A934201D107230EE008230CE006231B
:1071E0000AE0052308E0042306E0032304E0022369
:1071F00002E0012300E00023FA6902F0030292009A
:107200009340BA691343BB613549FB699B0802335C
:10721000BA6941F823203B4B9B68BB613B69DB4368
:10722000BA691340BB613B685B6803F48013002BB1
:1072300003D0BA693B691343BB61324ABB699360AF
:10724000304BDB68BB613B69DB43BA691340BB6110
:107250003B685B6803F40013002B03D0BA693B69F9
:107260001343BB61274ABB69D360264B5B68BB6194
:107270003B69DB43BA691340BB613B685B6803F45D
:107280000033002B03D0BA693B691343BB611D4A2D
:10729000BB6953601B4B1B68BB613B69DB43BA692D
:1072A0001340BB613B685B6803F48033002B03D061
:1072B000BA693B691343BB61124ABB691360FB693E
:1072C0000133FB61FB690F2B7FF690AE00BF00BF5F
:1072D0002437BD465DF8047B704700BF003802408C
:1072E0000038014000000240000402400008024053
:1072F000000C02400010024000140240001802403E
:10730000001C0240003C014080B485B000AF7860B2
:107310000B467B807B681A697B881340002B02D068
:107320000123FB7301E00023FB73FB7B184614373A
:10733000BD465DF8047B704780B483B000AF7860D1
:107340000B467B8013467B707B78002B03D07A88BA
:107350007B689A6103E07B881A047B689A6100BFAE
:107360000C37BD465DF8047B7047000080B584B0E3
:1073700000AF78607B68002B01D101232BE17B6893
:1073800093F83D30DBB2002B06D17B68002283F8F6
:107390003C207868FAF796FE7B68242283F83D202B
:1073A0007B681B681A687B681B6822F001021A6000
:1073B0007B681B681A687B681B6842F400421A608D
:1073C0007B681B681A687B681B6822F400421A609D
:1073D00001F050FCF8607B685B68814A934207D8F3
:1073E000FB68804A934294BF01230023DBB206E08E
:1073F000FB687D4A934294BF01230023DBB2002B3C
:1074000001D00123E7E0FB68784AA2FB03239B0C31
:10741000BB607B681B685B6823F03F017B681B686F
:10742000BA680A435A607B681B681B6A23F03F01F5
:107430007B685B686A4A934202D8BB68013309E003
:10744000BB684FF4967202FB03F3694AA2FB032365
:107450009B0901337A6812680B4313627B681B68CF
:10746000DB6923F44F4222F0FF027B685B685C49D2
:107470008B4219D8FB68591E7B685B685B00B1FBC7
:10748000F3F3591C40F6FC730B40002B0AD0FB6849
:10749000591E7B685B685B00B1FBF3F30133C3F3F8
:1074A0000B0351E004234FE07B689B68002B11D154
:1074B000FB68581E7B6859680B465B000B44B0FBA9
:1074C000F3F30133C3F30B03002B0CBF01230023A1
:1074D000DBB212E0FB68581E7B6859680B469B00C4
:1074E0000B4499000B44B0FBF3F30133C3F30B03DC
:1074F000002B0CBF01230023DBB2002B01D00123A2
:1075000022E07B689B68002B0ED1FB68581E7B68CD
:1075100059680B465B000B44B0FBF3F30133C3F334
:107520000B0343F400430FE0FB68581E7B68596867
:107530000B469B000B4499000B44B0FBF3F3013363
:10754000C3F30B0343F44043796809681343CB61E9
:107550007B681B681B6823F0C0017B68DA697B6865
:107560001B6A1A437B681B680A431A607B681B68A6
:107570009B6823F4034323F0FF037A6811697A6858
:10758000D26811437A6812680B4393607B681B686A
:10759000DB6823F0FF017B685A697B689B691A43AB
:1075A0007B681B680A43DA607B681B681A687B6823
:1075B0001B6842F001021A607B6800221A647B6833
:1075C000202283F83D207B6800221A637B6800221A
:1075D00083F83E20002318461037BD4680BD00BF0B
:1075E000A08601007F841E00FF083D0083DE1B4350
:1075F000D34D621080B588B002AFF8607A601A4649
:107600000B467B8113463B81FFF70EFB7861FB68DD
:1076100093F83D30DBB2202B40F0E0807B69009393
:10762000192301227049F86800F07EFC0346002B04
:1076300001D00223D3E0FB6893F83C30012B01D149
:107640000223CCE0FB68012283F83C20FB681B6826
:107650001B6803F00103012B07D0FB681B681A6845
:10766000FB681B6842F001021A60FB681B681A681D
:10767000FB681B6822F400621A60FB68212283F811
:107680003D20FB68102283F83E20FB6800221A642C
:10769000FB687A685A62FB683A895A85FB685B8D99
:1076A0009AB2FB681A85FB68504ADA6279897B696D
:1076B0003A6AF86800F0CEFA0346002B01D00123A5
:1076C0008DE000233B61FB681B685B693B61FB68E5
:1076D0001B689B693B613B6966E07A69396AF868B7
:1076E00000F03CFD0346002B0DD0FB681B6C042B07
:1076F00007D1FB681B681A68FB681B6842F40072BC
:107700001A6001236BE0FB685B6A1A78FB681B68F0
:107710001A61FB685B6A5A1CFB685A62FB685B8DE6
:107720009BB2013B9AB2FB685A85FB681B8D013BFB
:107730009AB2FB681A85FB681B685B6903F0040357
:10774000042B1BD1FB681B8D002B17D0FB685B6AD9
:107750001A78FB681B681A61FB685B6A5A1CFB6835
:107760005A62FB685B8D9BB2013B9AB2FB685A85FB
:10777000FB681B8D013B9AB2FB681A857A69396AEE
:10778000F86800F033FD0346002B0DD0FB681B6C3E
:10779000042B07D1FB681B681A68FB681B6842F45E
:1077A00000721A6001231AE0FB681B8D002B94D134
:1077B000FB681B681A68FB681B6842F400721A6059
:1077C000FB68202283F83D20FB68002283F83E20DE
:1077D000FB68002283F83C20002300E002231846C7
:1077E0001837BD4680BD00BF020010000000FFFF3B
:1077F00080B58CB002AFF860084611461A460346C1
:107800007B810B463B811346FB80FFF70DFA7862C4
:10781000FB6893F83D30DBB2202B40F014827B6A8A
:107820000093192301227B49F86800F07DFB034691
:10783000002B01D0022307E2FB6893F83C30012BB8
:1078400001D1022300E2FB68012283F83C20FB689F
:107850001B681B6803F00103012B07D0FB681B6842
:107860001A68FB681B6842F001021A60FB681B681B
:107870001A68FB681B6822F400621A60FB68222207
:1078800083F83D20FB68402283F83E20FB680022FD
:107890001A64FB683A6B5A62FB68BA8E5A85FB68B9
:1078A0005B8D9AB2FB681A85FB685B4ADA62F888DE
:1078B0003A8979897B6A0193BB6B00930346F86828
:1078C00000F04AFA0346002B01D00123BCE1FB681B
:1078D0001B8D002B13D100233B62FB681B685B6987
:1078E0003B62FB681B689B693B623B6AFB681B68E9
:1078F0001A68FB681B6842F400721A6090E1FB682A
:107900001B8D012B1BD1FB681B681A68FB681B6869
:1079100022F480621A600023FB61FB681B685B69CC
:10792000FB61FB681B689B69FB61FB69FB681B686B
:107930001A68FB681B6842F400721A6070E1FB6809
:107940001B8D022B1BD1FB681B681A68FB681B6828
:1079500022F480621A60FB681B681A68FB681B6867
:1079600042F400621A600023BB61FB681B685B691C
:10797000BB61FB681B689B69BB61BB6950E100236D
:107980007B61FB681B685B697B61FB681B689B69AB
:107990007B617B6944E1FB681B8D032B00F2F18066
:1079A000FB681B8D012B23D17A6AB96BF86800F054
:1079B00065FC0346002B01D0012345E1FB681B68F1
:1079C0001A69FB685B6AD2B21A70FB685B6A5A1C60
:1079D000FB685A62FB681B8D013B9AB2FB681A85F3
:1079E000FB685B8D9BB2013B9AB2FB685A8517E13D
:1079F000FB681B8D022B4ED17B6A0093BB6B002270
:107A00000649F86800F090FA0346002B08D00123DD
:107A10001AE100BF020010000000FFFF0400010097
:107A2000FB681B681A68FB681B6842F400721A60E6
:107A3000FB681B681A69FB685B6AD2B21A70FB6844
:107A40005B6A5A1CFB685A62FB681B8D013B9AB249
:107A5000FB681A85FB685B8D9BB2013B9AB2FB68A1
:107A60005A85FB681B681A69FB685B6AD2B21A7098
:107A7000FB685B6A5A1CFB685A62FB681B8D013B02
:107A80009AB2FB681A85FB685B8D9BB2013B9AB288
:107A9000FB685A85C4E07B6A0093BB6B00226C498B
:107AA000F86800F041FA0346002B01D00123CBE037
:107AB000FB681B681A68FB681B6822F480621A6006
:107AC000FB681B681A69FB685B6AD2B21A70FB68B4
:107AD0005B6A5A1CFB685A62FB681B8D013B9AB2B9
:107AE000FB681A85FB685B8D9BB2013B9AB2FB6811
:107AF0005A857B6A0093BB6B00225549F86800F0F9
:107B000013FA0346002B01D001239DE0FB681B689C
:107B10001A68FB681B6842F400721A60FB681B68F5
:107B20001A69FB685B6AD2B21A70FB685B6A5A1CFE
:107B3000FB685A62FB681B8D013B9AB2FB681A8591
:107B4000FB685B8D9BB2013B9AB2FB685A85FB6870
:107B50001B681A69FB685B6AD2B21A70FB685B6AC1
:107B60005A1CFB685A62FB681B8D013B9AB2FB688A
:107B70001A85FB685B8D9BB2013B9AB2FB685A8504
:107B80004EE07A6AB96BF86800F078FB0346002B88
:107B900001D0012358E0FB681B681A69FB685B6A27
:107BA000D2B21A70FB685B6A5A1CFB685A62FB68A7
:107BB0001B8D013B9AB2FB681A85FB685B8D9BB2FB
:107BC000013B9AB2FB685A85FB681B685B6903F04E
:107BD0000403042B24D1FB681B8D032B07D1FB6806
:107BE0001B681A68FB681B6822F480621A60FB68D5
:107BF0001B681A69FB685B6AD2B21A70FB685B6A21
:107C00005A1CFB685A62FB681B8D013B9AB2FB68E9
:107C10001A85FB685B8D9BB2013B9AB2FB685A8563
:107C2000FB681B8D002B7FF4B6AEFB68202283F827
:107C30003D20FB68002283F83E20FB68002283F889
:107C40003C20002300E0022318462837BD4680BDB3
:107C50000400010080B588B002AFF8607A603B6034
:107C60000B467B81FB68DB6A7B617B69082B06D056
:107C70007B69012B03D07B6913F5803F08D1FB683A
:107C80001B681A68FB681B6842F480721A600BE07C
:107C9000FB681B6B122B07D1FB681B681A68FB681B
:107CA0001B6842F480721A603B6800937B68002274
:107CB0004FF00111F86800F037F90346002B0DD0A2
:107CC000FB681B681B6803F48073B3F5807F03D1E6
:107CD000FB684FF400721A64032335E0FB681B69EC
:107CE000B3F5804F08D17B89DBB21A46FB681B686D
:107CF00002F0FE021A611BE07B89DB11DBB203F0AC
:107D00000603DBB263F00F03DAB2FB681B681A618B
:107D10003B687A680E49F86800F080F90346002B4A
:107D200001D0012310E07B89DAB2FB681B681A617D
:107D30003B687A680749F86800F070F90346002B41
:107D400001D0012300E0002318461837BD4680BD4E
:107D5000080001000200010080B588B002AFF860A1
:107D6000084611461A4603467B810B463B81134663
:107D7000FB80FB681B681A68FB681B6842F4806222
:107D80001A60FB681B681A68FB681B6842F4807203
:107D90001A607B6A00933B6A00224FF00111F86879
:107DA00000F0C2F80346002B0DD0FB681B681B686F
:107DB00003F48073B3F5807F03D1FB684FF4007246
:107DC0001A640323AAE07B89DBB21A46FB681B68AE
:107DD00002F0FE021A617B6A3A6A5249F86800F0C2
:107DE0001DF90346002B01D0012397E000237B619E
:107DF000FB681B685B697B61FB681B689B697B6137
:107E00007B697A6A396AF86800F0A8F90346002BA2
:107E10000DD0FB681B6C042B07D1FB681B681A682C
:107E2000FB681B6842F400721A60012376E0FB884D
:107E3000012B05D13B89DAB2FB681B681A6121E08E
:107E40003B891B0A9BB2DAB2FB681B681A617A6A2B
:107E5000396AF86800F082F90346002B0DD0FB6800
:107E60001B6C042B07D1FB681B681A68FB681B6836
:107E700042F400721A60012350E03B89DAB2FB68D9
:107E80001B681A617A6A396AF86800F067F9034674
:107E9000002B0DD0FB681B6C042B07D1FB681B6803
:107EA0001A68FB681B6842F400721A60012335E00F
:107EB000FB681B681A68FB681B6842F480721A60D2
:107EC0007B6A00933B6A00224FF00111F86800F0D2
:107ED0002BF80346002B0DD0FB681B681B6803F4CE
:107EE0008073B3F5807F03D1FB684FF400721A648E
:107EF000032313E07B89DBB243F00103DAB2FB68B2
:107F00001B681A617B6A3A6A0649F86800F086F8CD
:107F10000346002B01D0012300E000231846183748
:107F2000BD4680BD0200010080B584B000AFF8609E
:107F3000B9603B601346FB7148E03B68B3F1FF3F1B
:107F400044D0FEF771FE0246BB69D31A3A689A42E2
:107F500002D33B68002B39D1BB681B0CDBB2012B71
:107F60000DD1FB681B685B69DA43BB6813409BB2A9
:107F7000002B0CBF01230023DBB21A460CE0FB6888
:107F80001B689B69DA43BB6813409BB2002B0CBF94
:107F900001230023DBB21A46FB799A4216D1FB6813
:107FA00000221A63FB68202283F83D20FB68002230
:107FB00083F83E20FB681B6C43F02002FB681A64C8
:107FC000FB68002283F83C20012323E0BB681B0CE4
:107FD000DBB2012B0DD1FB681B685B69DA43BB6820
:107FE00013409BB2002B0CBF01230023DBB21A46C7
:107FF0000CE0FB681B689B69DA43BB6813409BB2CB
:10800000002B0CBF01230023DBB21A46FB799A42F6
:1080100093D0002318461037BD4680BD80B584B08C
:1080200000AFF860B9607A603B6071E0FB681B6884
:108030005B6903F48063B3F5806F23D1FB681B6831
:108040001A68FB681B6842F400721A60FB681B68C0
:108050006FF480625A61FB6800221A63FB68202279
:1080600083F83D20FB68002283F83E20FB681B6CF0
:1080700043F00402FB681A64FB68002283F83C208A
:10808000012367E07B68B3F1FF3F41D0FEF7CCFDF1
:1080900002463B68D31A7A689A4202D37B68002B67
:1080A00036D1BB681B0CDBB2012B0CD1FB681B6803
:1080B0005B69DA43BB6813409BB2002B14BF0123FA
:1080C0000023DBB20BE0FB681B689B69DA43BB68EB
:1080D00013409BB2002B14BF01230023DBB2002B03
:1080E00016D0FB6800221A63FB68202283F83D202B
:1080F000FB68002283F83E20FB681B6C43F02002E3
:10810000FB681A64FB68002283F83C20012321E00D
:10811000BB681B0CDBB2012B0CD1FB681B685B69D5
:10812000DA43BB6813409BB2002B14BF012300232A
:10813000DBB20BE0FB681B689B69DA43BB6813404A
:108140009BB2002B14BF01230023DBB2002B7FF472
:108150006DAF002318461037BD4680BD80B584B092
:1081600000AFF860B9607A6034E0F86800F0E3F8D6
:108170000346002B01D0012334E0BB68B3F1FF3F7D
:1081800028D0FEF751FD02467B68D31ABA689A429E
:1081900002D3BB68002B1DD1FB681B685B6903F031
:1081A0008003802B16D0FB6800221A63FB68202214
:1081B00083F83D20FB68002283F83E20FB681B6C9F
:1081C00043F02002FB681A64FB68002283F83C201D
:1081D000012307E0FB681B685B6903F08003802BC9
:1081E000C3D1002318461037BD4680BD80B584B08A
:1081F00000AFF860B9607A6034E0F86800F09BF88E
:108200000346002B01D0012334E0BB68B3F1FF3FEC
:1082100028D0FEF709FD02467B68D31ABA689A4255
:1082200002D3BB68002B1DD1FB681B685B6903F0A0
:108230000403042B16D0FB6800221A63FB6820227B
:1082400083F83D20FB68002283F83E20FB681B6C0E
:1082500043F02002FB681A64FB68002283F83C208C
:10826000012307E0FB681B685B6903F00403042B30
:10827000C3D1002318461037BD4680BD80B584B0F9
:1082800000AFF860B9607A6049E0FB681B685B6921
:1082900003F01003102B19D1FB681B686FF010025C
:1082A0005A61FB6800221A63FB68202283F83D2094
:1082B000FB68002283F83E20FB681A6CFB681A6496
:1082C000FB68002283F83C20012330E0FEF7ACFC81
:1082D00002467B68D31ABA689A4202D3BB68002B65
:1082E0001DD1FB681B685B6903F04003402B16D06F
:1082F000FB6800221A63FB68202283F83D20FB689C
:10830000002283F83E20FB681B6C43F02002FB68D0
:108310001A64FB68002283F83C20012307E0FB6815
:108320001B685B6903F04003402BAED10023184665
:108330001037BD4680BD80B483B000AF78607B68E5
:108340001B685B6903F48063B3F5806F1BD17B68A6
:108350001B686FF480625A617B6800221A637B6835
:10836000202283F83D207B68002283F83E207B6832
:108370001B6C43F004027B681A647B68002283F85C
:108380003C20012300E0002318460C37BD465DF871
:10839000047B704780B586B000AF78607B68002BA7
:1083A00001D1012367E27B681B6803F00103002B06
:1083B00075D0884B9B6803F00C03042B0CD0854BC5
:1083C0009B6803F00C03082B12D1824B5B6803F40B
:1083D0008003B3F5800F0BD17E4B1B6803F4003391
:1083E000002B5BD07B685B68002B57D1012342E2F6
:1083F0007B685B68B3F5803F06D1764B1B68754A96
:1084000043F4803313601DE07B685B68B3F5A02FF5
:108410000CD1704B1B686F4A43F4802313606D4B83
:108420001B686C4A43F4803313600BE0694B1B6894
:10843000684A23F480331360664B1B68654A23F453
:10844000802313607B685B68002B13D0FEF7ECFB86
:10845000386108E0FEF7E8FB02463B69D31A642B5B
:1084600001D9032307E25B4B1B6803F40033002BA5
:10847000F0D014E0FEF7D8FB386108E0FEF7D4FB3B
:1084800002463B69D31A642B01D90323F3E1514B14
:108490001B6803F40033002BF0D100E000BF7B68C1
:1084A0001B6803F00203002B63D04A4B9B6803F068
:1084B0000C03002B0BD0474B9B6803F00C03082BDD
:1084C0001CD1444B5B6803F48003002B16D1414B55
:1084D0001B6803F00203002B05D07B68DB68012BCF
:1084E00001D00123C7E13B4B1B6823F0F8027B68F6
:1084F0001B69DB00374913430B603AE07B68DB689C
:10850000002B20D0344B01221A60FEF78DFB38611E
:1085100008E0FEF789FB02463B69D31A022B01D91A
:108520000323A8E12B4B1B6803F00203002BF0D0C0
:10853000284B1B6823F0F8027B681B69DB00254988
:1085400013430B6015E0244B00221A60FEF76CFB0E
:10855000386108E0FEF768FB02463B69D31A022B3C
:1085600001D9032387E11B4B1B6803F00203002B97
:10857000F0D17B681B6803F00803002B36D07B68C2
:108580005B69002B16D0154B01221A60FEF74CFBDD
:10859000386108E0FEF748FB02463B69D31A022B1C
:1085A00001D9032367E10B4B5B6F03F00203002B40
:1085B000F0D01BE0094B00221A60FEF735FB386152
:1085C0000EE0FEF731FB02463B69D31A022B07D9B6
:1085D000032350E10038024000004742800E47422A
:1085E000884B5B6F03F00203002BEAD17B681B68AA
:1085F00003F00403002B00F097800023FB75814BF0
:108600001B6C03F08053002B0FD10023BB607D4B0C
:108610001B6C7C4A43F0805313647A4B1B6C03F051
:108620008053BB60BB680123FB75774B1B6803F469
:108630008073002B18D1744B1B68734A43F480730A
:108640001360FEF7F1FA386108E0FEF7EDFA024632
:108650003B69D31A022B01D903230CE16A4B1B6837
:1086600003F48073002BF0D07B689B68012B06D14C
:10867000644B1B6F634A43F0010313671CE07B6884
:108680009B68052B0CD15F4B1B6F5E4A43F00403C4
:1086900013675C4B1B6F5B4A43F0010313670BE0EE
:1086A000584B1B6F574A23F001031367554B1B6F41
:1086B000544A23F0040313677B689B68002B15D092
:1086C000FEF7B2FA38610AE0FEF7AEFA02463B69FD
:1086D000D31A41F28832934201D90323CBE0494BAC
:1086E0001B6F03F00203002BEED014E0FEF79CFAA0
:1086F00038610AE0FEF798FA02463B69D31A41F264
:108700008832934201D90323B5E03E4B1B6F03F03F
:108710000203002BEED1FB7D012B05D1394B1B6CE5
:10872000384A23F0805313647B689B69002B00F068
:10873000A180344B9B6803F00C03082B5CD07B6852
:108740009B69022B41D1314B00221A60FEF76CFA73
:10875000386108E0FEF768FA02463B69D31A022B3B
:1087600001D9032387E0274B1B6803F00073002B1C
:10877000F0D17B68DA697B681B6A1A437B685B6AA5
:108780009B011A437B689B6A5B08013B1B041A43ED
:108790007B68DB6A1B061B4913434B601B4B0122A2
:1087A0001A60FEF741FA386108E0FEF73DFA02462A
:1087B0003B69D31A022B01D903235CE0114B1B68E0
:1087C00003F00073002BF0D054E0104B00221A602D
:1087D000FEF72AFA386108E0FEF726FA02463B69FE
:1087E000D31A022B01D9032345E0064B1B6803F083
:1087F0000073002BF0D13DE07B689B69012B07D112
:10880000012338E000380240007000406000474219
:108810001B4B5B68FB607B689B69012B28D0FB6866
:1088200003F480027B68DB699A4221D1FB6803F084
:108830003F027B681B6A9A421AD1FA6847F6C073F6
:1088400013407A68526A9201934211D1FB6803F493
:1088500040327B689B6A5B08013B1B049A4207D14C
:10886000FB6803F070627B68DB6A1B069A4201D0EA
:10887000012300E0002318461837BD4680BD00BF25
:108880000038024080B584B000AF786039607B6802
:10889000002B01D10123CCE0684B1B6803F00703D8
:1088A0003A689A420CD9654B3A68D2B21A70634B57
:1088B0001B6803F007033A689A4201D00123B8E02D
:1088C0007B681B6803F00203002B20D07B681B68C9
:1088D00003F00403002B05D0594B9B68584A43F41E
:1088E000E05393607B681B6803F00803002B05D0FE
:1088F000534B9B68524A43F460439360504B9B68D0
:1089000023F0F0027B689B684D4913438B607B68C2
:108910001B6803F00103002B44D07B685B68012BCC
:1089200007D1474B1B6803F40033002B19D10123F7
:108930007FE07B685B68022B03D07B685B68032B5E
:1089400007D13F4B1B6803F00073002B09D10123B3
:108950006FE03B4B1B6803F00203002B01D10123A6
:1089600067E0374B9B6823F003027B685B68344900
:1089700013438B60FEF758F9F8600AE0FEF754F9EC
:108980000246FB68D31A41F28832934201D903238D
:108990004FE02B4B9B6803F00C027B685B689B00ED
:1089A0009A42EBD1254B1B6803F007033A689A42C1
:1089B0000CD2224B3A68D2B21A70204B1B6803F0DB
:1089C00007033A689A4201D0012332E07B681B68B2
:1089D00003F00403002B08D0194B9B6823F4E052EA
:1089E0007B68DB68164913438B607B681B6803F068
:1089F0000803002B09D0124B9B6823F460427B686C
:108A00001B69DB000E4913438B6000F021F802461E
:108A10000B4B9B681B0903F00F030A49CB5C22FA3E
:108A200003F3094A1360094B1B681846FEF7B8F8B0
:108A3000002318461037BD4680BD00BF003C0240F1
:108A400000380240A0C000080400002028000020D8
:108A50002DE9B04F94B000AF00237B640023FB648A
:108A600000233B640023BB64794B9B6803F00C0339
:108A7000082B0DD0082B00F2E180002B02D0042B34
:108A800003D0DBE0734BBB64DBE0734BBB64D8E02B
:108A90006F4B5B6803F03F037B646D4B5B6803F4D3
:108AA0008003002B63D06A4B5B689B090022BB6389
:108AB000FA63BB6BC3F308033B6300237B63D7E913
:108AC0000C4522462B464FF000004FF000015901A3
:108AD00041EAD261500102460B462146511A3961E2
:108AE000294663EB01037B614FF000024FF0000366
:108AF000D7E904AB59468B01514643EA916351468D
:108B00008A015146B2EB0108594663EB01094FF067
:108B100000024FF000034FEAC90343EA58734FEADB
:108B2000C80290469946234618EB0303BB602B46C8
:108B300049EB0303FB604FF000024FF00003D7E95D
:108B4000024529464B02214643EAD15321464A02B7
:108B5000104619467B6C0022BB62FA62D7E90A23F1
:108B6000F7F796FB02460B461346FB6458E0384B7A
:108B70005B689B09002218461146C0F308033B625C
:108B800000237B62D7E9088942464B464FF000003C
:108B90004FF00001590141EAD261500102460B46F3
:108BA0004146B2EB010A494663EB010B4FF000026C
:108BB0004FF000034FEA8B1343EA9A634FEA8A129D
:108BC000B2EB0A0463EB0B054FF000024FF0000319
:108BD000EB0043EA5473E20014461D464346E31893
:108BE0003B604B4645EB03037B604FF000024FF0C8
:108BF0000003D7E9004529468B02214643EA9153F9
:108C000021468A02104619467B6C0022BB61FA613C
:108C1000D7E90623F7F73CFB02460B461346FB64F5
:108C20000B4B5B681B0C03F0030301335B003B64DD
:108C3000FA6C3B6CB2FBF3F3BB6402E0054BBB6424
:108C400000BFBB6C18465037BD46BDE8B08F00BFB3
:108C5000003802400024F40000127A0080B400AF13
:108C6000034B1B681846BD465DF8047B704700BF88
:108C70000400002080B500AFFFF7F0FF0246054B6F
:108C80009B689B0A03F007030349CB5C22FA03F3BA
:108C9000184680BD00380240B0C0000880B500AF63
:108CA000FFF7DCFF0246054B9B685B0B03F00703F5
:108CB0000349CB5C22FA03F3184680BD003802401A
:108CC000B0C0000880B582B000AF78607B68002B30
:108CD00001D101237BE07B685B6A002B08D17B68B4
:108CE0005B68B3F5827F09D07B680022DA6105E01A
:108CF0007B6800221A617B6800225A617B6800222F
:108D00009A627B6893F85130DBB2002B06D17B6806
:108D1000002283F850207868F9F71CFA7B68022259
:108D200083F851207B681B681A687B681B6822F0F7
:108D300040021A607B685B6803F482727B689B6800
:108D400003F404431A437B68DB6803F400631A43AB
:108D50007B681B6903F002031A437B685B6903F0BD
:108D600001031A437B689B6903F400731A437B6811
:108D7000DB6903F038031A437B681B6A03F0800346
:108D800042EA03017B689B6A03F400527B681B681C
:108D90000A431A607B689B691B0C03F004017B6823
:108DA0005B6A03F010027B681B680A435A607B68A9
:108DB0001B68DA697B681B6822F40062DA617B68F1
:108DC00000225A657B68012283F85120002318464F
:108DD0000837BD4680BD80B588B000AFF860B96087
:108DE0003B601346FB80FDF71FFFF861FB887B8328
:108DF000FB6893F85130DBB2012B01D002232AE14A
:108E0000BB68002B02D0FB88002B01D1012322E19B
:108E1000FB6893F85030012B01D102231BE1FB6862
:108E2000012283F85020FB68032283F85120FB685D
:108E300000225A65FB68BA681A63FB68FA889A864A
:108E4000FB68FA88DA86FB6800229A63FB680022D6
:108E50009A87FB680022DA87FB6800225A64FB6865
:108E600000221A64FB689B68B3F5004F0FD1FB68C2
:108E70001B681A68FB681B6822F040021A60FB68D6
:108E80001B681A68FB681B6842F480421A60FB6822
:108E90001B681B6803F04003402B07D0FB681B686E
:108EA0001A68FB681B6842F040021A60FB68DB68C6
:108EB000B3F5006F52D1FB685B68002B02D07B8B4F
:108EC000012B45D1FB681B6B1A88FB681B68DA60B5
:108ED000FB681B6B9A1CFB681A63FB68DB8E9BB2FA
:108EE000013B9AB2FB68DA8632E0FB681B689B683C
:108EF00003F00203022B12D1FB681B6B1A88FB687C
:108F00001B68DA60FB681B6B9A1CFB681A63FB68C2
:108F1000DB8E9BB2013B9AB2FB68DA8618E0FDF764
:108F200083FE0246FB69D31A3A689A4203D83B682B
:108F3000B3F1FF3F02D13B68002B09D1FB6801224E
:108F400083F85120FB68002283F85020032382E03D
:108F5000FB68DB8E9BB2002BC7D153E0FB685B68DC
:108F6000002B02D07B8B012B47D1FB681A6BFB686F
:108F70001B680C3312781A70FB681B6B5A1CFB6859
:108F80001A63FB68DB8E9BB2013B9AB2FB68DA8600
:108F900033E0FB681B689B6803F00203022B13D1CC
:108FA000FB681A6BFB681B680C3312781A70FB683D
:108FB0001B6B5A1CFB681A63FB68DB8E9BB2013B80
:108FC0009AB2FB68DA8618E0FDF72EFE0246FB69CE
:108FD000D31A3A689A4203D83B68B3F1FF3F02D1F3
:108FE0003B68002B09D1FB68012283F85120FB6804
:108FF000002283F8502003232DE0FB68DB8E9BB218
:10900000002BC6D1FA693968F86800F0D9FB03462D
:10901000002B02D0FB6820225A65FB689B68002B5E
:109020000AD100237B61FB681B68DB687B61FB68FE
:109030001B689B687B617B69FB68012283F8512078
:10904000FB68002283F85020FB685B6D002B01D089
:10905000012300E0002318462037BD4680BD80B5BF
:1090600088B002AFF860B9603B601346FB80FB68D4
:1090700093F85130DBB2012B01D0022304E1BB682D
:10908000002B02D0FB88002B01D10123FCE0FB6800
:109090005B68B3F5827F12D1FB689B68002B0ED111
:1090A000FB68042283F85120FA883B68009313463A
:1090B000BA68B968F86800F0EBF80346E4E0FDF739
:1090C000B3FD7861FB6893F85030012B01D1022386
:1090D000DAE0FB68012283F85020FB68042283F861
:1090E0005120FB6800225A65FB68BA689A63FB68E6
:1090F000FA889A87FB68FA88DA87FB6800221A6385
:10910000FB6800229A86FB680022DA86FB68002250
:109110001A64FB6800225A64FB689B68B3F5004F31
:109120000FD1FB681B681A68FB681B6822F04002BD
:109130001A60FB681B681A68FB681B6822F480428F
:109140001A60FB681B681B6803F04003402B07D0C4
:10915000FB681B681A68FB681B6842F040021A60D3
:10916000FB68DB68002B70D135E0FB681B689B68EF
:1091700003F00103012B15D1FB681B6803F10C02FE
:10918000FB689B6B1278D2B21A70FB689B6B5A1CFF
:10919000FB689A63FB68DB8F9BB2013B9AB2FB686A
:1091A000DA8718E0FDF740FD02467B69D31A3A687A
:1091B0009A4203D83B68B3F1FF3F02D13B68002BD2
:1091C00009D1FB68012283F85120FB68002283F853
:1091D0005020032358E0FB68DB8F9BB2002BC4D1E7
:1091E00038E0FB681B689B6803F00103012B13D177
:1091F000FB681B68DA68FB689B6B92B21A80FB689D
:109200009B6B9A1CFB689A63FB68DB8F9BB2013BEC
:109210009AB2FB68DA8718E0FDF706FD02467B6923
:10922000D31A3A689A4203D83B68B3F1FF3F02D1A0
:109230003B68002B09D1FB68012283F85120FB68B1
:10924000002283F8502003231EE0FB68DB8F9BB2D3
:10925000002BC6D17A693968F86800F04BFA0346EA
:10926000002B02D0FB6820225A65FB68012283F89C
:109270005120FB68002283F85020FB685B6D002BB7
:1092800001D0012300E0002318461837BD4680BDF9
:1092900080B58AB000AFF860B9607A607B80012346
:1092A0007B62FDF7C1FC3862FB6893F85130FB77B5
:1092B000FB685B68BB617B88FB82FB7F012B0CD06A
:1092C000BB69B3F5827F06D1FB689B68002B02D196
:1092D000FB7F042B01D002237FE1BB68002B05D06C
:1092E0007B68002B02D07B88002B01D1012374E125
:1092F000FB6893F85030012B01D102236DE1FB682C
:10930000012283F85020FB6893F85130DBB2042B24
:1093100003D0FB68052283F85120FB6800225A65C0
:10932000FB687A689A63FB687A88DA87FB687A88D0
:109330009A87FB68BA681A63FB687A88DA86FB68E2
:109340007A889A86FB6800221A64FB6800225A64B5
:10935000FB681B681B6803F04003402B07D0FB68C9
:109360001B681A68FB681B6842F040021A60FB68C1
:10937000DB68B3F5006F7ED1FB685B68002B02D021
:10938000FB8A012B6CD1FB681B6B1A88FB681B687E
:10939000DA60FB681B6B9A1CFB681A63FB68DB8E48
:1093A0009BB2013B9AB2FB68DA8659E0FB681B6806
:1093B0009B6803F00203022B1BD1FB68DB8E9BB280
:1093C000002B16D07B6A012B13D1FB681B6B1A880C
:1093D000FB681B68DA60FB681B6B9A1CFB681A63EE
:1093E000FB68DB8E9BB2013B9AB2FB68DA860023F6
:1093F0007B62FB681B689B6803F00103012B19D19A
:10940000FB68DB8F9BB2002B14D0FB681B68DA680B
:10941000FB689B6B92B21A80FB689B6B9A1CFB6883
:109420009A63FB68DB8F9BB2013B9AB2FB68DA87D9
:1094300001237B62FDF7F8FB02463B6AD31A3A6BC5
:109440009A420DD83B6BB3F1FF3F09D0FB68012274
:1094500083F85120FB68002283F850200323BCE0EE
:10946000FB68DB8E9BB2002BA0D1FB68DB8F9BB22D
:10947000002B9BD182E0FB685B68002B02D0FB8A4B
:10948000012B71D1FB681A6BFB681B680C331278D7
:109490001A70FB681B6B5A1CFB681A63FB68DB8E37
:1094A0009BB2013B9AB2FB68DA865DE0FB681B6801
:1094B0009B6803F00203022B1CD1FB68DB8E9BB27E
:1094C000002B17D07B6A012B14D1FB681A6BFB6849
:1094D0001B680C3312781A70FB681B6B5A1CFB68F4
:1094E0001A63FB68DB8E9BB2013B9AB2FB68DA869B
:1094F00000237B62FB681B689B6803F00103012B60
:1095000019D1FB68DB8F9BB2002B14D0FB681B6862
:10951000DA68FB689B6BD2B21A70FB689B6B5A1CB3
:10952000FB689A63FB68DB8F9BB2013B9AB2FB68D6
:10953000DA8701237B62FDF777FB02463B6AD31A89
:109540003A6B9A4203D83B6BB3F1FF3F02D13B6BBE
:10955000002B09D1FB68012283F85120FB6800220F
:1095600083F85020032338E0FB68DB8E9BB2002B8E
:109570009CD1FB68DB8F9BB2002B97D13A6A396B89
:10958000F86800F01DF90346002B08D0FB68202284
:109590005A65FB68002283F8502001231DE0FB6818
:1095A0009B68002B0AD100233B61FB681B68DB68CA
:1095B0003B61FB681B689B683B613B69FB68012260
:1095C00083F85120FB68002283F85020FB685B6D14
:1095D000002B01D0012300E0002318462837BD46A8
:1095E00080BD000080B588B000AFF860B9603B6016
:1095F0001346FB71FDF718FB0246BB6A9B1A3A68DB
:109600001344FB61FDF710FBB861394B1B685B012C
:109610001B0DFA6902FB03F37B6155E03B68B3F174
:10962000FF3F51D0FDF700FB0246BB69D31AFA6930
:109630009A4202D9FB69002B3DD1FB681B685A682E
:10964000FB681B6822F0E0025A60FB685B68B3F5B8
:10965000827F11D1FB689B68B3F5004F04D0FB6893
:109660009B68B3F5806F07D1FB681B681A68FB68BD
:109670001B6822F040021A60FB689B6AB3F5005F2A
:109680000FD1FB681B681A68FB681B6822F4005244
:109690001A60FB681B681A68FB681B6842F400527A
:1096A0001A60FB68012283F85120FB68002283F8CE
:1096B0005020032318E07B69002B02D10023FB61BB
:1096C00002E07B69013B7B61FB681B689A68BB68B1
:1096D0001340BA689A420CBF01230023DBB21A463A
:1096E000FB799A429AD1002318462037BD4680BDA7
:1096F0000400002080B586B002AFF860B9607A60DF
:10970000FB685B68B3F5827F11D1FB689B68B3F59A
:10971000004F04D0FB689B68B3F5806F07D1FB68EE
:109720001B681A68FB681B6822F040021A60FB681D
:109730005B68B3F5827F2AD1FB689B68B3F5806FC5
:1097400012D07B680093BB6800228021F868FFF785
:1097500049FF0346002B2DD0FB685B6D43F02002D0
:10976000FB685A65032326E07B680093BB680022F0
:109770000121F868FFF736FF0346002B1AD0FB687B
:109780005B6D43F02002FB685A65032313E07B689E
:109790000093BB6800220121F868FFF723FF03460E
:1097A000002B07D0FB685B6D43F02002FB685A6515
:1097B000032300E0002318461037BD4680BD00009B
:1097C00080B588B002AFF860B9607A607B680093BA
:1097D000BB6801220221F868FFF704FF0346002B53
:1097E00007D0FB685B6D43F02002FB685A650323DA
:1097F00032E01B4B1B681B4AA2FB03235B0D4FF49B
:109800007A7202FB03F37B61FB685B68B3F5827FCE
:1098100012D17B680093BB6800228021F868FFF7B3
:10982000E1FE0346002B16D0FB685B6D43F020027F
:10983000FB685A6503230FE07B69002B0AD07B6924
:10984000013B7B61FB681B689B6803F08003802BF6
:10985000F2D000E000BF002318461837BD4680BD97
:1098600004000020819F5E1680B584B000AFF860D0
:10987000B9607A60FB68002B01D1012338E0FB68F6
:1098800093F84930DBB2002B06D1FB68002283F845
:109890004820F868F8F76AFDFB681A68FB68083327
:1098A0001946104601F004FDFB681868FB689B68C8
:1098B0001A46B96801F066FDFB685868FB689A684B
:1098C000FB681B6B796801F08BFDFB681B68FA680D
:1098D000926853F82210FB681B68FA68926841F09E
:1098E000010143F82210FB68012283F8492000237C
:1098F00018461037BD4680BD80B582B000AF786095
:109900007B68002B01D1012341E07B6893F83D3057
:10991000DBB2002B06D17B68002283F83C207868FC
:10992000F8F760FC7B68022283F83D207B681A68A8
:109930007B6804331946104600F07EFA7B680122EA
:1099400083F846207B68012283F83E207B68012251
:1099500083F83F207B68012283F840207B68012246
:1099600083F841207B68012283F842207B68012232
:1099700083F843207B68012283F844207B6801221E
:1099800083F845207B68012283F83D200023184698
:109990000837BD4680BD000080B485B000AF786058
:1099A0007B6893F83D30DBB2012B01D001234EE000
:1099B0007B68022283F83D207B681B68DA687B683D
:1099C0001B6842F00102DA607B681B68234A9342FD
:1099D00022D07B681B68B3F1804F1DD07B681B6869
:1099E0001F4A934218D07B681B681E4A934213D0CB
:1099F0007B681B681C4A93420ED07B681B681B4A1D
:109A0000934209D07B681B68194A934204D07B6853
:109A10001B68184A934211D17B681B689B6803F04E
:109A20000703FB60FB68062B10D07B681B681A6875
:109A30007B681B6842F001021A6007E07B681B68C4
:109A40001A687B681B6842F001021A6000231846FE
:109A50001437BD465DF8047B704700BF000001402D
:109A60000004004000080040000C004000040140D9
:109A7000004001400018004080B584B000AF78601D
:109A80007B681B68DB68FB607B681B681B69BB60CD
:109A9000BB6803F00203002B20D0FB6803F0020335
:109AA000002B1BD07B681B686FF002021A617B6879
:109AB00001221A777B681B689B6903F00303002B64
:109AC00003D0786800F099F905E0786800F08BF928
:109AD000786800F09CF97B6800221A77BB6803F075
:109AE0000403002B20D0FB6803F00403002B1BD0E1
:109AF0007B681B686FF004021A617B6802221A7788
:109B00007B681B689B6903F44073002B03D0786863
:109B100000F073F905E0786800F065F9786800F006
:109B200076F97B6800221A77BB6803F00803002BE4
:109B300020D0FB6803F00803002B1BD07B681B6858
:109B40006FF008021A617B6804221A777B681B6831
:109B5000DB6903F00303002B03D0786800F04DF9B4
:109B600005E0786800F03FF9786800F050F97B680C
:109B700000221A77BB6803F01003002B20D0FB688B
:109B800003F01003002B1BD07B681B686FF01002E2
:109B90001A617B6808221A777B681B68DB6903F40B
:109BA0004073002B03D0786800F027F905E078684F
:109BB00000F019F9786800F02AF97B6800221A771A
:109BC000BB6803F00103002B0CD0FB6803F001031A
:109BD000002B07D07B681B686FF001021A61786860
:109BE000F8F72CFABB6803F08003002B0CD0FB685D
:109BF00003F08003002B07D07B681B686FF08002A6
:109C00001A61786800F0DEFABB6803F04003002BAD
:109C10000CD0FB6803F04003002B07D07B681B6867
:109C20006FF040021A61786800F0FBF8BB6803F03F
:109C30002003002B0CD0FB6803F02003002B07D07F
:109C40007B681B686FF020021A61786800F0B0FA38
:109C500000BF1037BD4680BD80B584B000AF7860CE
:109C600039600023FB737B6893F83C30012B01D1F2
:109C70000223B4E07B68012283F83C207B68022247
:109C800083F83D207B681B689B68BB60BB6823F042
:109C90007703BB60BB6823F47F43BB607B681B68B2
:109CA000BA689A603B681B68B3F5005F3ED0B3F5B5
:109CB000005F00F28780B3F5805F00F08680B3F527
:109CC000805F7FD8702B1AD0702B7BD8602B50D040
:109CD000602B77D8502B3CD0502B73D8402B58D0CA
:109CE000402B6FD8302B64D0302B6BD8202B60D01A
:109CF000202B67D8002B5CD0102B5AD062E07B68F9
:109D000018683B6899683B685A683B68DB6800F0F4
:109D1000B3F97B681B689B68BB60BB6843F0770343
:109D2000BB607B681B68BA689A604FE07B68186804
:109D30003B6899683B685A683B68DB6800F09CF9AF
:109D40007B681B689A687B681B6842F480429A6053
:109D50003CE07B6818683B6859683B68DB681A46DA
:109D600000F010F97B681B685021184600F069F973
:109D70002CE07B6818683B6859683B68DB681A46CA
:109D800000F02FF97B681B686021184600F059F934
:109D90001CE07B6818683B6859683B68DB681A46BA
:109DA00000F0F0F87B681B684021184600F049F984
:109DB0000CE07B681A683B681B681946104600F087
:109DC00040F903E00123FB7300E000BF7B68012240
:109DD00083F83D207B68002283F83C20FB7B1846FB
:109DE0001037BD4680BD80B483B000AF786000BF3F
:109DF0000C37BD465DF8047B704780B483B000AF7C
:109E0000786000BF0C37BD465DF8047B704780B4B6
:109E100083B000AF786000BF0C37BD465DF8047BAF
:109E2000704780B483B000AF786000BF0C37BD4688
:109E30005DF8047B7047000080B485B000AF7860A7
:109E400039607B681B68FB607B68434A934213D090
:109E50007B68B3F1804F0FD07B68404A93420BD0B0
:109E60007B683F4A934207D07B683E4A934203D0C7
:109E70007B683D4A934208D1FB6823F07003FB6086
:109E80003B685B68FA681343FB607B68324A934225
:109E90002BD07B68B3F1804F27D07B682F4A934249
:109EA00023D07B682E4A93421FD07B682D4A934271
:109EB0001BD07B682C4A934217D07B682B4A934275
:109EC00013D07B682A4A93420FD07B68294A934279
:109ED0000BD07B68284A934207D07B68274A93427D
:109EE00003D07B68264A934208D1FB6823F4407371
:109EF000FB603B68DB68FA681343FB60FB6823F098
:109F000080023B685B691343FB603B689A687B682F
:109F1000DA623B681A687B689A627B680E4A9342F1
:109F200003D07B68104A934203D13B681A697B686F
:109F30001A637B681B6843F004027B681A607B68C5
:109F400001225A617B68FA681A6000BF1437BD4667
:109F50005DF8047B704700BF000001400004004032
:109F600000080040000C0040000401400040014097
:109F7000004401400048014000180040001C00401F
:109F80000020004080B487B000AFF860B9607A600C
:109F9000FB681B6A7B61FB681B6A23F00102FB689C
:109FA0001A62FB689B693B613B6923F0F0033B61EC
:109FB0007B681B013A6913433B617B6923F00A0309
:109FC0007B617A69BB6813437B61FB683A699A617C
:109FD000FB687A691A6200BF1C37BD465DF8047BD6
:109FE000704780B487B000AFF860B9607A60FB68F2
:109FF0001B6A7B61FB681B6A23F01002FB681A6214
:10A00000FB689B693B613B6923F470433B617B6860
:10A010001B033A6913433B617B6923F0A0037B6117
:10A02000BB681B017A6913437B61FB683A699A61DB
:10A03000FB687A691A6200BF1C37BD465DF8047B75
:10A04000704780B485B000AF786039607B689B68EA
:10A05000FB60FB6823F07003FB603A68FB68134306
:10A0600043F00703FB607B68FA689A6000BF14370F
:10A07000BD465DF8047B704780B487B000AFF860E0
:10A08000B9607A603B60FB689B687B617B6923F405
:10A090007F437B613B681A027B681A43BB681343AA
:10A0A0007A6913437B61FB687A699A6000BF1C3749
:10A0B000BD465DF8047B704780B485B000AF786022
:10A0C00039607B6893F83C30012B01D102235AE0C0
:10A0D0007B68012283F83C207B68022283F83D20C4
:10A0E0007B681B685B68FB607B681B689B68BB6068
:10A0F000FB6823F07003FB603B681B68FA6813433E
:10A10000FB607B681B68FA685A607B681B68214AA1
:10A11000934222D07B681B68B3F1804F1DD07B68CF
:10A120001B681D4A934218D07B681B681B4A9342E8
:10A1300013D07B681B681A4A93420ED07B681B6859
:10A14000184A934209D07B681B68174A934204D08F
:10A150007B681B68154A93420CD1BB6823F08003CF
:10A16000BB603B685B68BA681343BB607B681B6875
:10A17000BA689A607B68012283F83D207B680022E0
:10A1800083F83C20002318461437BD465DF8047B55
:10A19000704700BF0000014000040040000800407C
:10A1A000000C004000040140004001400018004045
:10A1B00080B483B000AF786000BF0C37BD465DF857
:10A1C000047B704780B483B000AF786000BF0C3769
:10A1D000BD465DF8047B704780B582B000AF786003
:10A1E0007B68002B01D1012342E07B6893F841306A
:10A1F000DBB2002B06D17B68002283F84020786810
:10A20000F8F718F87B68242283F841207B681B68E4
:10A21000DA687B681B6822F40052DA60786800F024
:10A22000D3FD7B681B681A697B681B6822F4904227
:10A230001A617B681B685A697B681B6822F02A02D6
:10A240005A617B681B68DA687B681B6842F40052BD
:10A25000DA607B6800225A647B68202283F8412000
:10A260007B68202283F842207B6800225A63002307
:10A2700018460837BD4680BD80B58AB002AFF86089
:10A28000B9603B601346FB8000237B61FB6893F859
:10A290004130DBB2202B75D1BB68002B02D0FB888C
:10A2A000002B01D101236EE0FB6800225A64FB6899
:10A2B000212283F84120FCF7B7FC7861FB68FA881B
:10A2C0009A84FB68FA88DA84FB689B68B3F5805F40
:10A2D00008D1FB681B69002B04D10023FB61BB681C
:10A2E000BB6103E0BB68FB610023BB612EE03B6800
:10A2F00000937B6900228021F86800F037FB034659
:10A30000002B05D0FB68202283F8412003233AE08C
:10A31000FB69002B0BD1BB691B881A46FB681B68C5
:10A32000C2F308025A60BB690233BB6107E0FB69F4
:10A330001A78FB681B685A60FB690133FB61FB6894
:10A34000DB8C9BB2013B9AB2FB68DA84FB68DB8C46
:10A350009BB2002BCBD13B6800937B69002240214C
:10A36000F86800F003FB0346002B05D0FB682022B1
:10A3700083F84120032306E0FB68202283F8412074
:10A38000002300E0022318462037BD4680BD80B57B
:10A3900084B000AFF860B9601346FB80FB6893F8A7
:10A3A0004230DBB2202B12D1BB68002B02D0FB88DD
:10A3B000002B01D101230BE0FB6800221A63FB880C
:10A3C0001A46B968F86800F02AFB034600E0022349
:10A3D00018461037BD4680BD80B5BAB000AF786072
:10A3E0007B681B681B68C7F8E4307B681B68DB6808
:10A3F000C7F8E0307B681B685B69C7F8DC30002376
:10A40000C7F8D8300023C7F8D430D7F8E43003F0C9
:10A410000F03C7F8D830D7F8D830002B0FD1D7F8B2
:10A42000E43003F02003002B09D0D7F8E03003F02C
:10A430002003002B03D0786800F007FC73E2D7F804
:10A44000D830002B00F0DE80D7F8DC3003F00103B9
:10A45000002B06D1D7F8E03003F49073002B00F006
:10A46000D180D7F8E43003F00103002B0BD0D7F8EC
:10A47000E03003F48073002B05D07B685B6C43F005
:10A4800001027B685A64D7F8E43003F00403002B20
:10A490000BD0D7F8DC3003F00103002B05D07B682C
:10A4A0005B6C43F002027B685A64D7F8E43003F037
:10A4B0000203002B0BD0D7F8DC3003F00103002B94
:10A4C00005D07B685B6C43F004027B685A64D7F864
:10A4D000E43003F00803002B11D0D7F8E03003F08C
:10A4E0002003002B05D1D7F8DC3003F00103002B4B
:10A4F00005D07B685B6C43F008027B685A647B681C
:10A500005B6C002B00F00A82D7F8E43003F02003E4
:10A51000002B08D0D7F8E03003F02003002B02D046
:10A52000786800F092FB7B681B685B6903F040036E
:10A53000402B0CBF01230023DBB2C7F8D4307B686B
:10A540005B6C03F00803002B03D1D7F8D430002B49
:10A550004FD0786800F09DFA7B681B685B6903F058
:10A560004003402B41D17B681B681433C7F89C30F3
:10A57000D7F89C3053E8003FC7F89830D7F89830A8
:10A5800023F04003C7F8D0307B681B681433D7F83A
:10A59000D020C7F8A820C7F8A430D7F8A410D7F85F
:10A5A000A82041E80023C7F8A030D7F8A030002B3E
:10A5B000D9D17B68DB6B002B13D07B68DB6B8A4ABD
:10A5C0001A657B68DB6B1846FCF7DFFC0346002B43
:10A5D00016D07B68DB6B1B6D7A68D26B1046984790
:10A5E0000EE0786800F0ACF90AE0786800F0A8F9AD
:10A5F00006E0786800F0A4F97B6800225A648DE1D7
:10A6000000BF8BE17B681B6B012B40F06781D7F8A3
:10A61000E43003F01003002B00F06081D7F8E03045
:10A6200003F01003002B00F059810023BB607B680E
:10A630001B681B68BB607B681B685B68BB60BB6892
:10A640007B681B685B6903F04003402B40F0CE80C1
:10A650007B68DB6B1B685B68A7F8BE30B7F8BE3061
:10A66000002B00F0A9807B689B8DB7F8BE209A4232
:10A6700080F0A2807B68B7F8BE20DA857B68DB6B50
:10A68000DB69B3F5807F00F088807B681B680C3342
:10A69000C7F88830D7F8883053E8003FC7F88430CF
:10A6A000D7F8843023F48073C7F8B8307B681B6810
:10A6B0000C33D7F8B820C7F89420C7F89030D7F8F3
:10A6C0009010D7F8942041E80023C7F88C30D7F8D1
:10A6D0008C30002BD9D17B681B6814337B677B6F70
:10A6E00053E8003F3B673B6F23F00103C7F8B430EA
:10A6F0007B681B681433D7F8B420C7F88020FB6749
:10A70000F96FD7F8802041E80023BB67BB6F002BAF
:10A71000E1D17B681B6814333B663B6E53E8003F16
:10A72000FB65FB6D23F04003C7F8B0307B681B6806
:10A730001433D7F8B020FA66BB66B96EFA6E41E8FA
:10A7400000237B667B6E002BE3D17B68202283F89D
:10A7500042207B6800221A637B681B680C33FB6411
:10A76000FB6C53E8003FBB64BB6C23F01003C7F8DD
:10A77000AC307B681B680C33D7F8AC20BA657B65BE
:10A78000796DBA6D41E800233B653B6D002BE3D149
:10A790007B68DB6B1846FCF788FB7B6802225A63F8
:10A7A0007B689A8D7B68DB8D9BB2D31A9BB219466E
:10A7B000786800F0CFF8B3E07B689B8DB7F8BE20D7
:10A7C0009A4240F0AD807B68DB6BDB69B3F5807F3C
:10A7D00040F0A6807B6802225A637B689B8D1946F5
:10A7E000786800F0B7F89BE059AB00087B689A8D59
:10A7F0007B68DB8D9BB2D31AA7F8CE307B68DB8DEC
:10A800009BB2002B00F08E80B7F8CE30002B00F00A
:10A8100089807B681B680C33BB63BB6B53E8003FCC
:10A820007B637B6B23F49073C7F8C8307B681B682D
:10A830000C33D7F8C8207A643B64396C7A6C41E8F1
:10A840000023FB63FB6B002BE3D17B681B68143395
:10A850007B627B6A53E8003F3B623B6A23F0010363
:10A86000C7F8C4307B681B681433D7F8C4203A6338
:10A87000FB62F96A3A6B41E80023BB62BB6A002BBA
:10A88000E3D17B68202283F842207B6800221A6390
:10A890007B681B680C333B613B6953E8003FFB60FE
:10A8A000FB6823F01003C7F8C0307B681B680C33CB
:10A8B000D7F8C020FA61BB61B969FA6941E80023A1
:10A8C0007B617B69002BE3D17B6802225A63B7F876
:10A8D000CE301946786800F03DF823E0D7F8E43030
:10A8E00003F08003002B09D0D7F8E03003F0800399
:10A8F000002B03D0786800F040F914E0D7F8E4307A
:10A9000003F04003002B0ED0D7F8E03003F04003F3
:10A91000002B08D0786800F080F904E000BF02E066
:10A9200000BF00E000BFE837BD4680BD80B483B003
:10A9300000AF786000BF0C37BD465DF8047B704700
:10A9400080B483B000AF786000BF0C37BD465DF8BF
:10A95000047B704780B483B000AF78600B467B8087
:10A9600000BF0C37BD465DF8047B704780B586B0EC
:10A9700000AFF860B9603B601346FB713BE03B6A97
:10A98000B3F1FF3F37D0FCF74FF902463B68D31ACB
:10A990003A6A9A4202D33B6A002B01D103233AE080
:10A9A000FB681B68DB6803F00403002B23D0BB6843
:10A9B000802B20D0BB68402B1DD0FB681B681B6818
:10A9C00003F00803082B16D100237B61FB681B688A
:10A9D0001B687B61FB681B685B687B617B69F8684F
:10A9E00000F057F8FB6808225A64FB68002283F8DD
:10A9F000402001230FE0FB681B681A68BB68134006
:10AA0000BA689A420CBF01230023DBB21A46FB79D5
:10AA10009A42B4D0002318461837BD4680BD80B492
:10AA200085B000AFF860B9601346FB80FB68BA6878
:10AA30009A62FB68FA889A85FB68FA88DA85FB686F
:10AA400000225A64FB68222283F84220FB681B69BB
:10AA5000002B07D0FB681B68DA68FB681B6842F4B0
:10AA60008072DA60FB681B685A69FB681B6842F0F9
:10AA700001025A61FB681B68DA68FB681B6842F0D8
:10AA80002002DA60002318461437BD465DF8047BC7
:10AA9000704780B495B000AF78607B681B680C335A
:10AAA0007B637B6B53E8003F3B633B6B23F490730A
:10AAB000FB647B681B680C33FA6C3A64FB63F96BCC
:10AAC0003A6C41E80023BB63BB6B002BE5D17B688C
:10AAD0001B6814333B623B6A53E8003FFB61FB6930
:10AAE00023F00103BB647B681B681433BA6CFA6201
:10AAF000BB62B96AFA6A41E800237B627B6A002B79
:10AB0000E5D17B681B6B012B19D17B681B680C336B
:10AB1000FB60FB6853E8003FBB60BB6823F0100399
:10AB20007B647B681B680C337A6CBA617B617969E2
:10AB3000BA6941E800233B613B69002BE5D17B68A2
:10AB4000202283F842207B6800221A6300BF54371A
:10AB5000BD465DF8047B704780B584B000AF786077
:10AB60007B689B6BFB60FB680022DA85F868FFF767
:10AB7000E7FE00BF1037BD4680BD80B485B000AF92
:10AB800078607B6893F84130DBB2212B3ED17B6843
:10AB90009B68B3F5805F14D17B681B69002B10D1D3
:10ABA0007B681B6AFB60FB681B881A467B681B6816
:10ABB000C2F308025A607B681B6A9A1C7B681A629F
:10ABC00008E07B681B6A591C7A6811621A787B68F6
:10ABD0001B685A607B68DB8C9BB2013B9BB27A6836
:10ABE0001946D184002B0FD17B681B68DA687B681B
:10ABF0001B6822F08002DA607B681B68DA687B6879
:10AC00001B6842F04002DA60002300E0022318468D
:10AC10001437BD465DF8047B704780B582B000AF45
:10AC200078607B681B68DA687B681B6822F04002EA
:10AC3000DA607B68202283F841207868FFF776FE8F
:10AC4000002318460837BD4680BD80B58CB000AFE4
:10AC500078600023FB620023BB627B6893F842307C
:10AC6000DBB2222B40F0AA807B689B68B3F5805F43
:10AC700015D17B681B69002B11D17B689B6ABB6275
:10AC80007B681B685B689BB2C3F308039AB2BB6A1C
:10AC90001A807B689B6A9A1C7B689A6224E07B68B6
:10ACA0009B6AFB627B689B68B3F5805F07D07B681B
:10ACB0009B68002B0AD17B681B69002B06D17B683F
:10ACC0001B685B68DAB2FB6A1A7008E07B681B6875
:10ACD0005B68DBB203F07F03DAB2FB6A1A707B6851
:10ACE0009B6A5A1C7B689A627B68DB8D9BB2013B36
:10ACF0009BB27A681946D185002B5DD17B681B68B1
:10AD0000DA687B681B6822F02002DA607B681B68C7
:10AD1000DA687B681B6822F48072DA607B681B68E3
:10AD20005A697B681B6822F001025A617B68202205
:10AD300083F842207B6800225A637B681B6B012BDF
:10AD400035D17B6800221A637B681B680C337B61FA
:10AD50007B6953E8003F3B613B6923F010037B6252
:10AD60007B681B680C337A6A3A62FB61F9693A6A5C
:10AD700041E80023BB61BB69002BE5D17B681B6800
:10AD80001B6803F01003102B0AD10023FB607B68C3
:10AD90001B681B68FB607B681B685B68FB60FB686B
:10ADA0007B689B8D19467868FFF7D4FD02E07868D0
:10ADB000F6F71AFE002302E0002300E00223184603
:10ADC0003037BD4680BD00002DE9B04FC0B000AFA8
:10ADD000C7F8F400D7F8F4301B681B6923F440501F
:10ADE000D7F8F430D968D7F8F4301A6840EA01038C
:10ADF0001361D7F8F4309A68D7F8F4301B691A4316
:10AE0000D7F8F4305B691A43D7F8F430DB691343A1
:10AE1000C7F8F830D7F8F4301B68DB6823F4164124
:10AE200021F00C01D7F8F4301A68D7F8F8300B434A
:10AE3000D360D7F8F4301B685B6923F44070D7F80F
:10AE4000F4309969D7F8F4301A6840EA0103536185
:10AE5000D7F8F4301A688F4B9A4205D0D7F8F430FF
:10AE60001A688D4B9A4204D1FDF718FFC7F8FC0011
:10AE700003E0FDF7FFFEC7F8FC00D7F8F430DB690C
:10AE8000B3F5004F40F00C81D7F8FC300022C7F832
:10AE9000E830C7F8EC20D7E93A4522462B4691180E
:10AEA000B9655B41FB65D7E91623214612EB010822
:10AEB000294643EB01094FF000024FF000034FEA2F
:10AEC000C90343EA58734FEAC8029046994623469D
:10AED00018EB0303C7F8E0302B4649EB0303C7F830
:10AEE000E430D7F8F4305B680022C7F8D830C7F8F0
:10AEF000DC20D7E936120B46DB183B65134642EBE4
:10AF000003037B65D7E91423D7E93801F5F7C0F9C6
:10AF100002460B46614BA3FB02235B091C01D7F8D9
:10AF2000FC300022C7F8D030C7F8D420D7E93489E4
:10AF300042464B469118B9645B41FB64D7E9122342
:10AF4000414612EB010A494643EB010B4FF0000268
:10AF50004FF000034FEACB0343EA5A734FEACA02A9
:10AF600092469B4643461AEB0303C7F8C8304B464C
:10AF70004BEB0303C7F8CC30D7F8F4305B68002202
:10AF8000C7F8C030C7F8C420D7E930120B46DB1829
:10AF90003B64134642EB03037B64D7E91023D7E9F4
:10AFA0003201F5F775F902460B4611463B4BA3FB00
:10AFB00001235B09642202FB03F3CB1ADB0003F1DC
:10AFC0003202364BA3FB02235B095B0003F4F873E8
:10AFD0001C44D7F8FC300022C7F8B830C7F8BC20B2
:10AFE000D7E92E8942464B469118B9635B41FB6312
:10AFF000D7E90E2341465118396349464B417B63DB
:10B000004FF000024FF00003D7E90CAB5946CB00DC
:10B01000514643EA51735146CA0010461946034649
:10B0200042469B18C7F8B0304B460A4642EB030332
:10B03000C7F8B430D7F8F4305B680022C7F8A830FE
:10B04000C7F8AC20D7E92A120B46DB18BB621346BF
:10B0500042EB0303FB62D7E90A23D7E92C01F5F79A
:10B0600017F902460B460D4BA3FB02135B09642143
:10B0700001FB03F3D31ADB003233084AA2FB03239C
:10B080005B0903F00702D7F8F4301B6822449A608A
:10B0900006E100BF00100140001401401F85EB5184
:10B0A000D7F8FC300022C7F8A030C7F8A420D7E9B1
:10B0B000288942464B46911839625B417B62D7E949
:10B0C000082341465418494643EB01054FF000025E
:10B0D0004FF00003EB0043EA5473E20014461D46B0
:10B0E0004346E318C7F898304B4645EB0303C7F8CF
:10B0F0009C30D7F8F4305B680022C7F89030C7F86E
:10B1000094204FF000024FF00003D7E92445294670
:10B110008B00214643EA917321468A00D7E9260134
:10B12000F5F7B6F802460B46604BA3FB02235B091A
:10B130001C01D7F8FC300022C7F88830C7F88C20F3
:10B14000D7E9228942464B469118B9615B41FB61C0
:10B15000D7E9062341465118396149464B417B6185
:10B160004FF000024FF00003D7E904AB5946CB0083
:10B17000514643EA51735146CA00104619460346E8
:10B1800042469B18C7F880304B460A4642EB030301
:10B19000C7F88430D7F8F4305B680022BB67FA67E1
:10B1A0004FF000024FF00003D7E91E8949468B009B
:10B1B000414643EA917341468A00D7E92001F5F7F9
:10B1C00067F802460B461146384BA3FB01235B0987
:10B1D000642202FB03F3CB1A1B013233334AA2FB76
:10B1E00003235B0903F0F0031C44D7F8FC30002272
:10B1F0003B677A67D7E91C8942464B469118B9608C
:10B200005B41FB60D7E9022341465118396049464A
:10B210004B417B604FF000024FF00003D7E900ABD9
:10B220005946CB00514643EA51735146CA00104675
:10B230001946034642469B18BB664B460A4642EBFC
:10B240000303FB66D7F8F4305B6800223B667A663E
:10B250004FF000024FF00003D7E9188949468B00F0
:10B26000414643EA917341468A00D7E91A01F5F74E
:10B270000FF802460B460D4BA3FB02135B0964213A
:10B2800001FB03F3D31A1B013233084AA2FB032349
:10B290005B0903F00F02D7F8F4301B6822449A6070
:10B2A00000BF07F58077BD46BDE8B08F1F85EB5125
:10B2B00080B487B000AF786039603B681A687B68FB
:10B2C00053F822303A68126823F001017B6843F892
:10B2D00022103B689B68082B02D140237B6101E070
:10B2E00000237B613B685A687B691A433B689B6813
:10B2F0001A433B68DB681A433B681B691A433B6887
:10B300005B691A433B68DB691A433B681B6A1A4353
:10B310003B685B6A1A433B689B6A1A433B68DB6A7B
:10B320001A433B681B6B13433B613B689B693A695B
:10B3300013433B613B68DB6B3A6913433B61104B42
:10B34000FB60FB6843F48063FB60FB6843F4E0232D
:10B35000FB603B681A687B6853F82220FB68DB437C
:10B3600002EA03013B681A683B6919437B6843F8AA
:10B370002210002318461C37BD465DF8047B704739
:10B380007FFB080080B485B000AFF860B9607A60D8
:10B39000BB681A68BB685B681B011A43BB689B6883
:10B3A0001B021A43BB68DB681B041A43BB681B699A
:10B3B000013B1B051A43BB685B69023B1B0642EA63
:10B3C0000301BB689B697A6801321943FB6843F843
:10B3D0002210002318461437BD465DF8047B7047E1
:10B3E00080B485B000AFF860B9607A603B603B68BC
:10B3F000B3F5804F1DD1FB687A6853F82220134BB8
:10B400001340BA681168BA68526812011143BA68E9
:10B41000926812021143BA6892691143BA68D268FD
:10B4200012040A4343EA0201FB687A6843F82210D7
:10B4300005E0FB687A686FF0704143F82210002342
:10B4400018461437BD465DF8047B70470000F0CF06
:10B450000EB410B59DB01FAB029006906FF0004186
:10B460000A48079104910A4953F8042B05910024D6
:10B4700002A9006801931B9400F094F9029B1C70D0
:10B480001DB0BDE8104003B0704700BF3000002081
:10B490000802FFFF02440346934200D1704703F8BD
:10B4A000011BF9E7014B1868704700BF300000200E
:10B4B00070B50D4D0D4C641BA4100026A64209D199
:10B4C0000B4D0C4C00F086FC641BA4100026A64219
:10B4D00005D170BD55F8043B98470136EEE755F8A5
:10B4E000043B98470136F2E770BD020870BD0208C0
:10B4F00070BD020874BD02087047704738B5054634
:10B50000002941D051F8043C0C1F002BB8BFE418AF
:10B5100000F0E0F81D4A136833B9636014602846F0
:10B52000BDE8384000F0DCB8A34208D920682118F3
:10B530008B4201BF19685B6809182160EDE71A4664
:10B540005B680BB1A342FAD911685018A0420BD125
:10B5500020680144501883421160E0D118685B688C
:10B56000536008441060DAE702D90C232B60D6E759
:10B57000206821188B4204BF19685B68636004BFB0
:10B58000091821605460CAE738BD00BF3418002094
:10B5900070B50F4E0C463168054611B900F0A4FB9A
:10B5A00030602146284600F09FFB431C03D14FF03A
:10B5B000FF34204670BDC41C24F00304A042F8D020
:10B5C000211A284600F090FB0130F2D1EFE700BFCE
:10B5D000301800202DE9F843CD1C25F0030508356F
:10B5E0000C2D38BF0C25002D064601DBA94204D9DD
:10B5F0000C2333600020BDE8F883DFF8D48000F02E
:10B6000069F8D8F800301C4644BB29463046FFF79D
:10B61000BFFF431C044658D1D8F800402746002FEE
:10B6200043D1002C4BD023683946304604EB030944
:10B6300000F05AFB814542D121686D1A29463046F7
:10B64000FFF7A6FF01303AD023682B442360D8F8D7
:10B6500000305A6862BBC8F800700FE02268521BC5
:10B6600020D40B2A17D96119A342256018BF59604D
:10B67000636808BFC8F8001062514B60304600F0A4
:10B680002FF804F10B00231D20F00700C21A1CBF85
:10B690001B1AA350AFE76268A3420CBFC8F8002092
:10B6A0005A60EBE723466468AEE73C467F68B6E73E
:10B6B0001A465B68A342FBD100235360DEE70C23EC
:10B6C0003360304600F00CF894E70560D6E700BF21
:10B6D000341800200148FFF70FBF00BF2C180020CE
:10B6E0000148FFF70ABF00BF2C1800202DE9F047E2
:10B6F0008E681F46BE420B6882460C4690462DD887
:10B70000B1F90C2012F4906F26D06569096905EB38
:10B710004505A3EB010905EBD5757B1C4B446D106A
:10B720009D4238BF1D46530527D52946FFF752FFD6
:10B73000064660B321694A4600F0E6FAA38923F47D
:10B74000906343F08003A381266165614E44A5EBBD
:10B7500009052660A5603E46BE4200D93E462068E7
:10B760003246414600F0A6FAA3689B1BA3602368FB
:10B77000334423600020BDE8F0872A4600F0D2FA67
:10B7800006460028E0D121695046FFF7B7FE0C239A
:10B79000CAF80030A38943F04003A3814FF0FF3083
:10B7A000E9E700002DE9F04F98468B891B069DB014
:10B7B00007460D46144610D50B6973B94021FFF7B3
:10B7C00009FF2860286130B90C233B604FF0FF303F
:10B7D0001DB0BDE8F08F40236B6100230993202347
:10B7E0008DF82930CDF80C803023DFF89C818DF85E
:10B7F0002A304FF0010923469A4613F8012B0AB16B
:10B80000252AF9D1BAEB040B0BD05B462246294618
:10B810003846FFF76BFF013000F0A780099A5A44C1
:10B8200009929AF80030002B00F09F8000234FF01F
:10B83000FF32CDE905230AF1010A049307938DF83D
:10B8400053301A935446052214F8011B4E48F4F75E
:10B85000CFFC049AD8B9D00644BF20238DF85330CA
:10B86000110744BF2B238DF853309AF800302A2B50
:10B8700015D0079A544600204FF00A0C214611F8C3
:10B88000013B303B092B4BD9B0B1079214E0A0EB40
:10B89000080309FA03F313430493A246D2E7039B78
:10B8A000191D1B680391002BBBBF5B4242F00202D3
:10B8B00007930793B8BF049223782E2B0AD163789D
:10B8C0002A2B32D1039B1A1D1B68039243EAE373B0
:10B8D00002340593DFF8C0A0217803225046F4F724
:10B8E00087FC38B1049BA0EB0A004022824013433E
:10B8F0000134049314F8011B24488DF82810062203
:10B90000F4F776FC002836D0214B1BBB039B073392
:10B9100023F0070308330393099B334409936AE731
:10B920000CFB02320C460120A8E7002301340593EA
:10B9300019464FF00A0C204610F8012B303A092A1C
:10B9400003D9002BC6D00591C4E70CFB01210446A6
:10B950000123F0E703AB00932A460E4B04A93846B7
:10B96000AFF30080421C0646D6D1AB895B063FF59B
:10B970002DAF09982CE703AB00932A46054B04A989
:10B98000384600F079F8EDE734BD02083EBD020804
:10B9900000000000EDB600083ABD02082DE9F047AE
:10B9A000164698468A680B69DDF820909342B8BF26
:10B9B0001346336091F8432007460C460AB1013321
:10B9C00033602368990642BF3368023333602568C9
:10B9D00015F0060506D104F1190AE36832689B1ACE
:10B9E000AB4226DC94F843302268003B18BF0123A9
:10B9F00092062BD404F1430241463846C847013031
:10BA00001ED02368226903F00603042B02BFE568F9
:10BA10003368ED1AA3680CBF25EAE575002593424B
:10BA2000C4BF9B1AED1800261A34B5421AD1002063
:10BA300008E00123524641463846C847013003D149
:10BA40004FF0FF30BDE8F0870135C6E7E1185A1C1A
:10BA5000302081F84300224494F8451082F84310C6
:10BA60000233C7E70123224641463846C847013022
:10BA7000E6D00136D9E700002DE9FF470F7E0C9E86
:10BA8000782F914680460C469A4601F1430207D82A
:10BA9000622F0AD8002F00F0D180582F00F0B88014
:10BAA00004F1420684F842703AE0A7F16303152BD3
:10BAB000F6D801A151F823F011BB000825BB0008FE
:10BAC000A1BA0008A1BA0008A1BA0008A1BA0008EA
:10BAD00025BB0008A1BA0008A1BA0008A1BA000855
:10BAE000A1BA000823BC00084FBB0008DDBB00085A
:10BAF000A1BA0008A1BA000845BC0008A1BA000814
:10BB00004FBB0008A1BA0008A1BA0008E5BB0008B5
:10BB100033681A1D1B68326004F1420684F8423013
:10BB200001239CE033682068191D3160060601D5A9
:10BB30001D6803E04506FBD5B3F90050002D03DA7C
:10BB40002D236D4284F8433058480A2311E02168C0
:10BB50003368080653F8045B02D4490648BFADB207
:10BB60006F2F5248336014BF0A230823002184F842
:10BB700043106668A660002E05DB21682E4321F085
:10BB8000040121604BD01646B5FBF3F103FB1157BE
:10BB9000C75D06F8017D2F46BB420D46F4D9082B40
:10BBA0000BD12368DF0708D5236961689942DEBF9E
:10BBB000302306F8013C06F1FF36921B2261CDF8D6
:10BBC00000A04B4603AA21464046FFF7E7FE01309E
:10BBD0004AD14FF0FF3004B0BDE8F087236843F04E
:10BBE000200323603248782784F845702368316841
:10BBF0001F0651F8045B02D45F0648BFADB2316046
:10BC0000D90744BF43F0200323601DB11023ADE7E3
:10BC10002648E9E7236823F020032360F6E7164669
:10BC2000BDE7336825686169181D30602E061B6802
:10BC300001D5196002E06806FBD519800023236155
:10BC40001646BCE733681A1D32601E686268002120
:10BC50003046F4F7CDFA08B1801B60606368236159
:10BC6000002384F84330AAE7236932464946404618
:10BC7000D0470130ADD023689B0713D4E068039B05
:10BC80009842B8BF1846A6E70123324649464046C7
:10BC9000D04701309DD00135E36803995B1AAB4270
:10BCA000F2DCEBE7002504F11906F5E745BD0208D3
:10BCB00056BD0208884210B501EB020402D9844245
:10BCC000234607D8431EA14208D011F8012B03F8E0
:10BCD000012FF8E7024401468A4200D110BD13F853
:10BCE000014D02F8014DF7E738B5064D0023044633
:10BCF00008462B60F6F788FB431C02D12B6803B182
:10BD0000236038BD281800200A44914200F1FF3317
:10BD100000D1704710B511F8014B03F8014F914263
:10BD2000F9D110BD2DE9F041074614460D4621B961
:10BD3000BDE8F0411146FFF74DBC2AB9FFF7DEFB25
:10BD400025462846BDE8F08100F01AF884420646F0
:10BD500002D8B4EB500FF4D821463846FFF73AFC2E
:10BD6000804608B94546ECE7B4422246294628BF3A
:10BD70003246FFF7C9FF29463846FFF7BFFBF1E718
:10BD800051F8043C181F002BBCBF0B58C01870475B
:10BD900008B52DED028BB0EE408A00F017F8B4EE36
:10BDA000488AF1EE10FA0CD6DFED078AB4EEE88A85
:10BDB000F1EE10FA05D5FFF775FB88EEA80A2123EE
:10BDC0000360BDEC028B08BD00000000B1EEC00AAC
:10BDD00070470000F8B500BFF8BC08BC9E4670472D
:0CBDE000F8B500BFF8BC08BC9E467047D8
:10BDEC0048454C4C4F000000535441525400000045
:10BDFC0053544F50000000004646543A00000000D7
:10BE0C0025642C000D0A00003000000035300000C5
:10BE1C003130300031353000323030487A0000009B
:10BE2C00583A3020593A30205A3A30204D41583A3D
:10BE3C0030487A00583A256420593A2564205A3AF9
:10BE4C002564204D41583A2564487A002564000049
:10BE5C00534C4F54256420204D41583A2564487A60
:10BE6C0000000000474F4F44000000004341555470
:10BE7C00494F4E004552524F520000005649425213
:10BE8C004154494F4E000000414E414C595A4552C5
:10BE9C00000000003E00000055502F444F574E3A12
:10BEAC00204D4F564500000053454C3A2053454C0D
:10BEBC00454354004D454153555245005341564559
:10BECC0020444154410000004C4F41442044415413
:10BEDC004100000053455454494E475300000000A4
:10BEEC005043204D4F444500C0BE0008C8BE00085A
:10BEFC00D4BE0008E0BE0008ECBE000853454C451B
:10BF0C004354204441544100536C6F742564000029
:10BF1C004D454E553A204241434B000053617665E6
:10BF2C002044617461000000536C6F742025640020
:10BF3C002A00000053454C3A20534156450000005E
:10BF4C0053454C3A204C4F4144000000484F4C4460
:10BF5C002053454C3A2044454C45544500000000C4
:10BF6C0044454C4554453F00534C4F5420256400E8
:10BF7C0053454C3A20594553000000004D454E5551
:10BF8C003A204E4F00000000464654205343414C8B
:10BF9C00452020256400000041564720434F554E54
:10BFAC00542020256400000042555A5A4552202046
:10BFBC004F4E000042555A5A455220204F464600DB
:10BFCC002573000053454C3A204348414E474500E9
:10BFDC00464654205343414C4500000041564720EF
:10BFEC00434F554E5400000042555A5A45520000DA
:10BFFC00DCBF0008E8BF0008F4BF0008424153450D
:10C00C00000000004C49564500000000436F6E6E66
:10C01C0065637420746F2050432E2E2E0000000098
:10C02C005541525420434D443A2048454C4C4F20E6
:10C03C002F205354415254202F2053544F50000062
:10C04C004D454E553A20455849540000436F6E6E8D
:10C05C00656374656420746F205043004D65617393
:10C06C007572696E672E2E2E000000002E2E2E008B
:10C07C00436F6E6E65637420746F205043252E2AB7
:10C08C00730000004D6561737572696E67252E2A09
:10C09C007300000000000000000000000102030417
:10C0AC000607080900000000010203040000803F9D
:10C0BC00000000005E836C3F15EFC33EF304353F78
:10C0CC00F304353F15EFC33E5E836C3F0000000068
:10C0DC000000803F15EFC3BE5E836C3FF30435BF99
:10C0EC00F304353F5E836CBF15EFC33E000080BF89
:10C0FC00000000005E836CBF15EFC3BEF30435BFB8
:10C10C00F30435BF15EFC3BE5E836CBF0000008027
:10C11C00000080BF15EFC33E5E836CBFF304353F58
:10C12C00F30435BF5E836C3F15EFC3BE0000803F48
:10C13C0000000000BE147B3FC2C5473E5E836C3FCF
:10C14C0015EFC33E31DB543FDA390E3FF304353F74
:10C15C00F304353FDA390E3F31DB543F15EFC33E64
:10C16C005E836C3FC2C5473EBE147B3F000000009F
:10C17C000000803FC2C547BEBE147B3F15EFC3BE57
:10C18C005E836C3FDA390EBF31DB543FF30435BFAD
:10C19C00F304353F31DB54BFDA390E3F5E836CBF9D
:10C1AC0015EFC33EBE147BBFC2C5473E000080BF27
:10C1BC0000000000BE147BBFC2C547BE5E836CBFCF
:10C1CC0015EFC3BE31DB54BFDA390EBFF30435BFF4
:10C1DC00F30435BFDA390EBF31DB54BF15EFC3BEE4
:10C1EC005E836CBFC2C547BEBE147BBF000000801F
:10C1FC00000080BFC2C5473EBE147BBF15EFC33ED7
:10C20C005E836CBFDA390E3F31DB54BFF304353F2C
:10C21C00F30435BF31DB543FDA390EBF5E836C3F1C
:10C22C0015EFC3BEBE147B3FC2C547BE0000803FA6
:10C23C00000000006DC47E3F36BDC83DBE147B3F80
:10C24C00C2C5473E0BFA743F31A0943E5E836C3FEF
:10C25C0015EFC33E98C5613FEA5AF13E31DB543FBE
:10C26C00DA390E3F03E4453F9967223FF304353F2B
:10C27C00F304353F9967223F03E4453FDA390E3F1B
:10C28C0031DB543FEA5AF13E98C5613F15EFC33E8E
:10C29C005E836C3F31A0943E0BFA743FC2C5473E9F
:10C2AC00BE147B3F36BDC83D6DC47E3F0000000010
:10C2BC000000803F36BDC8BD6DC47E3FC2C547BEC1
:10C2CC00BE147B3F31A094BE0BFA743F15EFC3BE76
:10C2DC005E836C3FEA5AF1BE98C5613FDA390EBFF6
:10C2EC0031DB543F996722BF03E4453FF30435BF6C
:10C2FC00F304353F03E445BF9967223F31DB54BF5C
:10C30C00DA390E3F98C561BFEA5AF13E5E836CBFC5
:10C31C0015EFC33E0BFA74BF31A0943EBE147BBF25
:10C32C00C2C5473E6DC47EBF36BDC83D000080BF50
:10C33C00000000006DC47EBF36BDC8BDBE147BBFFF
:10C34C00C2C547BE0BFA74BF31A094BE5E836CBFEE
:10C35C0015EFC3BE98C561BFEA5AF1BE31DB54BFBD
:10C36C00DA390EBF03E445BF996722BFF30435BF2A
:10C37C00F30435BF996722BF03E445BFDA390EBF1A
:10C38C0031DB54BFEA5AF1BE98C561BF15EFC3BE8D
:10C39C005E836CBF31A094BE0BFA74BFC2C547BE9E
:10C3AC00BE147BBF36BDC8BD6DC47EBF000000800F
:10C3BC00000080BF36BDC83D6DC47EBFC2C5473EC0
:10C3CC00BE147BBF31A0943E0BFA74BF15EFC33E75
:10C3DC005E836CBFEA5AF13E98C561BFDA390E3FF5
:10C3EC0031DB54BF9967223F03E445BFF304353F6B
:10C3FC00F30435BF03E4453F996722BF31DB543F5B
:10C40C00DA390EBF98C5613FEA5AF1BE5E836C3FC4
:10C41C0015EFC3BE0BFA743F31A094BEBE147B3F24
:10C42C00C2C547BE6DC47E3F36BDC8BD0000803F4F
:10C43C00000000000FB17F3F2FFB483D6DC47E3FD5
:10C44C0036BDC83DAC3A7D3F8340163EBE147B3FA3
:10C45C00C2C5473EF853783FCCCF783E0BFA743FB9
:10C46C0031A0943E0809713FD47CAC3E5E836C3F96
:10C47C0015EFC33ED86B673F80E8DA3E98C5613F45
:10C48C00EA5AF13E1A945B3F3D9C033F31DB543F2B
:10C49C00DA390E3F029F4D3FC07F183F03E4453F02
:10C4AC009967223FF9AE3D3F4AEB2B3FF304353FF2
:10C4BC00F304353F4AEB2B3FF9AE3D3F9967223FE2
:10C4CC0003E4453FC07F183F029F4D3FDA390E3FD2
:10C4DC0031DB543F3D9C033F1A945B3FEA5AF13EDB
:10C4EC0098C5613F80E8DA3ED86B673F15EFC33ED5
:10C4FC005E836C3FD47CAC3E0809713F31A0943E06
:10C50C000BFA743FCCCF783EF853783FC2C5473E08
:10C51C00BE147B3F8340163EAC3A7D3F36BDC83DD2
:10C52C006DC47E3F2FFB483D0FB17F3F00000000E4
:10C53C000000803F2FFB48BD0FB17F3F36BDC8BD0B
:10C54C006DC47E3F834016BEAC3A7D3FC2C547BE2C
:10C55C00BE147B3FCCCF78BEF853783F31A094BE4D
:10C56C000BFA743FD47CACBE0809713F15EFC3BE07
:10C57C005E836C3F80E8DABED86B673FEA5AF1BE47
:10C58C0098C5613F3D9C03BF1A945B3FDA390EBFDF
:10C59C0031DB543FC07F18BF029F4D3F996722BFCC
:10C5AC0003E4453F4AEB2BBFF9AE3D3FF30435BFE7
:10C5BC00F304353FF9AE3DBF4AEB2B3F03E445BFD7
:10C5CC009967223F029F4DBFC07F183F31DB54BF9C
:10C5DC00DA390E3F1A945BBF3D9C033F98C561BF8F
:10C5EC00EA5AF13ED86B67BF80E8DA3E5E836CBFD7
:10C5FC0015EFC33E080971BFD47CAC3E0BFA74BF77
:10C60C0031A0943EF85378BFCCCF783EBE147BBF9C
:10C61C00C2C5473EAC3A7DBF8340163E6DC47EBF5B
:10C62C0036BDC83D0FB17FBF2FFB483D000080BF1A
:10C63C00000000000FB17FBF2FFB48BD6DC47EBF53
:10C64C0036BDC8BDAC3A7DBF834016BEBE147BBFA1
:10C65C00C2C547BEF85378BFCCCF78BE0BFA74BFB7
:10C66C0031A094BE080971BFD47CACBE5E836CBF94
:10C67C0015EFC3BED86B67BF80E8DABE98C561BF43
:10C68C00EA5AF1BE1A945BBF3D9C03BF31DB54BF29
:10C69C00DA390EBF029F4DBFC07F18BF03E445BF00
:10C6AC00996722BFF9AE3DBF4AEB2BBFF30435BFF0
:10C6BC00F30435BF4AEB2BBFF9AE3DBF996722BFE0
:10C6CC0003E445BFC07F18BF029F4DBFDA390EBFD0
:10C6DC0031DB54BF3D9C03BF1A945BBFEA5AF1BED9
:10C6EC0098C561BF80E8DABED86B67BF15EFC3BED3
:10C6FC005E836CBFD47CACBE080971BF31A094BE04
:10C70C000BFA74BFCCCF78BEF85378BFC2C547BE06
:10C71C00BE147BBF834016BEAC3A7DBF36BDC8BDD0
:10C72C006DC47EBF2FFB48BD0FB17FBF00000080E2
:10C73C00000080BF2FFB483D0FB17FBF36BDC83D09
:10C74C006DC47EBF8340163EAC3A7DBFC2C5473E2A
:10C75C00BE147BBFCCCF783EF85378BF31A0943E4B
:10C76C000BFA74BFD47CAC3E080971BF15EFC33E05
:10C77C005E836CBF80E8DA3ED86B67BFEA5AF13E45
:10C78C0098C561BF3D9C033F1A945BBFDA390E3FDD
:10C79C0031DB54BFC07F183F029F4DBF9967223FCA
:10C7AC0003E445BF4AEB2B3FF9AE3DBFF304353FE5
:10C7BC00F30435BFF9AE3D3F4AEB2BBF03E4453FD5
:10C7CC00996722BF029F4D3FC07F18BF31DB543F9A
:10C7DC00DA390EBF1A945B3F3D9C03BF98C5613F8D
:10C7EC00EA5AF1BED86B673F80E8DABE5E836C3FD5
:10C7FC0015EFC3BE0809713FD47CACBE0BFA743F75
:10C80C0031A094BEF853783FCCCF78BEBE147B3F9A
:10C81C00C2C547BEAC3A7D3F834016BE6DC47E3F59
:10C82C0036BDC8BD0FB17F3F2FFB48BD0000803F18
:10C83C000000000043EC7F3FB00AC93C0FB17F3FC2
:10C84C002FFB483D6D4E7F3F05A9963D6DC47E3F45
:10C85C0036BDC83D24137E3F73B2FA3DAC3A7D3FE2
:10C86C008340163E283B7C3FA2102F3EBE147B3FDC
:10C87C00C2C5473E9DC7793F135C603EF853783F75
:10C88C00CCCF783E07BA763F938E883E0BFA743F36
:10C89C0031A0943E4714733FE59AA03E0809713FBE
:10C8AC00D47CAC3E9ED86E3F2A44B83E5E836C3F2F
:10C8BC0015EFC33EA7096A3FCA7BCF3ED86B673FD3
:10C8CC0080E8DA3E59AA643F7533E63E98C5613F6D
:10C8DC00EA5AF13E05BE5E3F275DFC3E1A945B3F73
:10C8EC003D9C033F5348583F9BF5083F31DB543F79
:10C8FC00DA390E3F3D4D513F2A68133F029F4D3FA1
:10C90C00C07F183F12D1493FD17F1D3F03E4453F03
:10C91C009967223F70D8413F5636273FF9AE3D3FCD
:10C92C004AEB2B3F4268393FBB85303FF304353F20
:10C93C00F304353FBB85303F4268393F4AEB2B3F10
:10C94C00F9AE3D3F5636273F70D8413F9967223F9D
:10C95C0003E4453FD17F1D3F12D1493FC07F183FB3
:10C96C00029F4D3F2A68133F3D4D513FDA390E3F30
:10C97C0031DB543F9BF5083F5348583F3D9C033FE8
:10C98C001A945B3F275DFC3E05BE5E3FEA5AF13EC2
:10C99C0098C5613F7533E63E59AA643F80E8DA3E9C
:10C9AC00D86B673FCA7BCF3EA7096A3F15EFC33EE2
:10C9BC005E836C3F2A44B83E9ED86E3FD47CAC3E1E
:10C9CC000809713FE59AA03E4714733F31A0943E8D
:10C9DC000BFA743F938E883E07BA763FCCCF783EE5
:10C9EC00F853783F135C603E9DC7793FC2C5473E04
:10C9FC00BE147B3FA2102F3E283B7C3F8340163E4B
:10CA0C00AC3A7D3F73B2FA3D24137E3F36BDC83D30
:10CA1C006DC47E3F05A9963D6D4E7F3F2FFB483D73
:10CA2C000FB17F3FB00AC93C43EC7F3F00000000D0
:10CA3C000000803FB00AC9BC43EC7F3F2FFB48BDD0
:10CA4C000FB17F3F05A996BD6D4E7F3F36BDC8BD6A
:10CA5C006DC47E3F73B2FABD24137E3F834016BE75
:10CA6C00AC3A7D3FA2102FBE283B7C3FC2C547BECF
:10CA7C00BE147B3F135C60BE9DC7793FCCCF78BEA4
:10CA8C00F853783F938E88BE07BA763F31A094BE98
:10CA9C000BFA743FE59AA0BE4714733FD47CACBE2E
:10CAAC000809713F2A44B8BE9ED86E3F15EFC3BE2D
:10CABC005E836C3FCA7BCFBEA7096A3F80E8DABEB3
:10CACC00D86B673F7533E6BE59AA643FEA5AF1BE8C
:10CADC0098C5613F275DFCBE05BE5E3F3D9C03BF14
:10CAEC001A945B3F9BF508BF5348583FDA390EBF89
:10CAFC0031DB543F2A6813BF3D4D513FC07F18BFF7
:10CB0C00029F4D3FD17F1DBF12D1493F996722BF74
:10CB1C0003E4453F563627BF70D8413F4AEB2BBF45
:10CB2C00F9AE3D3FBB8530BF4268393FF30435BF9A
:10CB3C00F304353F426839BFBB85303FF9AE3DBF8A
:10CB4C004AEB2B3F70D841BF5636273F03E445BF15
:10CB5C009967223F12D149BFD17F1D3F029F4DBF24
:10CB6C00C07F183F3D4D51BF2A68133F31DB54BF86
:10CB7C00DA390E3F534858BF9BF5083F1A945BBFF8
:10CB8C003D9C033F05BE5EBF275DFC3E98C561BF63
:10CB9C00EA5AF13E59AA64BF7533E63ED86B67BFBB
:10CBAC0080E8DA3EA7096ABFCA7BCF3E5E836CBFC2
:10CBBC0015EFC33E9ED86EBF2A44B83E080971BF1C
:10CBCC00D47CAC3E471473BFE59AA03E0BFA74BFFD
:10CBDC0031A0943E07BA76BF938E883EF85378BF47
:10CBEC00CCCF783E9DC779BF135C603EBE147BBF33
:10CBFC00C2C5473E283B7CBFA2102F3EAC3A7DBF3E
:10CC0C008340163E24137EBF73B2FA3D6DC47EBFC3
:10CC1C0036BDC83D6D4E7FBF05A9963D0FB17FBF98
:10CC2C002FFB483D43EC7FBFB00AC93C000080BFDE
:10CC3C000000000043EC7FBFB00AC9BC0FB17FBF3E
:10CC4C002FFB48BD6D4E7FBF05A996BD6DC47EBF41
:10CC5C0036BDC8BD24137EBF73B2FABDAC3A7DBFDE
:10CC6C00834016BE283B7CBFA2102FBEBE147BBFD8
:10CC7C00C2C547BE9DC779BF135C60BEF85378BF71
:10CC8C00CCCF78BE07BA76BF938E88BE0BFA74BF32
:10CC9C0031A094BE471473BFE59AA0BE080971BFBA
:10CCAC00D47CACBE9ED86EBF2A44B8BE5E836CBF2B
:10CCBC0015EFC3BEA7096ABFCA7BCFBED86B67BFCF
:10CCCC0080E8DABE59AA64BF7533E6BE98C561BF69
:10CCDC00EA5AF1BE05BE5EBF275DFCBE1A945BBF6F
:10CCEC003D9C03BF534858BF9BF508BF31DB54BF75
:10CCFC00DA390EBF3D4D51BF2A6813BF029F4DBF9D
:10CD0C00C07F18BF12D149BFD17F1DBF03E445BFFF
:10CD1C00996722BF70D841BF563627BFF9AE3DBFC9
:10CD2C004AEB2BBF426839BFBB8530BFF30435BF1C
:10CD3C00F30435BFBB8530BF426839BF4AEB2BBF0C
:10CD4C00F9AE3DBF563627BF70D841BF996722BF99
:10CD5C0003E445BFD17F1DBF12D149BFC07F18BFAF
:10CD6C00029F4DBF2A6813BF3D4D51BFDA390EBF2C
:10CD7C0031DB54BF9BF508BF534858BF3D9C03BFE4
:10CD8C001A945BBF275DFCBE05BE5EBFEA5AF1BEBE
:10CD9C0098C561BF7533E6BE59AA64BF80E8DABE98
:10CDAC00D86B67BFCA7BCFBEA7096ABF15EFC3BEDE
:10CDBC005E836CBF2A44B8BE9ED86EBFD47CACBE1A
:10CDCC00080971BFE59AA0BE471473BF31A094BE89
:10CDDC000BFA74BF938E88BE07BA76BFCCCF78BEE1
:10CDEC00F85378BF135C60BE9DC779BFC2C547BE00
:10CDFC00BE147BBFA2102FBE283B7CBF834016BE47
:10CE0C00AC3A7DBF73B2FABD24137EBF36BDC8BD2C
:10CE1C006DC47EBF05A996BD6D4E7FBF2FFB48BD6F
:10CE2C000FB17FBFB00AC9BC43EC7FBF00000080CC
:10CE3C00000080BFB00AC93C43EC7FBF2FFB483DCC
:10CE4C000FB17FBF05A9963D6D4E7FBF36BDC83D66
:10CE5C006DC47EBF73B2FA3D24137EBF8340163E71
:10CE6C00AC3A7DBFA2102F3E283B7CBFC2C5473ECB
:10CE7C00BE147BBF135C603E9DC779BFCCCF783EA0
:10CE8C00F85378BF938E883E07BA76BF31A0943E94
:10CE9C000BFA74BFE59AA03E471473BFD47CAC3E2A
:10CEAC00080971BF2A44B83E9ED86EBF15EFC33E29
:10CEBC005E836CBFCA7BCF3EA7096ABF80E8DA3EAF
:10CECC00D86B67BF7533E63E59AA64BFEA5AF13E88
:10CEDC0098C561BF275DFC3E05BE5EBF3D9C033F10
:10CEEC001A945BBF9BF5083F534858BFDA390E3F85
:10CEFC0031DB54BF2A68133F3D4D51BFC07F183FF3
:10CF0C00029F4DBFD17F1D3F12D149BF9967223F70
:10CF1C0003E445BF5636273F70D841BF4AEB2B3F41
:10CF2C00F9AE3DBFBB85303F426839BFF304353F96
:10CF3C00F30435BF4268393FBB8530BFF9AE3D3F86
:10CF4C004AEB2BBF70D8413F563627BF03E4453F11
:10CF5C00996722BF12D1493FD17F1DBF029F4D3F20
:10CF6C00C07F18BF3D4D513F2A6813BF31DB543F82
:10CF7C00DA390EBF5348583F9BF508BF1A945B3FF4
:10CF8C003D9C03BF05BE5E3F275DFCBE98C5613F5F
:10CF9C00EA5AF1BE59AA643F7533E6BED86B673FB7
:10CFAC0080E8DABEA7096A3FCA7BCFBE5E836C3FBE
:10CFBC0015EFC3BE9ED86E3F2A44B8BE0809713F18
:10CFCC00D47CACBE4714733FE59AA0BE0BFA743FF9
:10CFDC0031A094BE07BA763F938E88BEF853783F43
:10CFEC00CCCF78BE9DC7793F135C60BEBE147B3F2F
:10CFFC00C2C547BE283B7C3FA2102FBEAC3A7D3F3A
:10D00C00834016BE24137E3F73B2FABD6DC47E3FBF
:10D01C0036BDC8BD6D4E7F3F05A996BD0FB17F3F94
:10D02C002FFB48BD43EC7F3FB00AC9BC0000803FDA
:10D03C000000000011FB7F3F900E493C43EC7F3F0A
:10D04C00B00AC93C98D37F3F2CC3163D0FB17F3F2C
:10D05C002FFB483DAB847F3F742B7B3D6D4E7F3F58
:10D06C0005A9963D580E7F3F80B6AF3D6DC47E3FFF
:10D07C0036BDC83DB0707E3F2EBCE13D24137E3FD3
:10D08C0073B2FA3DCCAB7D3F86CF093EAC3A7D3FC7
:10D09C008340163EC9BF7C3FB6AB223E283B7C3F4B
:10D0AC00A2102F3ECDAC7B3FCF6E3B3EBE147B3FE0
:10D0BC00C2C5473E02737A3F0115543E9DC7793F66
:10D0CC00135C603E9812793F7F9A6C3EF853783F20
:10D0DC00CCCF783EC58B773FC07D823E07BA763F7A
:10D0EC00938E883EC6DE753F229A8E3E0BFA743FB5
:10D0FC0031A0943EDD0B743F86A09A3E4714733FDB
:10D10C00E59AA03E5213723F128FA63E0809713F5A
:10D11C00D47CAC3E73F56F3FEF63B23E9ED86E3F4E
:10D12C002A44B83E93B26D3F4A1DBE3E5E836C3FAF
:10D13C0015EFC33E0C4B6B3F53B9C93EA7096A3F71
:10D14C00CA7BCF3E3CBF683F4136D53ED86B673F6C
:10D15C0080E8DA3E880F663F4F92E03E59AA643F62
:10D16C007533E63E5A3C633FBBCBEB3E98C5613F03
:10D17C00EA5AF13E2146603FCBE0F63E05BE5E3FEB
:10D18C00275DFC3E532D5D3FE4E7003F1A945B3F67
:10D19C003D9C033F6AF2593F824B063F5348583F30
:10D1AC009BF5083FE595563F6B9A0B3F31DB543F9F
:10D1BC00DA390E3F4918533FCDD3103F3D4D513F07
:10D1CC002A68133F1F7A4F3FD9F6153F029F4D3FF8
:10D1DC00C07F183FF8BB4B3FC6021B3F12D1493FE3
:10D1EC00D17F1D3F65DE473FCBF61F3F03E4453F34
:10D1FC009967223F00E2433F25D2243F70D8413F3C
:10D20C005636273F67C73F3F1594293FF9AE3D3F40
:10D21C004AEB2B3F3B8F3B3FDE3B2E3F4268393F77
:10D22C00BB85303F233A373FC9C8323FF304353F03
:10D23C00F304353FC9C8323F233A373FBB85303FF3
:10D24C004268393FDE3B2E3F3B8F3B3F4AEB2B3F47
:10D25C00F9AE3D3F1594293F67C73F3F5636273FF0
:10D26C0070D8413F25D2243F00E2433F9967223FCB
:10D27C0003E4453FCBF61F3F65DE473FD17F1D3FA3
:10D28C0012D1493FC6021B3FF8BB4B3FC07F183F32
:10D29C00029F4D3FD9F6153F1F7A4F3F2A68133F27
:10D2AC003D4D513FCDD3103F4918533FDA390E3F16
:10D2BC0031DB543F6B9A0B3FE595563F9BF5083F8E
:10D2CC005348583F824B063F6AF2593F3D9C033FFF
:10D2DC001A945B3FE4E7003F532D5D3F275DFC3E16
:10D2EC0005BE5E3FCBE0F63E2146603FEA5AF13E7A
:10D2FC0098C5613FBBCBEB3E5A3C633F7533E63E72
:10D30C0059AA643F4F92E03E880F663F80E8DA3EB0
:10D31C00D86B673F4136D53E3CBF683FCA7BCF3E9A
:10D32C00A7096A3F53B9C93E0C4B6B3F15EFC33E7F
:10D33C005E836C3F4A1DBE3E93B26D3F2A44B83E9D
:10D34C009ED86E3FEF63B23E73F56F3FD47CAC3E1C
:10D35C000809713F128FA63E5213723FE59AA03E08
:10D36C004714733F86A09A3EDD0B743F31A0943E68
:10D37C000BFA743F229A8E3EC6DE753F938E883E22
:10D38C0007BA763FC07D823EC58B773FCCCF783EC7
:10D39C00F853783F7F9A6C3E9812793F135C603E4D
:10D3AC009DC7793F0115543E02737A3FC2C5473E73
:10D3BC00BE147B3FCF6E3B3ECDAC7B3FA2102F3ECD
:10D3CC00283B7C3FB6AB223EC9BF7C3F8340163E18
:10D3DC00AC3A7D3F86CF093ECCAB7D3F73B2FA3D74
:10D3EC0024137E3F2EBCE13DB0707E3F36BDC83D60
:10D3FC006DC47E3F80B6AF3D580E7F3F05A9963D6C
:10D40C006D4E7F3F742B7B3DAB847F3F2FFB483DA4
:10D41C000FB17F3F2CC3163D98D37F3FB00AC93C58
:10D42C0043EC7F3F900E493C11FB7F3F0000000016
:10D43C000000803F900E49BC11FB7F3FB00AC9BC75
:10D44C0043EC7F3F2CC316BD98D37F3F2FFB48BDC9
:10D45C000FB17F3F742B7BBDAB847F3F05A996BD7D
:10D46C006D4E7F3F80B6AFBD580E7F3F36BDC8BDF9
:10D47C006DC47E3F2EBCE1BDB0707E3F73B2FABD71
:10D48C0024137E3F86CF09BECCAB7D3F834016BEB6
:10D49C00AC3A7D3FB6AB22BEC9BF7C3FA2102FBEBB
:10D4AC00283B7C3FCF6E3BBECDAC7B3FC2C547BE5D
:10D4BC00BE147B3F011554BE02737A3F135C60BEF1
:10D4CC009DC7793F7F9A6CBE9812793FCCCF78BEBE
:10D4DC00F853783FC07D82BEC58B773F938E88BE54
:10D4EC0007BA763F229A8EBEC6DE753F31A094BE37
:10D4FC000BFA743F86A09ABEDD0B743FE59AA0BE72
:10D50C004714733F128FA6BE5213723FD47CACBE2D
:10D51C000809713FEF63B2BE73F56F3F2A44B8BE82
:10D52C009ED86E3F4A1DBEBE93B26D3F15EFC3BE73
:10D53C005E836C3F53B9C9BE0C4B6B3FCA7BCFBEED
:10D54C00A7096A3F4136D5BE3CBF683F80E8DABECA
:10D55C00D86B673F4F92E0BE880F663F7533E6BECF
:10D56C0059AA643FBBCBEBBE5A3C633FEA5AF1BEAF
:10D57C0098C5613FCBE0F6BE2146603F275DFCBEFF
:10D58C0005BE5E3FE4E700BF532D5D3F3D9C03BFEE
:10D59C001A945B3F824B06BF6AF2593F9BF508BF5A
:10D5AC005348583F6B9A0BBFE595563FDA390EBF7F
:10D5BC0031DB543FCDD310BF4918533F2A6813BFFA
:10D5CC003D4D513FD9F615BF1F7A4F3FC07F18BF55
:10D5DC00029F4D3FC6021BBFF8BB4B3FD17F1DBF07
:10D5EC0012D1493FCBF61FBF65DE473F996722BF7B
:10D5FC0003E4453F25D224BF00E2433F563627BF04
:10D60C0070D8413F159429BF67C73F3F4AEB2BBFEA
:10D61C00F9AE3D3FDE3B2EBF3B8F3B3FBB8530BF62
:10D62C004268393FC9C832BF233A373FF30435BF8C
:10D63C00F304353F233A37BFC9C8323F426839BF7C
:10D64C00BB85303F3B8F3BBFDE3B2E3FF9AE3DBF32
:10D65C004AEB2B3F67C73FBF1594293F70D841BF9A
:10D66C005636273F00E243BF25D2243F03E445BF93
:10D67C009967223F65DE47BFCBF61F3F12D149BFEA
:10D68C00D17F1D3FF8BB4BBFC6021B3F029F4DBF56
:10D69C00C07F183F1F7A4FBFD9F6153F3D4D51BF84
:10D6AC002A68133F491853BFCDD3103F31DB54BF09
:10D6BC00DA390E3FE59556BF6B9A0B3F534858BF6E
:10D6CC009BF5083F6AF259BF824B063F1A945BBF29
:10D6DC003D9C033F532D5DBFE4E7003F05BE5EBF9D
:10D6EC00275DFC3E214660BFCBE0F63E98C561BF8E
:10D6FC00EA5AF13E5A3C63BFBBCBEB3E59AA64BF1E
:10D70C007533E63E880F66BF4F92E03ED86B67BF1D
:10D71C0080E8DA3E3CBF68BF4136D53EA7096ABFF8
:10D72C00CA7BCF3E0C4B6BBF53B9C93E5E836CBFFB
:10D73C0015EFC33E93B26DBF4A1DBE3E9ED86EBF61
:10D74C002A44B83E73F56FBFEF63B23E080971BF50
:10D75C00D47CAC3E521372BF128FA63E471473BFDB
:10D76C00E59AA03EDD0B74BF86A09A3E0BFA74BFFF
:10D77C0031A0943EC6DE75BF229A8E3E07BA76BFA4
:10D78C00938E883EC58B77BFC07D823EF85378BFA1
:10D79C00CCCF783E981279BF7F9A6C3E9DC779BFEB
:10D7AC00135C603E02737ABF0115543EBE147BBFFE
:10D7BC00C2C5473ECDAC7BBFCF6E3B3E283B7CBF4A
:10D7CC00A2102F3EC9BF7CBFB6AB223EAC3A7DBF88
:10D7DC008340163ECCAB7DBF86CF093E24137EBF63
:10D7EC0073B2FA3DB0707EBF2EBCE13D6DC47EBFFE
:10D7FC0036BDC83D580E7FBF80B6AF3D6D4E7FBF66
:10D80C0005A9963DAB847FBF742B7B3D0FB17FBFC9
:10D81C002FFB483D98D37FBF2CC3163D43EC7FBFF5
:10D82C00B00AC93C11FB7FBF900E493C000080BF81
:10D83C000000000011FB7FBF900E49BC43EC7FBF82
:10D84C00B00AC9BC98D37FBF2CC316BD0FB17FBF24
:10D85C002FFB48BDAB847FBF742B7BBD6D4E7FBF50
:10D86C0005A996BD580E7FBF80B6AFBD6DC47EBFF7
:10D87C0036BDC8BDB0707EBF2EBCE1BD24137EBFCB
:10D88C0073B2FABDCCAB7DBF86CF09BEAC3A7DBFBF
:10D89C00834016BEC9BF7CBFB6AB22BE283B7CBF43
:10D8AC00A2102FBECDAC7BBFCF6E3BBEBE147BBFD8
:10D8BC00C2C547BE02737ABF011554BE9DC779BF5E
:10D8CC00135C60BE981279BF7F9A6CBEF85378BF18
:10D8DC00CCCF78BEC58B77BFC07D82BE07BA76BF72
:10D8EC00938E88BEC6DE75BF229A8EBE0BFA74BFAD
:10D8FC0031A094BEDD0B74BF86A09ABE471473BFD3
:10D90C00E59AA0BE521372BF128FA6BE080971BF52
:10D91C00D47CACBE73F56FBFEF63B2BE9ED86EBF46
:10D92C002A44B8BE93B26DBF4A1DBEBE5E836CBFA7
:10D93C0015EFC3BE0C4B6BBF53B9C9BEA7096ABF69
:10D94C00CA7BCFBE3CBF68BF4136D5BED86B67BF64
:10D95C0080E8DABE880F66BF4F92E0BE59AA64BF5A
:10D96C007533E6BE5A3C63BFBBCBEBBE98C561BFFB
:10D97C00EA5AF1BE214660BFCBE0F6BE05BE5EBFE3
:10D98C00275DFCBE532D5DBFE4E700BF1A945BBF5F
:10D99C003D9C03BF6AF259BF824B06BF534858BF28
:10D9AC009BF508BFE59556BF6B9A0BBF31DB54BF97
:10D9BC00DA390EBF491853BFCDD310BF3D4D51BFFF
:10D9CC002A6813BF1F7A4FBFD9F615BF029F4DBFF0
:10D9DC00C07F18BFF8BB4BBFC6021BBF12D149BFDB
:10D9EC00D17F1DBF65DE47BFCBF61FBF03E445BF2C
:10D9FC00996722BF00E243BF25D224BF70D841BF34
:10DA0C00563627BF67C73FBF159429BFF9AE3DBF38
:10DA1C004AEB2BBF3B8F3BBFDE3B2EBF426839BF6F
:10DA2C00BB8530BF233A37BFC9C832BFF30435BFFB
:10DA3C00F30435BFC9C832BF233A37BFBB8530BFEB
:10DA4C00426839BFDE3B2EBF3B8F3BBF4AEB2BBF3F
:10DA5C00F9AE3DBF159429BF67C73FBF563627BFE8
:10DA6C0070D841BF25D224BF00E243BF996722BFC3
:10DA7C0003E445BFCBF61FBF65DE47BFD17F1DBF9B
:10DA8C0012D149BFC6021BBFF8BB4BBFC07F18BF2A
:10DA9C00029F4DBFD9F615BF1F7A4FBF2A6813BF1F
:10DAAC003D4D51BFCDD310BF491853BFDA390EBF0E
:10DABC0031DB54BF6B9A0BBFE59556BF9BF508BF86
:10DACC00534858BF824B06BF6AF259BF3D9C03BFF7
:10DADC001A945BBFE4E700BF532D5DBF275DFCBE0E
:10DAEC0005BE5EBFCBE0F6BE214660BFEA5AF1BE72
:10DAFC0098C561BFBBCBEBBE5A3C63BF7533E6BE6A
:10DB0C0059AA64BF4F92E0BE880F66BF80E8DABEA8
:10DB1C00D86B67BF4136D5BE3CBF68BFCA7BCFBE92
:10DB2C00A7096ABF53B9C9BE0C4B6BBF15EFC3BE77
:10DB3C005E836CBF4A1DBEBE93B26DBF2A44B8BE95
:10DB4C009ED86EBFEF63B2BE73F56FBFD47CACBE14
:10DB5C00080971BF128FA6BE521372BFE59AA0BE00
:10DB6C00471473BF86A09ABEDD0B74BF31A094BE60
:10DB7C000BFA74BF229A8EBEC6DE75BF938E88BE1A
:10DB8C0007BA76BFC07D82BEC58B77BFCCCF78BEBF
:10DB9C00F85378BF7F9A6CBE981279BF135C60BE45
:10DBAC009DC779BF011554BE02737ABFC2C547BE6B
:10DBBC00BE147BBFCF6E3BBECDAC7BBFA2102FBEC5
:10DBCC00283B7CBFB6AB22BEC9BF7CBF834016BE10
:10DBDC00AC3A7DBF86CF09BECCAB7DBF73B2FABD6C
:10DBEC0024137EBF2EBCE1BDB0707EBF36BDC8BD58
:10DBFC006DC47EBF80B6AFBD580E7FBF05A996BD64
:10DC0C006D4E7FBF742B7BBDAB847FBF2FFB48BD9C
:10DC1C000FB17FBF2CC316BD98D37FBFB00AC9BC50
:10DC2C0043EC7FBF900E49BC11FB7FBF000000800E
:10DC3C00000080BF900E493C11FB7FBFB00AC93C6D
:10DC4C0043EC7FBF2CC3163D98D37FBF2FFB483DC1
:10DC5C000FB17FBF742B7B3DAB847FBF05A9963D75
:10DC6C006D4E7FBF80B6AF3D580E7FBF36BDC83DF1
:10DC7C006DC47EBF2EBCE13DB0707EBF73B2FA3D69
:10DC8C0024137EBF86CF093ECCAB7DBF8340163EAE
:10DC9C00AC3A7DBFB6AB223EC9BF7CBFA2102F3EB3
:10DCAC00283B7CBFCF6E3B3ECDAC7BBFC2C5473E55
:10DCBC00BE147BBF0115543E02737ABF135C603EE9
:10DCCC009DC779BF7F9A6C3E981279BFCCCF783EB6
:10DCDC00F85378BFC07D823EC58B77BF938E883E4C
:10DCEC0007BA76BF229A8E3EC6DE75BF31A0943E2F
:10DCFC000BFA74BF86A09A3EDD0B74BFE59AA03E6A
:10DD0C00471473BF128FA63E521372BFD47CAC3E25
:10DD1C00080971BFEF63B23E73F56FBF2A44B83E7A
:10DD2C009ED86EBF4A1DBE3E93B26DBF15EFC33E6B
:10DD3C005E836CBF53B9C93E0C4B6BBFCA7BCF3EE5
:10DD4C00A7096ABF4136D53E3CBF68BF80E8DA3EC2
:10DD5C00D86B67BF4F92E03E880F66BF7533E63EC7
:10DD6C0059AA64BFBBCBEB3E5A3C63BFEA5AF13EA7
:10DD7C0098C561BFCBE0F63E214660BF275DFC3EF7
:10DD8C0005BE5EBFE4E7003F532D5DBF3D9C033FE6
:10DD9C001A945BBF824B063F6AF259BF9BF5083F52
:10DDAC00534858BF6B9A0B3FE59556BFDA390E3F77
:10DDBC0031DB54BFCDD3103F491853BF2A68133FF2
:10DDCC003D4D51BFD9F6153F1F7A4FBFC07F183F4D
:10DDDC00029F4DBFC6021B3FF8BB4BBFD17F1D3FFF
:10DDEC0012D149BFCBF61F3F65DE47BF9967223F73
:10DDFC0003E445BF25D2243F00E243BF5636273FFC
:10DE0C0070D841BF1594293F67C73FBF4AEB2B3FE2
:10DE1C00F9AE3DBFDE3B2E3F3B8F3BBFBB85303F5A
:10DE2C00426839BFC9C8323F233A37BFF304353F84
:10DE3C00F30435BF233A373FC9C832BF4268393F74
:10DE4C00BB8530BF3B8F3B3FDE3B2EBFF9AE3D3F2A
:10DE5C004AEB2BBF67C73F3F159429BF70D8413F92
:10DE6C00563627BF00E2433F25D224BF03E4453F8B
:10DE7C00996722BF65DE473FCBF61FBF12D1493FE2
:10DE8C00D17F1DBFF8BB4B3FC6021BBF029F4D3F4E
:10DE9C00C07F18BF1F7A4F3FD9F615BF3D4D513F7C
:10DEAC002A6813BF4918533FCDD310BF31DB543F01
:10DEBC00DA390EBFE595563F6B9A0BBF5348583F66
:10DECC009BF508BF6AF2593F824B06BF1A945B3F21
:10DEDC003D9C03BF532D5D3FE4E700BF05BE5E3F95
:10DEEC00275DFCBE2146603FCBE0F6BE98C5613F86
:10DEFC00EA5AF1BE5A3C633FBBCBEBBE59AA643F16
:10DF0C007533E6BE880F663F4F92E0BED86B673F15
:10DF1C0080E8DABE3CBF683F4136D5BEA7096A3FF0
:10DF2C00CA7BCFBE0C4B6B3F53B9C9BE5E836C3FF3
:10DF3C0015EFC3BE93B26D3F4A1DBEBE9ED86E3F59
:10DF4C002A44B8BE73F56F3FEF63B2BE0809713F48
:10DF5C00D47CACBE5213723F128FA6BE4714733FD3
:10DF6C00E59AA0BEDD0B743F86A09ABE0BFA743FF7
:10DF7C0031A094BEC6DE753F229A8EBE07BA763F9C
:10DF8C00938E88BEC58B773FC07D82BEF853783F99
:10DF9C00CCCF78BE9812793F7F9A6CBE9DC7793FE3
:10DFAC00135C60BE02737A3F011554BEBE147B3FF6
:10DFBC00C2C547BECDAC7B3FCF6E3BBE283B7C3F42
:10DFCC00A2102FBEC9BF7C3FB6AB22BEAC3A7D3F80
:10DFDC00834016BECCAB7D3F86CF09BE24137E3F5B
:10DFEC0073B2FABDB0707E3F2EBCE1BD6DC47E3FF6
:10DFFC0036BDC8BD580E7F3F80B6AFBD6D4E7F3F5E
:10E00C0005A996BDAB847F3F742B7BBD0FB17F3FC1
:10E01C002FFB48BD98D37F3F2CC316BD43EC7F3FED
:10E02C00B00AC9BC11FB7F3F900E49BC0000803F79
:10E03C0000000000C4FE7F3F890FC93B11FB7F3FEE
:10E04C00900E493CE6F47F3FB6C9963C43EC7F3FCB
:10E05C00B00AC93C29E17F3FB949FB3C98D37F3FCB
:10E06C002CC3163D8FC37F3F07E02F3D0FB17F3F81
:10E07C002FFB483D189C7F3F6814623DAB847F3F6B
:10E08C00742B7B3DC76A7F3F0A208A3D6D4E7F3FD4
:10E09C0005A9963D9D2F7F3F8C30A33D580E7F3FA9
:10E0AC0080B6AF3D9DEA7E3FC33ABC3D6DC47E3F1A
:10E0BC0036BDC83DC99B7E3FB93DD53DB0707E3F56
:10E0CC002EBCE13D23437E3F7638EE3D24137E3F4C
:10E0DC0073B2FA3DB1E07D3F0295033ECCAB7D3F80
:10E0EC0086CF093E74747D3FB708103EAC3A7D3F35
:10E0FC008340163E73FE7C3FDE761C3EC9BF7C3FE0
:10E10C00B6AB223EB07E7C3FFCDE283E283B7C3FFB
:10E11C00A2102F3E31F57B3F9840353ECDAC7B3F76
:10E12C00CF6E3B3EFC617B3F379B413EBE147B3F39
:10E13C00C2C5473E16C57A3F60EE4D3E02737A3F2C
:10E14C000115543E841E7A3F97395A3E9DC7793F3C
:10E15C00135C603E4E6E793F667C663E9812793F4A
:10E16C007F9A6C3E7BB4783F51B6723EF853783F41
:10E17C00CCCF783E10F1773FE1E67E3EC58B773F02
:10E18C00C07D823E1724773FCE86853E07BA763F08
:10E19C00938E883E974D763F07958B3EC6DE753F36
:10E1AC00229A8E3E976D753FDD9D913E0BFA743F22
:10E1BC0031A0943E2284743F17A1973EDD0B743F2F
:10E1CC0086A09A3E3F91733F789E9D3E4714733FC5
:10E1DC00E59AA03EF894723FC595A33E5213723F48
:10E1EC00128FA63E578F713FC486A93E0809713F16
:10E1FC00D47CAC3E6680703F3A71AF3E73F56F3F96
:10E20C00EF63B23E30686F3FEC54B53E9ED86E3F24
:10E21C002A44B83EBE466E3FA031BB3E93B26D3F22
:10E22C004A1DBE3E1D1C6D3F1E07C13E5E836C3FEA
:10E23C0015EFC33E58E86B3F29D5C63E0C4B6B3FE0
:10E24C0053B9C93E7BAB6A3F8B9BCC3EA7096A3F57
:10E25C00CA7BCF3E9165693F095AD23E3CBF683FAD
:10E26C004136D53EA816683F6B10D83ED86B673F39
:10E27C0080E8DA3ECCBE663F79BEDD3E880F663F55
:10E28C004F92E03E0B5E653FFA63E33E59AA643F52
:10E29C007533E63E73F4633FB700E93E5A3C633F87
:10E2AC00BBCBEB3E1082623F7994EE3E98C5613F4A
:10E2BC00EA5AF13EF206613F071FF43E2146603FE9
:10E2CC00CBE0F63E27835F3F2DA0F93E05BE5E3FB7
:10E2DC00275DFC3EBEF65D3FB217FF3E532D5D3F02
:10E2EC00E4E7003FC7615C3FB142023F1A945B3FD9
:10E2FC003D9C033F50C45A3F84F4043F6AF2593F9B
:10E30C00824B063F6A1E593F36A1073F5348583F80
:10E31C009BF5083F2670573FAD480A3FE595563FA1
:10E32C006B9A0B3F93B9553FD0EA0C3F31DB543F0E
:10E33C00DA390E3FC3FA533F84870F3F4918533FD6
:10E34C00CDD3103FC633523FB01E123F3D4D513F0F
:10E35C002A68133FAF64503F39B0143F1F7A4F3FC8
:10E36C00D9F6153F908D4E3F073C173F029F4D3F0E
:10E37C00C07F183F79AE4C3F00C2193FF8BB4B3FF2
:10E38C00C6021B3F7FC74A3F0C421C3F12D1493F7C
:10E39C00D17F1D3FB3D8483F12BC1E3F65DE473FBF
:10E3AC00CBF61F3F2AE2463FF92F213F03E4453FBE
:10E3BC009967223FF5E3443FA99D233F00E2433F89
:10E3CC0025D2243F29DE423F0A05263F70D8413F23
:10E3DC005636273FDAD0403F0566283F67C73F3F98
:10E3EC001594293F1BBC3E3F82C02A3FF9AE3D3FEE
:10E3FC004AEB2B3F03A03C3F69142D3F3B8F3B3F27
:10E40C00DE3B2E3FA47C3A3FA5612F3F4268393F4B
:10E41C00BB85303F1652383F1DA8313F233A373F5A
:10E42C00C9C8323F6C20363FBCE7333FF304353F5D
:10E43C00F304353FBCE7333F6C20363FC9C8323F4D
:10E44C00233A373F1DA8313F1652383FBB85303F2A
:10E45C004268393FA5612F3FA47C3A3FDE3B2E3FFB
:10E46C003B8F3B3F69142D3F03A03C3F4AEB2B3FB6
:10E47C00F9AE3D3F82C02A3F1BBC3E3F1594293F5D
:10E48C0067C73F3F0566283FDAD0403F5636273FE7
:10E49C0070D8413F0A05263F29DE423F25D2243F52
:10E4AC0000E2433FA99D233FF5E3443F9967223F98
:10E4BC0003E4453FF92F213F2AE2463FCBF61F3FAD
:10E4CC0065DE473F12BC1E3FB3D8483FD17F1D3F8E
:10E4DC0012D1493F0C421C3F7FC74A3FC6021B3F2B
:10E4EC00F8BB4B3F00C2193F79AE4C3FC07F183F81
:10E4FC00029F4D3F073C173F908D4E3FD9F6153F7D
:10E50C001F7A4F3F39B0143FAF64503F2A68133F16
:10E51C003D4D513FB01E123FC633523FCDD3103F3D
:10E52C004918533F84870F3FC3FA533FDA390E3FE4
:10E53C0031DB543FD0EA0C3F93B9553F6B9A0B3FFC
:10E54C00E595563FAD480A3F2670573F9BF5083F6F
:10E55C005348583F36A1073F6A1E593F824B063F2E
:10E56C006AF2593F84F4043F50C45A3F3D9C033F28
:10E57C001A945B3FB142023FC7615C3FE4E7003F46
:10E58C00532D5D3FB217FF3EBEF65D3F275DFC3E4F
:10E59C0005BE5E3F2DA0F93E27835F3FCBE0F63EE4
:10E5AC002146603F071FF43EF206613FEA5AF13EF6
:10E5BC0098C5613F7994EE3E1082623FBBCBEB3E37
:10E5CC005A3C633FB700E93E73F4633F7533E63E54
:10E5DC0059AA643FFA63E33E0B5E653F4F92E03EFF
:10E5EC00880F663F79BEDD3ECCBE663F80E8DA3EE2
:10E5FC00D86B673F6B10D83EA816683F4136D53EA6
:10E60C003CBF683F095AD23E9165693FCA7BCF3EF9
:10E61C00A7096A3F8B9BCC3E7BAB6A3F53B9C93E83
:10E62C000C4B6B3F29D5C63E58E86B3F15EFC33EEC
:10E63C005E836C3F1E07C13E1D1C6D3F4A1DBE3ED6
:10E64C0093B26D3FA031BB3EBE466E3F2A44B83EEE
:10E65C009ED86E3FEC54B53E30686F3FEF63B23ED0
:10E66C0073F56F3F3A71AF3E6680703FD47CAC3E21
:10E67C000809713FC486A93E578F713F128FA63E81
:10E68C005213723FC595A33EF894723FE59AA03E93
:10E69C004714733F789E9D3E3F91733F86A09A3EF0
:10E6AC00DD0B743F17A1973E2284743F31A0943E3A
:10E6BC000BFA743FDD9D913E976D753F229A8E3E0D
:10E6CC00C6DE753F07958B3E974D763F938E883E01
:10E6DC0007BA763FCE86853E1724773FC07D823EB3
:10E6EC00C58B773FE1E67E3E10F1773FCCCF783E8D
:10E6FC00F853783F51B6723E7BB4783F7F9A6C3EAC
:10E70C009812793F667C663E4E6E793F135C603E94
:10E71C009DC7793F97395A3E841E7A3F0115543E66
:10E72C0002737A3F60EE4D3E16C57A3FC2C5473E36
:10E73C00BE147B3F379B413EFC617B3FCF6E3B3E23
:10E74C00CDAC7B3F9840353E31F57B3FA2102F3E40
:10E75C00283B7C3FFCDE283EB07E7C3FB6AB223EA5
:10E76C00C9BF7C3FDE761C3E73FE7C3F8340163E69
:10E77C00AC3A7D3FB708103E74747D3F86CF093E9E
:10E78C00CCAB7D3F0295033EB1E07D3F73B2FA3DC9
:10E79C0024137E3F7638EE3D23437E3F2EBCE13D75
:10E7AC00B0707E3FB93DD53DC99B7E3F36BDC83D5F
:10E7BC006DC47E3FC33ABC3D9DEA7E3F80B6AF3D03
:10E7CC00580E7F3F8C30A33D9D2F7F3F05A9963D72
:10E7DC006D4E7F3F0A208A3DC76A7F3F742B7B3D7D
:10E7EC00AB847F3F6814623D189C7F3F2FFB483DF4
:10E7FC000FB17F3F07E02F3D8FC37F3F2CC3163DEA
:10E80C0098D37F3FB949FB3C29E17F3FB00AC93C13
:10E81C0043EC7F3FB6C9963CE6F47F3F900E493CF3
:10E82C0011FB7F3F890FC93BC4FE7F3F00000000F6
:10E83C000000803F890FC9BBC4FE7F3F900E49BCCE
:10E84C0011FB7F3FB6C996BCE6F47F3FB00AC9BC4A
:10E85C0043EC7F3FB949FBBC29E17F3F2CC316BD7C
:10E86C0098D37F3F07E02FBD8FC37F3F2FFB48BD61
:10E87C000FB17F3F681462BD189C7F3F742B7BBD2A
:10E88C00AB847F3F0A208ABDC76A7F3F05A996BD2E
:10E89C006D4E7F3F8C30A3BD9D2F7F3F80B6AFBDAB
:10E8AC00580E7F3FC33ABCBD9DEA7E3F36BDC8BD06
:10E8BC006DC47E3FB93DD5BDC99B7E3F2EBCE1BD2D
:10E8CC00B0707E3F7638EEBD23437E3F73B2FABD07
:10E8DC0024137E3F029503BEB1E07D3F86CF09BE77
:10E8EC00CCAB7D3FB70810BE74747D3F834016BE21
:10E8FC00AC3A7D3FDE761CBE73FE7C3FB6AB22BECF
:10E90C00C9BF7C3FFCDE28BEB07E7C3FA2102FBE70
:10E91C00283B7C3F984035BE31F57B3FCF6E3BBEEC
:10E92C00CDAC7B3F379B41BEFC617B3FC2C547BE34
:10E93C00BE147B3F60EE4DBE16C57A3F011554BE2A
:10E94C0002737A3F97395ABE841E7A3F135C60BEBD
:10E95C009DC7793F667C66BE4E6E793F7F9A6CBED2
:10E96C009812793F51B672BE7BB4783FCCCF78BE4B
:10E97C00F853783FE1E67EBE10F1773FC07D82BE52
:10E98C00C58B773FCE8685BE1724773F938E88BE86
:10E99C0007BA763F07958BBE974D763F229A8EBE6F
:10E9AC00C6DE753FDD9D91BE976D753F31A094BE5F
:10E9BC000BFA743F17A197BE2284743F86A09ABEAF
:10E9CC00DD0B743F789E9DBE3F91733FE59AA0BED0
:10E9DC004714733FC595A3BEF894723F128FA6BE21
:10E9EC005213723FC486A9BE578F713FD47CACBE04
:10E9FC000809713F3A71AFBE6680703FEF63B2BEDB
:10EA0C0073F56F3FEC54B5BE30686F3F2A44B8BE07
:10EA1C009ED86E3FA031BBBEBE466E3F4A1DBEBEE9
:10EA2C0093B26D3F1E07C1BE1D1C6D3F15EFC3BEDB
:10EA3C005E836C3F29D5C6BE58E86B3F53B9C9BE3F
:10EA4C000C4B6B3F8B9BCCBE7BAB6A3FCA7BCFBE68
:10EA5C00A7096A3F095AD2BE9165693F4136D5BEB6
:10EA6C003CBF683F6B10D8BEA816683F80E8DABE82
:10EA7C00D86B673F79BEDDBECCBE663F4F92E0BE21
:10EA8C00880F663FFA63E3BE0B5E653F7533E6BEE7
:10EA9C0059AA643FB700E9BE73F4633FBBCBEBBE2E
:10EAAC005A3C633F7994EEBE1082623FEA5AF1BE43
:10EABC0098C5613F071FF4BEF206613FCBE0F6BE7E
:10EACC002146603F2DA0F9BE27835F3F275DFCBE2A
:10EADC0005BE5E3FB217FFBEBEF65D3FE4E700BF6A
:10EAEC00532D5D3FB14202BFC7615C3F3D9C03BFEC
:10EAFC001A945B3F84F404BF50C45A3F824B06BF48
:10EB0C006AF2593F36A107BF6A1E593F9BF508BFF1
:10EB1C005348583FAD480ABF2670573F6B9A0BBFFE
:10EB2C00E595563FD0EA0CBF93B9553FDA390EBF85
:10EB3C0031DB543F84870FBFC3FA533FCDD310BF93
:10EB4C004918533FB01E12BFC633523F2A6813BF39
:10EB5C003D4D513F39B014BFAF64503FD9F615BF8E
:10EB6C001F7A4F3F073C17BF908D4E3FC07F18BF99
:10EB7C00029F4D3F00C219BF79AE4C3FC6021BBF6E
:10EB8C00F8BB4B3F0C421CBF7FC74A3FD17F1DBF18
:10EB9C0012D1493F12BC1EBFB3D8483FCBF61FBFA2
:10EBAC0065DE473FF92F21BF2AE2463F996722BF16
:10EBBC0003E4453FA99D23BFF5E3443F25D224BF81
:10EBCC0000E2433F0A0526BF29DE423F563627BFE7
:10EBDC0070D8413F056628BFDAD0403F159429BF55
:10EBEC0067C73F3F82C02ABF1BBC3E3F4AEB2BBFCF
:10EBFC00F9AE3D3F69142DBF03A03C3FDE3B2EBF59
:10EC0C003B8F3B3FA5612FBFA47C3A3FBB8530BFF8
:10EC1C004268393F1DA831BF1652383FC9C832BFB0
:10EC2C00233A373FBCE733BF6C20363FF30435BF84
:10EC3C00F304353F6C2036BFBCE7333F233A37BF74
:10EC4C00C9C8323F165238BF1DA8313F426839BF80
:10EC5C00BB85303FA47C3ABFA5612F3F3B8F3BBFA8
:10EC6C00DE3B2E3F03A03CBF69142D3FF9AE3DBFE8
:10EC7C004AEB2B3F1BBC3EBF82C02A3F67C73FBF3E
:10EC8C001594293FDAD040BF0566283F70D841BFA4
:10EC9C005636273F29DE42BF0A05263F00E243BF16
:10ECAC0025D2243FF5E344BFA99D233F03E445BF90
:10ECBC009967223F2AE246BFF92F213F65DE47BF05
:10ECCC00CBF61F3FB3D848BF12BC1E3F12D149BF71
:10ECDC00D17F1D3F7FC74ABF0C421C3FF8BB4BBFC7
:10ECEC00C6021B3F79AE4CBF00C2193F029F4DBFFD
:10ECFC00C07F183F908D4EBF073C173F1F7A4FBF08
:10ED0C00D9F6153FAF6450BF39B0143F3D4D51BFDC
:10ED1C002A68133FC63352BFB01E123F491853BF67
:10ED2C00CDD3103FC3FA53BF84870F3F31DB54BFA1
:10ED3C00DA390E3F93B955BFD0EA0C3FE59556BF73
:10ED4C006B9A0B3F267057BFAD480A3F534858BFCC
:10ED5C009BF5083F6A1E59BF36A1073F6AF259BF9F
:10ED6C00824B063F50C45ABF84F4043F1A945BBFD5
:10ED7C003D9C033FC7615CBFB142023F532D5DBF59
:10ED8C00E4E7003FBEF65DBFB217FF3E05BE5EBFB7
:10ED9C00275DFC3E27835FBF2DA0F93E214660BF57
:10EDAC00CBE0F63EF20661BF071FF43E98C561BF8B
:10EDBC00EA5AF13E108262BF7994EE3E5A3C63BF30
:10EDCC00BBCBEB3E73F463BFB700E93E59AA64BFFB
:10EDDC007533E63E0B5E65BFFA63E33E880F66BF94
:10EDEC004F92E03ECCBE66BF79BEDD3ED86B67BFAE
:10EDFC0080E8DA3EA81668BF6B10D83E3CBF68BFEF
:10EE0C004136D53E916569BF095AD23EA7096ABF02
:10EE1C00CA7BCF3E7BAB6ABF8B9BCC3E0C4B6BBF94
:10EE2C0053B9C93E58E86BBF29D5C63E5E836CBF4B
:10EE3C0015EFC33E1D1C6DBF1E07C13E93B26DBFC7
:10EE4C004A1DBE3EBE466EBFA031BB3E9ED86EBFB5
:10EE5C002A44B83E30686FBFEC54B53E73F56FBFB3
:10EE6C00EF63B23E668070BF3A71AF3E080971BF66
:10EE7C00D47CAC3E578F71BFC486A93E521372BF6F
:10EE8C00128FA63EF89472BFC595A33E471473BF6C
:10EE9C00E59AA03E3F9173BF789E9D3EDD0B74BFFB
:10EEAC0086A09A3E228474BF17A1973E0BFA74BFBA
:10EEBC0031A0943E976D75BFDD9D913EC6DE75BF4A
:10EECC00229A8E3E974D76BF07958B3E07BA76BF3A
:10EEDC00938E883E172477BFCE86853EC58B77BF31
:10EEEC00C07D823E10F177BFE1E67E3EF85378BFDD
:10EEFC00CCCF783E7BB478BF51B6723E981279BFB6
:10EF0C007F9A6C3E4E6E79BF667C663E9DC779BF1C
:10EF1C00135C603E841E7ABF97395A3E02737ABFE7
:10EF2C000115543E16C57ABF60EE4D3EBE147BBF34
:10EF3C00C2C5473EFC617BBF379B413ECDAC7BBF1E
:10EF4C00CF6E3B3E31F57BBF9840353E283B7CBFB6
:10EF5C00A2102F3EB07E7CBFFCDE283EC9BF7CBF1A
:10EF6C00B6AB223E73FE7CBFDE761C3EAC3A7DBF58
:10EF7C008340163E74747DBFB708103ECCAB7DBF8A
:10EF8C0086CF093EB1E07DBF0295033E24137EBFC0
:10EF9C0073B2FA3D23437EBF7638EE3DB0707EBF30
:10EFAC002EBCE13DC99B7EBFB93DD53D6DC47EBF36
:10EFBC0036BDC83D9DEA7EBFC33ABC3D580E7FBFEF
:10EFCC0080B6AF3D9D2F7FBF8C30A33D6D4E7FBF74
:10EFDC0005A9963DC76A7FBF0A208A3DAB847FBFD7
:10EFEC00742B7B3D189C7FBF6814623D0FB17FBFB3
:10EFFC002FFB483D8FC37FBF07E02F3D98D37FBFCA
:10F00C002CC3163D29E17FBFB949FB3C43EC7FBFC4
:10F01C00B00AC93CE6F47FBFB6C9963C11FB7FBF72
:10F02C00900E493CC4FE7FBF890FC93B000080BFD6
:10F03C0000000000C4FE7FBF890FC9BB11FB7FBF5E
:10F04C00900E49BCE6F47FBFB6C996BC43EC7FBFBB
:10F05C00B00AC9BC29E17FBFB949FBBC98D37FBFBB
:10F06C002CC316BD8FC37FBF07E02FBD0FB17FBF71
:10F07C002FFB48BD189C7FBF681462BDAB847FBF5B
:10F08C00742B7BBDC76A7FBF0A208ABD6D4E7FBFC4
:10F09C0005A996BD9D2F7FBF8C30A3BD580E7FBF99
:10F0AC0080B6AFBD9DEA7EBFC33ABCBD6DC47EBF0A
:10F0BC0036BDC8BDC99B7EBFB93DD5BDB0707EBF46
:10F0CC002EBCE1BD23437EBF7638EEBD24137EBF3C
:10F0DC0073B2FABDB1E07DBF029503BECCAB7DBF70
:10F0EC0086CF09BE74747DBFB70810BEAC3A7DBF25
:10F0FC00834016BE73FE7CBFDE761CBEC9BF7CBFD0
:10F10C00B6AB22BEB07E7CBFFCDE28BE283B7CBFEB
:10F11C00A2102FBE31F57BBF984035BECDAC7BBF66
:10F12C00CF6E3BBEFC617BBF379B41BEBE147BBF29
:10F13C00C2C547BE16C57ABF60EE4DBE02737ABF1C
:10F14C00011554BE841E7ABF97395ABE9DC779BF2C
:10F15C00135C60BE4E6E79BF667C66BE981279BF3A
:10F16C007F9A6CBE7BB478BF51B672BEF85378BF31
:10F17C00CCCF78BE10F177BFE1E67EBEC58B77BFF2
:10F18C00C07D82BE172477BFCE8685BE07BA76BFF8
:10F19C00938E88BE974D76BF07958BBEC6DE75BF26
:10F1AC00229A8EBE976D75BFDD9D91BE0BFA74BF12
:10F1BC0031A094BE228474BF17A197BEDD0B74BF1F
:10F1CC0086A09ABE3F9173BF789E9DBE471473BFB5
:10F1DC00E59AA0BEF89472BFC595A3BE521372BF38
:10F1EC00128FA6BE578F71BFC486A9BE080971BF06
:10F1FC00D47CACBE668070BF3A71AFBE73F56FBF86
:10F20C00EF63B2BE30686FBFEC54B5BE9ED86EBF14
:10F21C002A44B8BEBE466EBFA031BBBE93B26DBF12
:10F22C004A1DBEBE1D1C6DBF1E07C1BE5E836CBFDA
:10F23C0015EFC3BE58E86BBF29D5C6BE0C4B6BBFD0
:10F24C0053B9C9BE7BAB6ABF8B9BCCBEA7096ABF47
:10F25C00CA7BCFBE916569BF095AD2BE3CBF68BF9D
:10F26C004136D5BEA81668BF6B10D8BED86B67BF29
:10F27C0080E8DABECCBE66BF79BEDDBE880F66BF45
:10F28C004F92E0BE0B5E65BFFA63E3BE59AA64BF42
:10F29C007533E6BE73F463BFB700E9BE5A3C63BF77
:10F2AC00BBCBEBBE108262BF7994EEBE98C561BF3A
:10F2BC00EA5AF1BEF20661BF071FF4BE214660BFD9
:10F2CC00CBE0F6BE27835FBF2DA0F9BE05BE5EBFA7
:10F2DC00275DFCBEBEF65DBFB217FFBE532D5DBFF2
:10F2EC00E4E700BFC7615CBFB14202BF1A945BBFC9
:10F2FC003D9C03BF50C45ABF84F404BF6AF259BF8B
:10F30C00824B06BF6A1E59BF36A107BF534858BF70
:10F31C009BF508BF267057BFAD480ABFE59556BF91
:10F32C006B9A0BBF93B955BFD0EA0CBF31DB54BFFE
:10F33C00DA390EBFC3FA53BF84870FBF491853BFC6
:10F34C00CDD310BFC63352BFB01E12BF3D4D51BFFF
:10F35C002A6813BFAF6450BF39B014BF1F7A4FBFB8
:10F36C00D9F615BF908D4EBF073C17BF029F4DBFFE
:10F37C00C07F18BF79AE4CBF00C219BFF8BB4BBFE2
:10F38C00C6021BBF7FC74ABF0C421CBF12D149BF6C
:10F39C00D17F1DBFB3D848BF12BC1EBF65DE47BFAF
:10F3AC00CBF61FBF2AE246BFF92F21BF03E445BFAE
:10F3BC00996722BFF5E344BFA99D23BF00E243BF79
:10F3CC0025D224BF29DE42BF0A0526BF70D841BF13
:10F3DC00563627BFDAD040BF056628BF67C73FBF88
:10F3EC00159429BF1BBC3EBF82C02ABFF9AE3DBFDE
:10F3FC004AEB2BBF03A03CBF69142DBF3B8F3BBF17
:10F40C00DE3B2EBFA47C3ABFA5612FBF426839BF3B
:10F41C00BB8530BF165238BF1DA831BF233A37BF4A
:10F42C00C9C832BF6C2036BFBCE733BFF30435BF4D
:10F43C00F30435BFBCE733BF6C2036BFC9C832BF3D
:10F44C00233A37BF1DA831BF165238BFBB8530BF1A
:10F45C00426839BFA5612FBFA47C3ABFDE3B2EBFEB
:10F46C003B8F3BBF69142DBF03A03CBF4AEB2BBFA6
:10F47C00F9AE3DBF82C02ABF1BBC3EBF159429BF4D
:10F48C0067C73FBF056628BFDAD040BF563627BFD7
:10F49C0070D841BF0A0526BF29DE42BF25D224BF42
:10F4AC0000E243BFA99D23BFF5E344BF996722BF88
:10F4BC0003E445BFF92F21BF2AE246BFCBF61FBF9D
:10F4CC0065DE47BF12BC1EBFB3D848BFD17F1DBF7E
:10F4DC0012D149BF0C421CBF7FC74ABFC6021BBF1B
:10F4EC00F8BB4BBF00C219BF79AE4CBFC07F18BF71
:10F4FC00029F4DBF073C17BF908D4EBFD9F615BF6D
:10F50C001F7A4FBF39B014BFAF6450BF2A6813BF06
:10F51C003D4D51BFB01E12BFC63352BFCDD310BF2D
:10F52C00491853BF84870FBFC3FA53BFDA390EBFD4
:10F53C0031DB54BFD0EA0CBF93B955BF6B9A0BBFEC
:10F54C00E59556BFAD480ABF267057BF9BF508BF5F
:10F55C00534858BF36A107BF6A1E59BF824B06BF1E
:10F56C006AF259BF84F404BF50C45ABF3D9C03BF18
:10F57C001A945BBFB14202BFC7615CBFE4E700BF36
:10F58C00532D5DBFB217FFBEBEF65DBF275DFCBE3F
:10F59C0005BE5EBF2DA0F9BE27835FBFCBE0F6BED4
:10F5AC00214660BF071FF4BEF20661BFEA5AF1BEE6
:10F5BC0098C561BF7994EEBE108262BFBBCBEBBE27
:10F5CC005A3C63BFB700E9BE73F463BF7533E6BE44
:10F5DC0059AA64BFFA63E3BE0B5E65BF4F92E0BEEF
:10F5EC00880F66BF79BEDDBECCBE66BF80E8DABED2
:10F5FC00D86B67BF6B10D8BEA81668BF4136D5BE96
:10F60C003CBF68BF095AD2BE916569BFCA7BCFBEE9
:10F61C00A7096ABF8B9BCCBE7BAB6ABF53B9C9BE73
:10F62C000C4B6BBF29D5C6BE58E86BBF15EFC3BEDC
:10F63C005E836CBF1E07C1BE1D1C6DBF4A1DBEBEC6
:10F64C0093B26DBFA031BBBEBE466EBF2A44B8BEDE
:10F65C009ED86EBFEC54B5BE30686FBFEF63B2BEC0
:10F66C0073F56FBF3A71AFBE668070BFD47CACBE11
:10F67C00080971BFC486A9BE578F71BF128FA6BE71
:10F68C00521372BFC595A3BEF89472BFE59AA0BE83
:10F69C00471473BF789E9DBE3F9173BF86A09ABEE0
:10F6AC00DD0B74BF17A197BE228474BF31A094BE2A
:10F6BC000BFA74BFDD9D91BE976D75BF229A8EBEFD
:10F6CC00C6DE75BF07958BBE974D76BF938E88BEF1
:10F6DC0007BA76BFCE8685BE172477BFC07D82BEA3
:10F6EC00C58B77BFE1E67EBE10F177BFCCCF78BE7D
:10F6FC00F85378BF51B672BE7BB478BF7F9A6CBE9C
:10F70C00981279BF667C66BE4E6E79BF135C60BE84
:10F71C009DC779BF97395ABE841E7ABF011554BE56
:10F72C0002737ABF60EE4DBE16C57ABFC2C547BE26
:10F73C00BE147BBF379B41BEFC617BBFCF6E3BBE13
:10F74C00CDAC7BBF984035BE31F57BBFA2102FBE30
:10F75C00283B7CBFFCDE28BEB07E7CBFB6AB22BE95
:10F76C00C9BF7CBFDE761CBE73FE7CBF834016BE59
:10F77C00AC3A7DBFB70810BE74747DBF86CF09BE8E
:10F78C00CCAB7DBF029503BEB1E07DBF73B2FABDB9
:10F79C0024137EBF7638EEBD23437EBF2EBCE1BD65
:10F7AC00B0707EBFB93DD5BDC99B7EBF36BDC8BD4F
:10F7BC006DC47EBFC33ABCBD9DEA7EBF80B6AFBDF3
:10F7CC00580E7FBF8C30A3BD9D2F7FBF05A996BD62
:10F7DC006D4E7FBF0A208ABDC76A7FBF742B7BBD6D
:10F7EC00AB847FBF681462BD189C7FBF2FFB48BDE4
:10F7FC000FB17FBF07E02FBD8FC37FBF2CC316BDDA
:10F80C0098D37FBFB949FBBC29E17FBFB00AC9BC03
:10F81C0043EC7FBFB6C996BCE6F47FBF900E49BCE3
:10F82C0011FB7FBF890FC9BBC4FE7FBF00000080E6
:10F83C00000080BF890FC93BC4FE7FBF900E493CBE
:10F84C0011FB7FBFB6C9963CE6F47FBFB00AC93C3A
:10F85C0043EC7FBFB949FB3C29E17FBF2CC3163D6C
:10F86C0098D37FBF07E02F3D8FC37FBF2FFB483D51
:10F87C000FB17FBF6814623D189C7FBF742B7B3D1A
:10F88C00AB847FBF0A208A3DC76A7FBF05A9963D1E
:10F89C006D4E7FBF8C30A33D9D2F7FBF80B6AF3D9B
:10F8AC00580E7FBFC33ABC3D9DEA7EBF36BDC83DF6
:10F8BC006DC47EBFB93DD53DC99B7EBF2EBCE13D1D
:10F8CC00B0707EBF7638EE3D23437EBF73B2FA3DF7
:10F8DC0024137EBF0295033EB1E07DBF86CF093E67
:10F8EC00CCAB7DBFB708103E74747DBF8340163E11
:10F8FC00AC3A7DBFDE761C3E73FE7CBFB6AB223EBF
:10F90C00C9BF7CBFFCDE283EB07E7CBFA2102F3E60
:10F91C00283B7CBF9840353E31F57BBFCF6E3B3EDC
:10F92C00CDAC7BBF379B413EFC617BBFC2C5473E24
:10F93C00BE147BBF60EE4D3E16C57ABF0115543E1A
:10F94C0002737ABF97395A3E841E7ABF135C603EAD
:10F95C009DC779BF667C663E4E6E79BF7F9A6C3EC2
:10F96C00981279BF51B6723E7BB478BFCCCF783E3B
:10F97C00F85378BFE1E67E3E10F177BFC07D823E42
:10F98C00C58B77BFCE86853E172477BF938E883E76
:10F99C0007BA76BF07958B3E974D76BF229A8E3E5F
:10F9AC00C6DE75BFDD9D913E976D75BF31A0943E4F
:10F9BC000BFA74BF17A1973E228474BF86A09A3E9F
:10F9CC00DD0B74BF789E9D3E3F9173BFE59AA03EC0
:10F9DC00471473BFC595A33EF89472BF128FA63E11
:10F9EC00521372BFC486A93E578F71BFD47CAC3EF4
:10F9FC00080971BF3A71AF3E668070BFEF63B23ECB
:10FA0C0073F56FBFEC54B53E30686FBF2A44B83EF7
:10FA1C009ED86EBFA031BB3EBE466EBF4A1DBE3ED9
:10FA2C0093B26DBF1E07C13E1D1C6DBF15EFC33ECB
:10FA3C005E836CBF29D5C63E58E86BBF53B9C93E2F
:10FA4C000C4B6BBF8B9BCC3E7BAB6ABFCA7BCF3E58
:10FA5C00A7096ABF095AD23E916569BF4136D53EA6
:10FA6C003CBF68BF6B10D83EA81668BF80E8DA3E72
:10FA7C00D86B67BF79BEDD3ECCBE66BF4F92E03E11
:10FA8C00880F66BFFA63E33E0B5E65BF7533E63ED7
:10FA9C0059AA64BFB700E93E73F463BFBBCBEB3E1E
:10FAAC005A3C63BF7994EE3E108262BFEA5AF13E33
:10FABC0098C561BF071FF43EF20661BFCBE0F63E6E
:10FACC00214660BF2DA0F93E27835FBF275DFC3E1A
:10FADC0005BE5EBFB217FF3EBEF65DBFE4E7003F5A
:10FAEC00532D5DBFB142023FC7615CBF3D9C033FDC
:10FAFC001A945BBF84F4043F50C45ABF824B063F38
:10FB0C006AF259BF36A1073F6A1E59BF9BF5083FE1
:10FB1C00534858BFAD480A3F267057BF6B9A0B3FEE
:10FB2C00E59556BFD0EA0C3F93B955BFDA390E3F75
:10FB3C0031DB54BF84870F3FC3FA53BFCDD3103F83
:10FB4C00491853BFB01E123FC63352BF2A68133F29
:10FB5C003D4D51BF39B0143FAF6450BFD9F6153F7E
:10FB6C001F7A4FBF073C173F908D4EBFC07F183F89
:10FB7C00029F4DBF00C2193F79AE4CBFC6021B3F5E
:10FB8C00F8BB4BBF0C421C3F7FC74ABFD17F1D3F08
:10FB9C0012D149BF12BC1E3FB3D848BFCBF61F3F92
:10FBAC0065DE47BFF92F213F2AE246BF9967223F06
:10FBBC0003E445BFA99D233FF5E344BF25D2243F71
:10FBCC0000E243BF0A05263F29DE42BF5636273FD7
:10FBDC0070D841BF0566283FDAD040BF1594293F45
:10FBEC0067C73FBF82C02A3F1BBC3EBF4AEB2B3FBF
:10FBFC00F9AE3DBF69142D3F03A03CBFDE3B2E3F49
:10FC0C003B8F3BBFA5612F3FA47C3ABFBB85303FE8
:10FC1C00426839BF1DA8313F165238BFC9C8323FA0
:10FC2C00233A37BFBCE7333F6C2036BFF304353F74
:10FC3C00F30435BF6C20363FBCE733BF233A373F64
:10FC4C00C9C832BF1652383F1DA831BF4268393F70
:10FC5C00BB8530BFA47C3A3FA5612FBF3B8F3B3F98
:10FC6C00DE3B2EBF03A03C3F69142DBFF9AE3D3FD8
:10FC7C004AEB2BBF1BBC3E3F82C02ABF67C73F3F2E
:10FC8C00159429BFDAD0403F056628BF70D8413F94
:10FC9C00563627BF29DE423F0A0526BF00E2433F06
:10FCAC0025D224BFF5E3443FA99D23BF03E4453F80
:10FCBC00996722BF2AE2463FF92F21BF65DE473FF5
:10FCCC00CBF61FBFB3D8483F12BC1EBF12D1493F61
:10FCDC00D17F1DBF7FC74A3F0C421CBFF8BB4B3FB7
:10FCEC00C6021BBF79AE4C3F00C219BF029F4D3FED
:10FCFC00C07F18BF908D4E3F073C17BF1F7A4F3FF8
:10FD0C00D9F615BFAF64503F39B014BF3D4D513FCC
:10FD1C002A6813BFC633523FB01E12BF4918533F57
:10FD2C00CDD310BFC3FA533F84870FBF31DB543F91
:10FD3C00DA390EBF93B9553FD0EA0CBFE595563F63
:10FD4C006B9A0BBF2670573FAD480ABF5348583FBC
:10FD5C009BF508BF6A1E593F36A107BF6AF2593F8F
:10FD6C00824B06BF50C45A3F84F404BF1A945B3FC5
:10FD7C003D9C03BFC7615C3FB14202BF532D5D3F49
:10FD8C00E4E700BFBEF65D3FB217FFBE05BE5E3FA7
:10FD9C00275DFCBE27835F3F2DA0F9BE2146603F47
:10FDAC00CBE0F6BEF206613F071FF4BE98C5613F7B
:10FDBC00EA5AF1BE1082623F7994EEBE5A3C633F20
:10FDCC00BBCBEBBE73F4633FB700E9BE59AA643FEB
:10FDDC007533E6BE0B5E653FFA63E3BE880F663F84
:10FDEC004F92E0BECCBE663F79BEDDBED86B673F9E
:10FDFC0080E8DABEA816683F6B10D8BE3CBF683FDF
:10FE0C004136D5BE9165693F095AD2BEA7096A3FF2
:10FE1C00CA7BCFBE7BAB6A3F8B9BCCBE0C4B6B3F84
:10FE2C0053B9C9BE58E86B3F29D5C6BE5E836C3F3B
:10FE3C0015EFC3BE1D1C6D3F1E07C1BE93B26D3FB7
:10FE4C004A1DBEBEBE466E3FA031BBBE9ED86E3FA5
:10FE5C002A44B8BE30686F3FEC54B5BE73F56F3FA3
:10FE6C00EF63B2BE6680703F3A71AFBE0809713F56
:10FE7C00D47CACBE578F713FC486A9BE5213723F5F
:10FE8C00128FA6BEF894723FC595A3BE4714733F5C
:10FE9C00E59AA0BE3F91733F789E9DBEDD0B743FEB
:10FEAC0086A09ABE2284743F17A197BE0BFA743FAA
:10FEBC0031A094BE976D753FDD9D91BEC6DE753F3A
:10FECC00229A8EBE974D763F07958BBE07BA763F2A
:10FEDC00938E88BE1724773FCE8685BEC58B773F21
:10FEEC00C07D82BE10F1773FE1E67EBEF853783FCD
:10FEFC00CCCF78BE7BB4783F51B672BE9812793FA6
:10FF0C007F9A6CBE4E6E793F667C66BE9DC7793F0C
:10FF1C00135C60BE841E7A3F97395ABE02737A3FD7
:10FF2C00011554BE16C57A3F60EE4DBEBE147B3F24
:10FF3C00C2C547BEFC617B3F379B41BECDAC7B3F0E
:10FF4C00CF6E3BBE31F57B3F984035BE283B7C3FA6
:10FF5C00A2102FBEB07E7C3FFCDE28BEC9BF7C3F0A
:10FF6C00B6AB22BE73FE7C3FDE761CBEAC3A7D3F48
:10FF7C00834016BE74747D3FB70810BECCAB7D3F7A
:10FF8C0086CF09BEB1E07D3F029503BE24137E3FB0
:10FF9C0073B2FABD23437E3F7638EEBDB0707E3F20
:10FFAC002EBCE1BDC99B7E3FB93DD5BD6DC47E3F26
:10FFBC0036BDC8BD9DEA7E3FC33ABCBD580E7F3FDF
:10FFCC0080B6AFBD9D2F7F3F8C30A3BD6D4E7F3F64
:10FFDC0005A996BDC76A7F3F0A208ABDAB847F3FC7
:10FFEC00742B7BBD189C7F3F681462BD0FB17F3FA3
:04FFFC002FFB48BDD2
:020000040801F1
:100000008FC37F3F07E02FBD98D37F3F2CC316BD22
:1000100029E17F3FB949FBBC43EC7F3FB00AC9BC33
:10002000E6F47F3FB6C996BC11FB7F3F900E49BCFA
:10003000C4FE7F3F890FC9BB0000803F0000000065
:10004000B1FF7F3FC70F493BC4FE7F3F890FC93BCC
:1000500039FD7F3F59CB163C11FB7F3F900E493C49
:100060004AF87F3F4B517B3CE6F47F3FB6C9963C54
:10007000E3F07F3F69EAAF3C43EC7F3FB00AC93C05
:1000800005E77F3F7B2AE23C29E17F3FB949FB3C02
:10009000AFDA7F3F2F340A3D98D37F3F2CC3163D04
:1000A000E2CB7F3FCC51233D8FC37F3F07E02F3D05
:1000B0009EBA7F3FD56D3C3D0FB17F3F2FFB483D42
:1000C000E3A67F3F0E88553D189C7F3F6814623D34
:1000D000B1907F3F38A06E3DAB847F3F742B7B3D5A
:1000E00008787F3F0ADB833DC76A7F3F0A208A3D4D
:1000F000E95C7F3FB464903D6D4E7F3F05A9963D1E
:10010000543F7F3FF9EC9C3D9D2F7F3F8C30A33DBA
:10011000491F7F3FBA73A93D580E7F3F80B6AF3D60
:10012000C9FC7E3FDAF8B53D9DEA7E3FC33ABC3D4F
:10013000D4D77E3F397CC23D6DC47E3F36BDC83DBD
:1001400069B07E3FB7FDCE3DC99B7E3FB93DD53DF1
:100150008B867E3F377DDB3DB0707E3F2EBCE13D20
:10016000385A7E3F9AFAE73D23437E3F7638EE3D8C
:10017000722B7E3FC075F43D24137E3F73B2FA3D6F
:1001800038FA7D3F4577003EB1E07D3F0295033E62
:100190008CC67D3F6EB2063ECCAB7D3F86CF093E1E
:1001A0006E907D3F4AEC0C3E74747D3FB708103E64
:1001B000DE577D3FCA24133EAC3A7D3F8340163E56
:1001C000DD1C7D3FE05B193E73FE7C3FDE761C3E0E
:1001D0006CDF7C3F7B911F3EC9BF7C3FB6AB223EAC
:1001E0008A9F7C3F8CC5253EB07E7C3FFCDE283E4E
:1001F0003A5D7C3F04F82B3E283B7C3FA2102F3E0B
:100200007A187C3FD428323E31F57B3F9840353E0A
:100210004DD17B3FEC57383ECDAC7B3FCF6E3B3E64
:10022000B2877B3F3E853E3EFC617B3F379B413E34
:10023000AB3B7B3FB9B0443EBE147B3FC2C5473E9B
:1002400037ED7A3F4FDA4A3E16C57A3F60EE4D3EB3
:10025000599C7A3FF101513E02737A3F0115543E99
:1002600010497A3F8F27573E841E7A3F97395A3E6E
:100270005EF3793F1A4B5D3E9DC7793F135C603E4C
:10028000439B793F836C633E4E6E793F667C663E4E
:10029000C040793FBA8B693E9812793F7F9A6C3E95
:1002A000D6E3783FB2A86F3E7BB4783F51B6723E3A
:1002B0008684783F5AC3753EF853783FCCCF783E5A
:1002C000D122783FA4DB7B3E10F1773FE1E67E3E12
:1002D000B7BE773FC0F8803EC58B773FC07D823E7A
:1002E0003A58773F7002843E1724773FCE86853E8A
:1002F0005BEF763FDA0A873E07BA763F938E883EF9
:100300001B84763FF8118A3E974D763F07958B3ECA
:100310007A16763FC0178D3EC6DE753F229A8E3E16
:100320007BA6753F2C1C903E976D753FDD9D913EE1
:100330001D34753F351F933E0BFA743F31A0943E38
:1003400062BF743FD220963E2284743F17A1973E2D
:100350004B48743FFE20993EDD0B743F86A09A3EC9
:10036000D9CE733FAF1F9C3E3F91733F789E9D3E19
:100370000E53733FDF1C9F3E4714733FE59AA03E28
:10038000EBD4723F8718A23EF894723FC595A33E06
:100390007054723F9F12A53E5213723F128FA63EB9
:1003A0009FD1713F1F0BA83E578F713FC486A93E56
:1003B0007A4C713F0102AB3E0809713FD47CAC3EE0
:1003C00002C5703F3CF7AD3E6680703F3A71AF3E6C
:1003D000373B703FCBEAB03E73F56F3FEF63B23E01
:1003E0001BAF6F3FA5DCB33E30686F3FEC54B53EAA
:1003F000B0206F3FC3CCB63E9ED86E3F2A44B83E75
:10040000F88F6E3F1EBBB93EBE466E3FA031BB3E6D
:10041000F2FC6D3FAFA7BC3E93B26D3F4A1DBE3E9E
:10042000A1676D3F6F92BF3E1D1C6D3F1E07C13E11
:1004300007D06C3F557BC23E5E836C3F15EFC33ED9
:1004400024366C3F5C62C53E58E86B3F29D5C63EFA
:10045000FB996B3F7C47C83E0C4B6B3F53B9C93E81
:100460008CFB6A3FAE2ACB3E7BAB6A3F8B9BCC3E7C
:10047000D95A6A3FEA0BCE3EA7096A3FCA7BCF3EF4
:10048000E4B7693F2AEBD03E9165693F095AD23EF5
:10049000AE12693F67C8D33E3CBF683F4136D53E88
:1004A000396B683F99A3D63EA816683F6B10D83EBB
:1004B00087C1673FB97CD93ED86B673F80E8DA3E99
:1004C0009915673FC153DC3ECCBE663F79BEDD3E29
:1004D0007167663FA928DF3E880F663F4F92E03E76
:1004E00010B7653F6AFBE13E0B5E653FFA63E33E92
:1004F0007904653FFECBE43E59AA643F7533E63E7E
:10050000AC4F643F5D9AE73E73F4633FB700E93E4A
:10051000AC98633F8166EA3E5A3C633FBBCBEB3EFF
:100520007BDF623F6330ED3E1082623F7994EE3EA6
:100530001A24623FFBF7EF3E98C5613FEA5AF13E4D
:100540008A66613F43BDF23EF206613F071FF43EFB
:10055000CFA6603F3580F53E2146603FCBE0F63EBA
:10056000E9E45F3FC840F83E27835F3F2DA0F93E96
:10057000DB205F3FF7FEFA3E05BE5E3F275DFC3E97
:10058000A65A5E3FBBBAFD3EBEF65D3FB217FF3EC8
:100590004D925D3F063A003F532D5D3FE4E7003F3B
:1005A000D1C75C3F7395013FC7615C3FB142023FD9
:1005B00034FB5B3F9FEF023F1A945B3F3D9C033F40
:1005C000792C5B3F8948043F50C45A3F84F4043F70
:1005D000A05B5A3F2CA0053F6AF2593F824B063F71
:1005E000AD88593F86F6063F6A1E593F36A1073F40
:1005F000A1B3583F924B083F5348583F9BF5083FE3
:100600007FDC573F4E9F093F2670573FAD480A3F5A
:100610004803573FB7F10A3FE595563F6B9A0B3FAA
:10062000FE27563FC9420C3F93B9553FD0EA0C3FD5
:10063000A44A553F81920D3F31DB543FDA390E3FDA
:100640003B6B543FDBE00E3FC3FA533F84870F3FC1
:10065000C789533FD52D103F4918533FCDD3103F85
:1006600049A6523F6B79113FC633523FB01E123F2D
:10067000C2C0513F9AC3123F3D4D513F2A68133FBC
:1006800037D9503F5F0C143FAF64503F39B0143F2F
:10069000A8EF4F3FB753153F1F7A4F3FD9F6153F8D
:1006A00017044F3F9F99163F908D4E3F073C173FD1
:1006B00089164E3F12DE173F029F4D3FC07F183F05
:1006C000FD264D3F0F21193F79AE4C3F00C2193F27
:1006D00078354C3F93621A3FF8BB4B3FC6021B3F35
:1006E000FA414B3F99A21B3F7FC74A3F0C421C3F38
:1006F000874C4A3F1FE11C3F12D1493FD17F1D3F2C
:100700002155493F221E1E3FB3D8483F12BC1E3F11
:10071000CA5B483F9F591F3F65DE473FCBF61F3FEF
:100720008560473F9393203F2AE2463FF92F213FC0
:100730005463463FFBCB213F03E4453F9967223F8B
:100740003964453FD302233FF5E3443FA99D233F4E
:100750003763443F1A38243F00E2433F25D2243F09
:100760005160433FCB6B253F29DE423F0A05263FC0
:10077000895B423FE39D263F70D8413F5636273F75
:10078000E154413F61CE273FDAD0403F0566283F24
:100790005C4C403F41FD283F67C73F3F1594293FD0
:1007A000FC413F3F802A2A3F1BBC3E3F82C02A3F7C
:1007B000C5353E3F1B562B3FF9AE3D3F4AEB2B3F25
:1007C000B8273D3F0F802C3F03A03C3F69142D3FCD
:1007D000D9173C3F59A82D3F3B8F3B3FDE3B2E3F77
:1007E00029063B3FF7CE2E3FA47C3A3FA5612F3F21
:1007F000ACF2393FE6F32F3F4268393FBB85303FCB
:1008000065DD383F2217313F1652383F1DA8313F72
:1008100055C6373FAA38323F233A373FC9C8323F1F
:100820007FAD363F7A58333F6C20363FBCE7333FCD
:10083000E792353F8F76343FF304353FF304353F7D
:100840008F76343FE792353FBCE7333F6C20363F2D
:100850007A58333F7FAD363FC9C8323F233A373FDE
:10086000AA38323F55C6373F1DA8313F1652383F90
:100870002217313F65DD383FBB85303F4268393F45
:10088000E6F32F3FACF2393FA5612F3FA47C3A3FFE
:10089000F7CE2E3F29063B3FDE3B2E3F3B8F3B3FB3
:1008A00059A82D3FD9173C3F69142D3F03A03C3F69
:1008B0000F802C3FB8273D3F4AEB2B3FF9AE3D3F21
:1008C0001B562B3FC5353E3F82C02A3F1BBC3E3FD7
:1008D000802A2A3FFC413F3F1594293F67C73F3F8D
:1008E00041FD283F5C4C403F0566283FDAD0403F41
:1008F00061CE273FE154413F5636273F70D8413FF4
:10090000E39D263F895B423F0A05263F29DE423FA1
:10091000CB6B253F5160433F25D2243F00E2433F4C
:100920001A38243F3763443FA99D233FF5E3443FF2
:10093000D302233F3964453F9967223F03E4453F93
:10094000FBCB213F5463463FF92F213F2AE2463F2C
:100950009393203F8560473FCBF61F3F65DE473FBF
:100960009F591F3FCA5B483F12BC1E3FB3D8483F48
:10097000221E1E3F2155493FD17F1D3F12D1493FC5
:100980001FE11C3F874C4A3F0C421C3F7FC74A3F38
:1009900099A21B3FFA414B3FC6021B3FF8BB4B3F9E
:1009A00093621A3F78354C3F00C2193F79AE4C3FF5
:1009B0000F21193FFD264D3FC07F183F029F4D3F3D
:1009C00012DE173F89164E3F073C173F908D4E3F72
:1009D0009F99163F17044F3FD9F6153F1F7A4F3F97
:1009E000B753153FA8EF4F3F39B0143FAF64503FA6
:1009F0005F0C143F37D9503F2A68133F3D4D513F9C
:100A00009AC3123FC2C0513FB01E123FC633523F7D
:100A10006B79113F49A6523FCDD3103F4918533F40
:100A2000D52D103FC789533F84870F3FC3FA533FEB
:100A3000DBE00E3F3B6B543FDA390E3F31DB543F76
:100A400081920D3FA44A553FD0EA0C3F93B9553FE0
:100A5000C9420C3FFE27563F6B9A0B3FE595563F28
:100A6000B7F10A3F4803573FAD480A3F2670573F4A
:100A70004E9F093F7FDC573F9BF5083F5348583F47
:100A8000924B083FA1B3583F36A1073F6A1E593F1A
:100A900086F6063FAD88593F824B063F6AF2593FC2
:100AA0002CA0053FA05B5A3F84F4043F50C45A3F3A
:100AB0008948043F792C5B3F3D9C033F1A945B3F80
:100AC0009FEF023F34FB5B3FB142023FC7615C3F97
:100AD0007395013FD1C75C3FE4E7003F532D5D3F75
:100AE000063A003F4D925D3FB217FF3EBEF65D3FB6
:100AF000BBBAFD3EA65A5E3F275DFC3E05BE5E3F8B
:100B0000F7FEFA3EDB205F3F2DA0F93E27835F3FD3
:100B1000C840F83EE9E45F3FCBE0F63E2146603F47
:100B20003580F53ECFA6603F071FF43EF206613FD9
:100B300043BDF23E8A66613FEA5AF13E98C5613F85
:100B4000FBF7EF3E1A24623F7994EE3E1082623F3B
:100B50006330ED3E7BDF623FBBCBEB3E5A3C633FF5
:100B60008166EA3EAC98633FB700E93E73F4633FA9
:100B70005D9AE73EAC4F643F7533E63E59AA643F49
:100B8000FECBE43E7904653FFA63E33E0B5E653FCE
:100B90006AFBE13E10B7653F4F92E03E880F663F2B
:100BA000A928DF3E7167663F79BEDD3ECCBE663F59
:100BB000C153DC3E9915673F80E8DA3ED86B673F4A
:100BC000B97CD93E87C1673F6B10D83EA816683FF5
:100BD00099A3D63E396B683F4136D53E3CBF683F4E
:100BE00067C8D33EAE12693F095AD23E9165693F4C
:100BF0002AEBD03EE4B7693FCA7BCF3EA7096A3FE4
:100C0000EA0BCE3ED95A6A3F8B9BCC3E7BAB6A3F08
:100C1000AE2ACB3E8CFB6A3F53B9C93E0C4B6B3FAF
:100C20007C47C83EFB996B3F29D5C63E58E86B3FD1
:100C30005C62C53E24366C3F15EFC33E5E836C3F5D
:100C4000557BC23E07D06C3F1E07C13E1D1C6D3F49
:100C50006F92BF3EA1676D3F4A1DBE3E93B26D3F8E
:100C6000AFA7BC3EF2FC6D3FA031BB3EBE466E3F1F
:100C70001EBBB93EF88F6E3F2A44B83E9ED86E3FE9
:100C8000C3CCB63EB0206F3FEC54B53E30686F3FEA
:100C9000A5DCB33E1BAF6F3FEF63B23E73F56F3F12
:100CA000CBEAB03E373B703F3A71AF3E6680703F53
:100CB0003CF7AD3E02C5703FD47CAC3E0809713FA5
:100CC0000102AB3E7A4C713FC486A93E578F713FFB
:100CD0001F0BA83E9FD1713F128FA63E5213723F49
:100CE0009F12A53E7054723FC595A33EF894723F83
:100CF0008718A23EEBD4723FE59AA03E4714733F9B
:100D0000DF1C9F3E0E53733F789E9D3E3F91733F85
:100D1000AF1F9C3ED9CE733F86A09A3EDD0B743F39
:100D2000FE20993E4B48743F17A1973E2284743FA2
:100D3000D220963E62BF743F31A0943E0BFA743FBE
:100D4000351F933E1D34753FDD9D913E976D753F78
:100D50002C1C903E7BA6753F229A8E3EC6DE753FC8
:100D6000C0178D3E7A16763F07958B3E974D763F9E
:100D7000F8118A3E1B84763F938E883E07BA763FF1
:100D8000DA0A873E5BEF763FCE86853E1724773FB3
:100D90007002843E3A58773FC07D823EC58B773FD4
:100DA000C0F8803EB7BE773FE1E67E3E10F1773F68
:100DB000A4DB7B3ED122783FCCCF783EF853783FFE
:100DC0005AC3753E8684783F51B6723E7BB4783FF5
:100DD000B2A86F3ED6E3783F7F9A6C3E9812793F77
:100DE000BA8B693EC040793F667C663E4E6E793F65
:100DF000836C633E439B793F135C603E9DC7793FA4
:100E00001A4B5D3E5EF3793F97395A3E841E7A3F16
:100E10008F27573E10497A3F0115543E02737A3F9F
:100E2000F101513E599C7A3F60EE4D3E16C57A3F26
:100E30004FDA4A3E37ED7A3FC2C5473EBE147B3F8C
:100E4000B9B0443EAB3B7B3F379B413EFC617B3FAF
:100E50003E853E3EB2877B3FCF6E3B3ECDAC7B3F77
:100E6000EC57383E4DD17B3F9840353E31F57B3FC6
:100E7000D428323E7A187C3FA2102F3E283B7C3F7C
:100E800004F82B3E3A5D7C3FFCDE283EB07E7C3F82
:100E90008CC5253E8A9F7C3FB6AB223EC9BF7C3FB6
:100EA0007B911F3E6CDF7C3FDE761C3E73FE7C3FF9
:100EB000E05B193EDD1C7D3F8340163EAC3A7D3F32
:100EC000CA24133EDE577D3FB708103E74747D3F41
:100ED0004AEC0C3E6E907D3F86CF093ECCAB7D3F09
:100EE0006EB2063E8CC67D3F0295033EB1E07D3F6B
:100EF0004577003E38FA7D3F73B2FA3D24137E3FBA
:100F0000C075F43D722B7E3F7638EE3D23437E3F25
:100F10009AFAE73D385A7E3F2EBCE13DB0707E3FE5
:100F2000377DDB3D8B867E3FB93DD53DC99B7E3FFE
:100F3000B7FDCE3D69B07E3F36BDC83D6DC47E3F36
:100F4000397CC23DD4D77E3FC33ABC3D9DEA7E3F4B
:100F5000DAF8B53DC9FC7E3F80B6AF3D580E7F3F05
:100F6000BA73A93D491F7F3F8C30A33D9D2F7F3F22
:100F7000F9EC9C3D543F7F3F05A9963D6D4E7F3F68
:100F8000B464903DE95C7F3F0A208A3DC76A7F3F99
:100F90000ADB833D08787F3F742B7B3DAB847F3F2A
:100FA00038A06E3DB1907F3F6814623D189C7F3F32
:100FB0000E88553DE3A67F3F2FFB483D0FB17F3F95
:100FC000D56D3C3D9EBA7F3F07E02F3D8FC37F3FED
:100FD000CC51233DE2CB7F3F2CC3163D98D37F3FBE
:100FE0002F340A3DAFDA7F3FB949FB3C29E17F3F0F
:100FF0007B2AE23C05E77F3FB00AC93C43EC7F3FD8
:1010000069EAAF3CE3F07F3FB6C9963CE6F47F3F28
:101010004B517B3C4AF87F3F900E493C11FB7F3F90
:1010200059CB163C39FD7F3F890FC93BC4FE7F3F3A
:10103000C70F493BB1FF7F3F000000000000803F29
:10104000C70F49BBB1FF7F3F890FC9BBC4FE7F3FBC
:1010500059CB16BC39FD7F3F900E49BC11FB7F3F39
:101060004B517BBC4AF87F3FB6C996BCE6F47F3F44
:1010700069EAAFBCE3F07F3FB00AC9BC43EC7F3FF5
:101080007B2AE2BC05E77F3FB949FBBC29E17F3FF2
:101090002F340ABDAFDA7F3F2CC316BD98D37F3FF4
:1010A000CC5123BDE2CB7F3F07E02FBD8FC37F3FF5
:1010B000D56D3CBD9EBA7F3F2FFB48BD0FB17F3F32
:1010C0000E8855BDE3A67F3F681462BD189C7F3F24
:1010D00038A06EBDB1907F3F742B7BBDAB847F3F4A
:1010E0000ADB83BD08787F3F0A208ABDC76A7F3F3D
:1010F000B46490BDE95C7F3F05A996BD6D4E7F3F0E
:10110000F9EC9CBD543F7F3F8C30A3BD9D2F7F3FAA
:10111000BA73A9BD491F7F3F80B6AFBD580E7F3F50
:10112000DAF8B5BDC9FC7E3FC33ABCBD9DEA7E3F3F
:10113000397CC2BDD4D77E3F36BDC8BD6DC47E3FAD
:10114000B7FDCEBD69B07E3FB93DD5BDC99B7E3FE1
:10115000377DDBBD8B867E3F2EBCE1BDB0707E3F10
:101160009AFAE7BD385A7E3F7638EEBD23437E3F7C
:10117000C075F4BD722B7E3F73B2FABD24137E3F5F
:10118000457700BE38FA7D3F029503BEB1E07D3F52
:101190006EB206BE8CC67D3F86CF09BECCAB7D3F0E
:1011A0004AEC0CBE6E907D3FB70810BE74747D3F54
:1011B000CA2413BEDE577D3F834016BEAC3A7D3F46
:1011C000E05B19BEDD1C7D3FDE761CBE73FE7C3FFE
:1011D0007B911FBE6CDF7C3FB6AB22BEC9BF7C3F9C
:1011E0008CC525BE8A9F7C3FFCDE28BEB07E7C3F3E
:1011F00004F82BBE3A5D7C3FA2102FBE283B7C3FFB
:10120000D42832BE7A187C3F984035BE31F57B3FFA
:10121000EC5738BE4DD17B3FCF6E3BBECDAC7B3F54
:101220003E853EBEB2877B3F379B41BEFC617B3F24
:10123000B9B044BEAB3B7B3FC2C547BEBE147B3F8B
:101240004FDA4ABE37ED7A3F60EE4DBE16C57A3FA3
:10125000F10151BE599C7A3F011554BE02737A3F89
:101260008F2757BE10497A3F97395ABE841E7A3F5E
:101270001A4B5DBE5EF3793F135C60BE9DC7793F3C
:10128000836C63BE439B793F667C66BE4E6E793F3E
:10129000BA8B69BEC040793F7F9A6CBE9812793F85
:1012A000B2A86FBED6E3783F51B672BE7BB4783F2A
:1012B0005AC375BE8684783FCCCF78BEF853783F4A
:1012C000A4DB7BBED122783FE1E67EBE10F1773F02
:1012D000C0F880BEB7BE773FC07D82BEC58B773F6A
:1012E000700284BE3A58773FCE8685BE1724773F7A
:1012F000DA0A87BE5BEF763F938E88BE07BA763FE9
:10130000F8118ABE1B84763F07958BBE974D763FBA
:10131000C0178DBE7A16763F229A8EBEC6DE753F06
:101320002C1C90BE7BA6753FDD9D91BE976D753FD1
:10133000351F93BE1D34753F31A094BE0BFA743F28
:10134000D22096BE62BF743F17A197BE2284743F1D
:10135000FE2099BE4B48743F86A09ABEDD0B743FB9
:10136000AF1F9CBED9CE733F789E9DBE3F91733F09
:10137000DF1C9FBE0E53733FE59AA0BE4714733F18
:101380008718A2BEEBD4723FC595A3BEF894723FF6
:101390009F12A5BE7054723F128FA6BE5213723FA9
:1013A0001F0BA8BE9FD1713FC486A9BE578F713F46
:1013B0000102ABBE7A4C713FD47CACBE0809713FD0
:1013C0003CF7ADBE02C5703F3A71AFBE6680703F5C
:1013D000CBEAB0BE373B703FEF63B2BE73F56F3FF1
:1013E000A5DCB3BE1BAF6F3FEC54B5BE30686F3F9A
:1013F000C3CCB6BEB0206F3F2A44B8BE9ED86E3F65
:101400001EBBB9BEF88F6E3FA031BBBEBE466E3F5D
:10141000AFA7BCBEF2FC6D3F4A1DBEBE93B26D3F8E
:101420006F92BFBEA1676D3F1E07C1BE1D1C6D3F01
:10143000557BC2BE07D06C3F15EFC3BE5E836C3FC9
:101440005C62C5BE24366C3F29D5C6BE58E86B3FEA
:101450007C47C8BEFB996B3F53B9C9BE0C4B6B3F71
:10146000AE2ACBBE8CFB6A3F8B9BCCBE7BAB6A3F6C
:10147000EA0BCEBED95A6A3FCA7BCFBEA7096A3FE4
:101480002AEBD0BEE4B7693F095AD2BE9165693FE5
:1014900067C8D3BEAE12693F4136D5BE3CBF683F78
:1014A00099A3D6BE396B683F6B10D8BEA816683FAB
:1014B000B97CD9BE87C1673F80E8DABED86B673F89
:1014C000C153DCBE9915673F79BEDDBECCBE663F19
:1014D000A928DFBE7167663F4F92E0BE880F663F66
:1014E0006AFBE1BE10B7653FFA63E3BE0B5E653F82
:1014F000FECBE4BE7904653F7533E6BE59AA643F6E
:101500005D9AE7BEAC4F643FB700E9BE73F4633F3A
:101510008166EABEAC98633FBBCBEBBE5A3C633FEF
:101520006330EDBE7BDF623F7994EEBE1082623F96
:10153000FBF7EFBE1A24623FEA5AF1BE98C5613F3D
:1015400043BDF2BE8A66613F071FF4BEF206613FEB
:101550003580F5BECFA6603FCBE0F6BE2146603FAA
:10156000C840F8BEE9E45F3F2DA0F9BE27835F3F86
:10157000F7FEFABEDB205F3F275DFCBE05BE5E3F87
:10158000BBBAFDBEA65A5E3FB217FFBEBEF65D3FB8
:10159000063A00BF4D925D3FE4E700BF532D5D3F2B
:1015A000739501BFD1C75C3FB14202BFC7615C3FC9
:1015B0009FEF02BF34FB5B3F3D9C03BF1A945B3F30
:1015C000894804BF792C5B3F84F404BF50C45A3F60
:1015D0002CA005BFA05B5A3F824B06BF6AF2593F61
:1015E00086F606BFAD88593F36A107BF6A1E593F30
:1015F000924B08BFA1B3583F9BF508BF5348583FD3
:101600004E9F09BF7FDC573FAD480ABF2670573F4A
:10161000B7F10ABF4803573F6B9A0BBFE595563F9A
:10162000C9420CBFFE27563FD0EA0CBF93B9553FC5
:1016300081920DBFA44A553FDA390EBF31DB543FCA
:10164000DBE00EBF3B6B543F84870FBFC3FA533FB1
:10165000D52D10BFC789533FCDD310BF4918533F75
:101660006B7911BF49A6523FB01E12BFC633523F1D
:101670009AC312BFC2C0513F2A6813BF3D4D513FAC
:101680005F0C14BF37D9503F39B014BFAF64503F1F
:10169000B75315BFA8EF4F3FD9F615BF1F7A4F3F7D
:1016A0009F9916BF17044F3F073C17BF908D4E3FC1
:1016B00012DE17BF89164E3FC07F18BF029F4D3FF5
:1016C0000F2119BFFD264D3F00C219BF79AE4C3F17
:1016D00093621ABF78354C3FC6021BBFF8BB4B3F25
:1016E00099A21BBFFA414B3F0C421CBF7FC74A3F28
:1016F0001FE11CBF874C4A3FD17F1DBF12D1493F1C
:10170000221E1EBF2155493F12BC1EBFB3D8483F01
:101710009F591FBFCA5B483FCBF61FBF65DE473FDF
:10172000939320BF8560473FF92F21BF2AE2463FB0
:10173000FBCB21BF5463463F996722BF03E4453F7B
:10174000D30223BF3964453FA99D23BFF5E3443F3E
:101750001A3824BF3763443F25D224BF00E2433FF9
:10176000CB6B25BF5160433F0A0526BF29DE423FB0
:10177000E39D26BF895B423F563627BF70D8413F65
:1017800061CE27BFE154413F056628BFDAD0403F14
:1017900041FD28BF5C4C403F159429BF67C73F3FC0
:1017A000802A2ABFFC413F3F82C02ABF1BBC3E3F6C
:1017B0001B562BBFC5353E3F4AEB2BBFF9AE3D3F15
:1017C0000F802CBFB8273D3F69142DBF03A03C3FBD
:1017D00059A82DBFD9173C3FDE3B2EBF3B8F3B3F67
:1017E000F7CE2EBF29063B3FA5612FBFA47C3A3F11
:1017F000E6F32FBFACF2393FBB8530BF4268393FBB
:10180000221731BF65DD383F1DA831BF1652383F62
:10181000AA3832BF55C6373FC9C832BF233A373F0F
:101820007A5833BF7FAD363FBCE733BF6C20363FBD
:101830008F7634BFE792353FF30435BFF304353F6D
:10184000E79235BF8F76343F6C2036BFBCE7333F1D
:101850007FAD36BF7A58333F233A37BFC9C8323FCE
:1018600055C637BFAA38323F165238BF1DA8313F80
:1018700065DD38BF2217313F426839BFBB85303F35
:10188000ACF239BFE6F32F3FA47C3ABFA5612F3FEE
:1018900029063BBFF7CE2E3F3B8F3BBFDE3B2E3FA3
:1018A000D9173CBF59A82D3F03A03CBF69142D3F59
:1018B000B8273DBF0F802C3FF9AE3DBF4AEB2B3F11
:1018C000C5353EBF1B562B3F1BBC3EBF82C02A3FC7
:1018D000FC413FBF802A2A3F67C73FBF1594293F7D
:1018E0005C4C40BF41FD283FDAD040BF0566283F31
:1018F000E15441BF61CE273F70D841BF5636273FE4
:10190000895B42BFE39D263F29DE42BF0A05263F91
:10191000516043BFCB6B253F00E243BF25D2243F3C
:10192000376344BF1A38243FF5E344BFA99D233FE2
:10193000396445BFD302233F03E445BF9967223F83
:10194000546346BFFBCB213F2AE246BFF92F213F1C
:10195000856047BF9393203F65DE47BFCBF61F3FAF
:10196000CA5B48BF9F591F3FB3D848BF12BC1E3F38
:10197000215549BF221E1E3F12D149BFD17F1D3FB5
:10198000874C4ABF1FE11C3F7FC74ABF0C421C3F28
:10199000FA414BBF99A21B3FF8BB4BBFC6021B3F8E
:1019A00078354CBF93621A3F79AE4CBF00C2193FE5
:1019B000FD264DBF0F21193F029F4DBFC07F183F2D
:1019C00089164EBF12DE173F908D4EBF073C173F62
:1019D00017044FBF9F99163F1F7A4FBFD9F6153F87
:1019E000A8EF4FBFB753153FAF6450BF39B0143F96
:1019F00037D950BF5F0C143F3D4D51BF2A68133F8C
:101A0000C2C051BF9AC3123FC63352BFB01E123F6D
:101A100049A652BF6B79113F491853BFCDD3103F30
:101A2000C78953BFD52D103FC3FA53BF84870F3FDB
:101A30003B6B54BFDBE00E3F31DB54BFDA390E3F66
:101A4000A44A55BF81920D3F93B955BFD0EA0C3FD0
:101A5000FE2756BFC9420C3FE59556BF6B9A0B3F18
:101A6000480357BFB7F10A3F267057BFAD480A3F3A
:101A70007FDC57BF4E9F093F534858BF9BF5083F37
:101A8000A1B358BF924B083F6A1E59BF36A1073F0A
:101A9000AD8859BF86F6063F6AF259BF824B063FB2
:101AA000A05B5ABF2CA0053F50C45ABF84F4043F2A
:101AB000792C5BBF8948043F1A945BBF3D9C033F70
:101AC00034FB5BBF9FEF023FC7615CBFB142023F87
:101AD000D1C75CBF7395013F532D5DBFE4E7003F65
:101AE0004D925DBF063A003FBEF65DBFB217FF3EA6
:101AF000A65A5EBFBBBAFD3E05BE5EBF275DFC3E7B
:101B0000DB205FBFF7FEFA3E27835FBF2DA0F93EC3
:101B1000E9E45FBFC840F83E214660BFCBE0F63E37
:101B2000CFA660BF3580F53EF20661BF071FF43EC9
:101B30008A6661BF43BDF23E98C561BFEA5AF13E75
:101B40001A2462BFFBF7EF3E108262BF7994EE3E2B
:101B50007BDF62BF6330ED3E5A3C63BFBBCBEB3EE5
:101B6000AC9863BF8166EA3E73F463BFB700E93E99
:101B7000AC4F64BF5D9AE73E59AA64BF7533E63E39
:101B8000790465BFFECBE43E0B5E65BFFA63E33EBE
:101B900010B765BF6AFBE13E880F66BF4F92E03E1B
:101BA000716766BFA928DF3ECCBE66BF79BEDD3E49
:101BB000991567BFC153DC3ED86B67BF80E8DA3E3A
:101BC00087C167BFB97CD93EA81668BF6B10D83EE5
:101BD000396B68BF99A3D63E3CBF68BF4136D53E3E
:101BE000AE1269BF67C8D33E916569BF095AD23E3C
:101BF000E4B769BF2AEBD03EA7096ABFCA7BCF3ED4
:101C0000D95A6ABFEA0BCE3E7BAB6ABF8B9BCC3EF8
:101C10008CFB6ABFAE2ACB3E0C4B6BBF53B9C93E9F
:101C2000FB996BBF7C47C83E58E86BBF29D5C63EC1
:101C300024366CBF5C62C53E5E836CBF15EFC33E4D
:101C400007D06CBF557BC23E1D1C6DBF1E07C13E39
:101C5000A1676DBF6F92BF3E93B26DBF4A1DBE3E7E
:101C6000F2FC6DBFAFA7BC3EBE466EBFA031BB3E0F
:101C7000F88F6EBF1EBBB93E9ED86EBF2A44B83ED9
:101C8000B0206FBFC3CCB63E30686FBFEC54B53EDA
:101C90001BAF6FBFA5DCB33E73F56FBFEF63B23E02
:101CA000373B70BFCBEAB03E668070BF3A71AF3E43
:101CB00002C570BF3CF7AD3E080971BFD47CAC3E95
:101CC0007A4C71BF0102AB3E578F71BFC486A93EEB
:101CD0009FD171BF1F0BA83E521372BF128FA63E39
:101CE000705472BF9F12A53EF89472BFC595A33E73
:101CF000EBD472BF8718A23E471473BFE59AA03E8B
:101D00000E5373BFDF1C9F3E3F9173BF789E9D3E75
:101D1000D9CE73BFAF1F9C3EDD0B74BF86A09A3E29
:101D20004B4874BFFE20993E228474BF17A1973E92
:101D300062BF74BFD220963E0BFA74BF31A0943EAE
:101D40001D3475BF351F933E976D75BFDD9D913E68
:101D50007BA675BF2C1C903EC6DE75BF229A8E3EB8
:101D60007A1676BFC0178D3E974D76BF07958B3E8E
:101D70001B8476BFF8118A3E07BA76BF938E883EE1
:101D80005BEF76BFDA0A873E172477BFCE86853EA3
:101D90003A5877BF7002843EC58B77BFC07D823EC4
:101DA000B7BE77BFC0F8803E10F177BFE1E67E3E58
:101DB000D12278BFA4DB7B3EF85378BFCCCF783EEE
:101DC000868478BF5AC3753E7BB478BF51B6723EE5
:101DD000D6E378BFB2A86F3E981279BF7F9A6C3E67
:101DE000C04079BFBA8B693E4E6E79BF667C663E55
:101DF000439B79BF836C633E9DC779BF135C603E94
:101E00005EF379BF1A4B5D3E841E7ABF97395A3E06
:101E100010497ABF8F27573E02737ABF0115543E8F
:101E2000599C7ABFF101513E16C57ABF60EE4D3E16
:101E300037ED7ABF4FDA4A3EBE147BBFC2C5473E7C
:101E4000AB3B7BBFB9B0443EFC617BBF379B413E9F
:101E5000B2877BBF3E853E3ECDAC7BBFCF6E3B3E67
:101E60004DD17BBFEC57383E31F57BBF9840353EB6
:101E70007A187CBFD428323E283B7CBFA2102F3E6C
:101E80003A5D7CBF04F82B3EB07E7CBFFCDE283E72
:101E90008A9F7CBF8CC5253EC9BF7CBFB6AB223EA6
:101EA0006CDF7CBF7B911F3E73FE7CBFDE761C3EE9
:101EB000DD1C7DBFE05B193EAC3A7DBF8340163E22
:101EC000DE577DBFCA24133E74747DBFB708103E31
:101ED0006E907DBF4AEC0C3ECCAB7DBF86CF093EF9
:101EE0008CC67DBF6EB2063EB1E07DBF0295033E5B
:101EF00038FA7DBF4577003E24137EBF73B2FA3DAA
:101F0000722B7EBFC075F43D23437EBF7638EE3D15
:101F1000385A7EBF9AFAE73DB0707EBF2EBCE13DD5
:101F20008B867EBF377DDB3DC99B7EBFB93DD53DEE
:101F300069B07EBFB7FDCE3D6DC47EBF36BDC83D26
:101F4000D4D77EBF397CC23D9DEA7EBFC33ABC3D3B
:101F5000C9FC7EBFDAF8B53D580E7FBF80B6AF3DF5
:101F6000491F7FBFBA73A93D9D2F7FBF8C30A33D12
:101F7000543F7FBFF9EC9C3D6D4E7FBF05A9963D58
:101F8000E95C7FBFB464903DC76A7FBF0A208A3D89
:101F900008787FBF0ADB833DAB847FBF742B7B3D1A
:101FA000B1907FBF38A06E3D189C7FBF6814623D22
:101FB000E3A67FBF0E88553D0FB17FBF2FFB483D85
:101FC0009EBA7FBFD56D3C3D8FC37FBF07E02F3DDD
:101FD000E2CB7FBFCC51233D98D37FBF2CC3163DAE
:101FE000AFDA7FBF2F340A3D29E17FBFB949FB3CFF
:101FF00005E77FBF7B2AE23C43EC7FBFB00AC93CC8
:10200000E3F07FBF69EAAF3CE6F47FBFB6C9963C18
:102010004AF87FBF4B517B3C11FB7FBF900E493C80
:1020200039FD7FBF59CB163CC4FE7FBF890FC93B2A
:10203000B1FF7FBFC70F493B000080BF0000000019
:10204000B1FF7FBFC70F49BBC4FE7FBF890FC9BBAC
:1020500039FD7FBF59CB16BC11FB7FBF900E49BC29
:102060004AF87FBF4B517BBCE6F47FBFB6C996BC34
:10207000E3F07FBF69EAAFBC43EC7FBFB00AC9BCE5
:1020800005E77FBF7B2AE2BC29E17FBFB949FBBCE2
:10209000AFDA7FBF2F340ABD98D37FBF2CC316BDE4
:1020A000E2CB7FBFCC5123BD8FC37FBF07E02FBDE5
:1020B0009EBA7FBFD56D3CBD0FB17FBF2FFB48BD22
:1020C000E3A67FBF0E8855BD189C7FBF681462BD14
:1020D000B1907FBF38A06EBDAB847FBF742B7BBD3A
:1020E00008787FBF0ADB83BDC76A7FBF0A208ABD2D
:1020F000E95C7FBFB46490BD6D4E7FBF05A996BDFE
:10210000543F7FBFF9EC9CBD9D2F7FBF8C30A3BD9A
:10211000491F7FBFBA73A9BD580E7FBF80B6AFBD40
:10212000C9FC7EBFDAF8B5BD9DEA7EBFC33ABCBD2F
:10213000D4D77EBF397CC2BD6DC47EBF36BDC8BD9D
:1021400069B07EBFB7FDCEBDC99B7EBFB93DD5BDD1
:102150008B867EBF377DDBBDB0707EBF2EBCE1BD00
:10216000385A7EBF9AFAE7BD23437EBF7638EEBD6C
:10217000722B7EBFC075F4BD24137EBF73B2FABD4F
:1021800038FA7DBF457700BEB1E07DBF029503BE42
:102190008CC67DBF6EB206BECCAB7DBF86CF09BEFE
:1021A0006E907DBF4AEC0CBE74747DBFB70810BE44
:1021B000DE577DBFCA2413BEAC3A7DBF834016BE36
:1021C000DD1C7DBFE05B19BE73FE7CBFDE761CBEEE
:1021D0006CDF7CBF7B911FBEC9BF7CBFB6AB22BE8C
:1021E0008A9F7CBF8CC525BEB07E7CBFFCDE28BE2E
:1021F0003A5D7CBF04F82BBE283B7CBFA2102FBEEB
:102200007A187CBFD42832BE31F57BBF984035BEEA
:102210004DD17BBFEC5738BECDAC7BBFCF6E3BBE44
:10222000B2877BBF3E853EBEFC617BBF379B41BE14
:10223000AB3B7BBFB9B044BEBE147BBFC2C547BE7B
:1022400037ED7ABF4FDA4ABE16C57ABF60EE4DBE93
:10225000599C7ABFF10151BE02737ABF011554BE79
:1022600010497ABF8F2757BE841E7ABF97395ABE4E
:102270005EF379BF1A4B5DBE9DC779BF135C60BE2C
:10228000439B79BF836C63BE4E6E79BF667C66BE2E
:10229000C04079BFBA8B69BE981279BF7F9A6CBE75
:1022A000D6E378BFB2A86FBE7BB478BF51B672BE1A
:1022B000868478BF5AC375BEF85378BFCCCF78BE3A
:1022C000D12278BFA4DB7BBE10F177BFE1E67EBEF2
:1022D000B7BE77BFC0F880BEC58B77BFC07D82BE5A
:1022E0003A5877BF700284BE172477BFCE8685BE6A
:1022F0005BEF76BFDA0A87BE07BA76BF938E88BED9
:102300001B8476BFF8118ABE974D76BF07958BBEAA
:102310007A1676BFC0178DBEC6DE75BF229A8EBEF6
:102320007BA675BF2C1C90BE976D75BFDD9D91BEC1
:102330001D3475BF351F93BE0BFA74BF31A094BE18
:1023400062BF74BFD22096BE228474BF17A197BE0D
:102350004B4874BFFE2099BEDD0B74BF86A09ABEA9
:10236000D9CE73BFAF1F9CBE3F9173BF789E9DBEF9
:102370000E5373BFDF1C9FBE471473BFE59AA0BE08
:10238000EBD472BF8718A2BEF89472BFC595A3BEE6
:10239000705472BF9F12A5BE521372BF128FA6BE99
:1023A0009FD171BF1F0BA8BE578F71BFC486A9BE36
:1023B0007A4C71BF0102ABBE080971BFD47CACBEC0
:1023C00002C570BF3CF7ADBE668070BF3A71AFBE4C
:1023D000373B70BFCBEAB0BE73F56FBFEF63B2BEE1
:1023E0001BAF6FBFA5DCB3BE30686FBFEC54B5BE8A
:1023F000B0206FBFC3CCB6BE9ED86EBF2A44B8BE55
:10240000F88F6EBF1EBBB9BEBE466EBFA031BBBE4D
:10241000F2FC6DBFAFA7BCBE93B26DBF4A1DBEBE7E
:10242000A1676DBF6F92BFBE1D1C6DBF1E07C1BEF1
:1024300007D06CBF557BC2BE5E836CBF15EFC3BEB9
:1024400024366CBF5C62C5BE58E86BBF29D5C6BEDA
:10245000FB996BBF7C47C8BE0C4B6BBF53B9C9BE61
:102460008CFB6ABFAE2ACBBE7BAB6ABF8B9BCCBE5C
:10247000D95A6ABFEA0BCEBEA7096ABFCA7BCFBED4
:10248000E4B769BF2AEBD0BE916569BF095AD2BED5
:10249000AE1269BF67C8D3BE3CBF68BF4136D5BE68
:1024A000396B68BF99A3D6BEA81668BF6B10D8BE9B
:1024B00087C167BFB97CD9BED86B67BF80E8DABE79
:1024C000991567BFC153DCBECCBE66BF79BEDDBE09
:1024D000716766BFA928DFBE880F66BF4F92E0BE56
:1024E00010B765BF6AFBE1BE0B5E65BFFA63E3BE72
:1024F000790465BFFECBE4BE59AA64BF7533E6BE5E
:10250000AC4F64BF5D9AE7BE73F463BFB700E9BE2A
:10251000AC9863BF8166EABE5A3C63BFBBCBEBBEDF
:102520007BDF62BF6330EDBE108262BF7994EEBE86
:102530001A2462BFFBF7EFBE98C561BFEA5AF1BE2D
:102540008A6661BF43BDF2BEF20661BF071FF4BEDB
:10255000CFA660BF3580F5BE214660BFCBE0F6BE9A
:10256000E9E45FBFC840F8BE27835FBF2DA0F9BE76
:10257000DB205FBFF7FEFABE05BE5EBF275DFCBE77
:10258000A65A5EBFBBBAFDBEBEF65DBFB217FFBEA8
:102590004D925DBF063A00BF532D5DBFE4E700BF1B
:1025A000D1C75CBF739501BFC7615CBFB14202BFB9
:1025B00034FB5BBF9FEF02BF1A945BBF3D9C03BF20
:1025C000792C5BBF894804BF50C45ABF84F404BF50
:1025D000A05B5ABF2CA005BF6AF259BF824B06BF51
:1025E000AD8859BF86F606BF6A1E59BF36A107BF20
:1025F000A1B358BF924B08BF534858BF9BF508BFC3
:102600007FDC57BF4E9F09BF267057BFAD480ABF3A
:10261000480357BFB7F10ABFE59556BF6B9A0BBF8A
:10262000FE2756BFC9420CBF93B955BFD0EA0CBFB5
:10263000A44A55BF81920DBF31DB54BFDA390EBFBA
:102640003B6B54BFDBE00EBFC3FA53BF84870FBFA1
:10265000C78953BFD52D10BF491853BFCDD310BF65
:1026600049A652BF6B7911BFC63352BFB01E12BF0D
:10267000C2C051BF9AC312BF3D4D51BF2A6813BF9C
:1026800037D950BF5F0C14BFAF6450BF39B014BF0F
:10269000A8EF4FBFB75315BF1F7A4FBFD9F615BF6D
:1026A00017044FBF9F9916BF908D4EBF073C17BFB1
:1026B00089164EBF12DE17BF029F4DBFC07F18BFE5
:1026C000FD264DBF0F2119BF79AE4CBF00C219BF07
:1026D00078354CBF93621ABFF8BB4BBFC6021BBF15
:1026E000FA414BBF99A21BBF7FC74ABF0C421CBF18
:1026F000874C4ABF1FE11CBF12D149BFD17F1DBF0C
:10270000215549BF221E1EBFB3D848BF12BC1EBFF1
:10271000CA5B48BF9F591FBF65DE47BFCBF61FBFCF
:10272000856047BF939320BF2AE246BFF92F21BFA0
:10273000546346BFFBCB21BF03E445BF996722BF6B
:10274000396445BFD30223BFF5E344BFA99D23BF2E
:10275000376344BF1A3824BF00E243BF25D224BFE9
:10276000516043BFCB6B25BF29DE42BF0A0526BFA0
:10277000895B42BFE39D26BF70D841BF563627BF55
:10278000E15441BF61CE27BFDAD040BF056628BF04
:102790005C4C40BF41FD28BF67C73FBF159429BFB0
:1027A000FC413FBF802A2ABF1BBC3EBF82C02ABF5C
:1027B000C5353EBF1B562BBFF9AE3DBF4AEB2BBF05
:1027C000B8273DBF0F802CBF03A03CBF69142DBFAD
:1027D000D9173CBF59A82DBF3B8F3BBFDE3B2EBF57
:1027E00029063BBFF7CE2EBFA47C3ABFA5612FBF01
:1027F000ACF239BFE6F32FBF426839BFBB8530BFAB
:1028000065DD38BF221731BF165238BF1DA831BF52
:1028100055C637BFAA3832BF233A37BFC9C832BFFF
:102820007FAD36BF7A5833BF6C2036BFBCE733BFAD
:10283000E79235BF8F7634BFF30435BFF30435BF5D
:102840008F7634BFE79235BFBCE733BF6C2036BF0D
:102850007A5833BF7FAD36BFC9C832BF233A37BFBE
:10286000AA3832BF55C637BF1DA831BF165238BF70
:10287000221731BF65DD38BFBB8530BF426839BF25
:10288000E6F32FBFACF239BFA5612FBFA47C3ABFDE
:10289000F7CE2EBF29063BBFDE3B2EBF3B8F3BBF93
:1028A00059A82DBFD9173CBF69142DBF03A03CBF49
:1028B0000F802CBFB8273DBF4AEB2BBFF9AE3DBF01
:1028C0001B562BBFC5353EBF82C02ABF1BBC3EBFB7
:1028D000802A2ABFFC413FBF159429BF67C73FBF6D
:1028E00041FD28BF5C4C40BF056628BFDAD040BF21
:1028F00061CE27BFE15441BF563627BF70D841BFD4
:10290000E39D26BF895B42BF0A0526BF29DE42BF81
:10291000CB6B25BF516043BF25D224BF00E243BF2C
:102920001A3824BF376344BFA99D23BFF5E344BFD2
:10293000D30223BF396445BF996722BF03E445BF73
:10294000FBCB21BF546346BFF92F21BF2AE246BF0C
:10295000939320BF856047BFCBF61FBF65DE47BF9F
:102960009F591FBFCA5B48BF12BC1EBFB3D848BF28
:10297000221E1EBF215549BFD17F1DBF12D149BFA5
:102980001FE11CBF874C4ABF0C421CBF7FC74ABF18
:1029900099A21BBFFA414BBFC6021BBFF8BB4BBF7E
:1029A00093621ABF78354CBF00C219BF79AE4CBFD5
:1029B0000F2119BFFD264DBFC07F18BF029F4DBF1D
:1029C00012DE17BF89164EBF073C17BF908D4EBF52
:1029D0009F9916BF17044FBFD9F615BF1F7A4FBF77
:1029E000B75315BFA8EF4FBF39B014BFAF6450BF86
:1029F0005F0C14BF37D950BF2A6813BF3D4D51BF7C
:102A00009AC312BFC2C051BFB01E12BFC63352BF5D
:102A10006B7911BF49A652BFCDD310BF491853BF20
:102A2000D52D10BFC78953BF84870FBFC3FA53BFCB
:102A3000DBE00EBF3B6B54BFDA390EBF31DB54BF56
:102A400081920DBFA44A55BFD0EA0CBF93B955BFC0
:102A5000C9420CBFFE2756BF6B9A0BBFE59556BF08
:102A6000B7F10ABF480357BFAD480ABF267057BF2A
:102A70004E9F09BF7FDC57BF9BF508BF534858BF27
:102A8000924B08BFA1B358BF36A107BF6A1E59BFFA
:102A900086F606BFAD8859BF824B06BF6AF259BFA2
:102AA0002CA005BFA05B5ABF84F404BF50C45ABF1A
:102AB000894804BF792C5BBF3D9C03BF1A945BBF60
:102AC0009FEF02BF34FB5BBFB14202BFC7615CBF77
:102AD000739501BFD1C75CBFE4E700BF532D5DBF55
:102AE000063A00BF4D925DBFB217FFBEBEF65DBF96
:102AF000BBBAFDBEA65A5EBF275DFCBE05BE5EBF6B
:102B0000F7FEFABEDB205FBF2DA0F9BE27835FBFB3
:102B1000C840F8BEE9E45FBFCBE0F6BE214660BF27
:102B20003580F5BECFA660BF071FF4BEF20661BFB9
:102B300043BDF2BE8A6661BFEA5AF1BE98C561BF65
:102B4000FBF7EFBE1A2462BF7994EEBE108262BF1B
:102B50006330EDBE7BDF62BFBBCBEBBE5A3C63BFD5
:102B60008166EABEAC9863BFB700E9BE73F463BF89
:102B70005D9AE7BEAC4F64BF7533E6BE59AA64BF29
:102B8000FECBE4BE790465BFFA63E3BE0B5E65BFAE
:102B90006AFBE1BE10B765BF4F92E0BE880F66BF0B
:102BA000A928DFBE716766BF79BEDDBECCBE66BF39
:102BB000C153DCBE991567BF80E8DABED86B67BF2A
:102BC000B97CD9BE87C167BF6B10D8BEA81668BFD5
:102BD00099A3D6BE396B68BF4136D5BE3CBF68BF2E
:102BE00067C8D3BEAE1269BF095AD2BE916569BF2C
:102BF0002AEBD0BEE4B769BFCA7BCFBEA7096ABFC4
:102C0000EA0BCEBED95A6ABF8B9BCCBE7BAB6ABFE8
:102C1000AE2ACBBE8CFB6ABF53B9C9BE0C4B6BBF8F
:102C20007C47C8BEFB996BBF29D5C6BE58E86BBFB1
:102C30005C62C5BE24366CBF15EFC3BE5E836CBF3D
:102C4000557BC2BE07D06CBF1E07C1BE1D1C6DBF29
:102C50006F92BFBEA1676DBF4A1DBEBE93B26DBF6E
:102C6000AFA7BCBEF2FC6DBFA031BBBEBE466EBFFF
:102C70001EBBB9BEF88F6EBF2A44B8BE9ED86EBFC9
:102C8000C3CCB6BEB0206FBFEC54B5BE30686FBFCA
:102C9000A5DCB3BE1BAF6FBFEF63B2BE73F56FBFF2
:102CA000CBEAB0BE373B70BF3A71AFBE668070BF33
:102CB0003CF7ADBE02C570BFD47CACBE080971BF85
:102CC0000102ABBE7A4C71BFC486A9BE578F71BFDB
:102CD0001F0BA8BE9FD171BF128FA6BE521372BF29
:102CE0009F12A5BE705472BFC595A3BEF89472BF63
:102CF0008718A2BEEBD472BFE59AA0BE471473BF7B
:102D0000DF1C9FBE0E5373BF789E9DBE3F9173BF65
:102D1000AF1F9CBED9CE73BF86A09ABEDD0B74BF19
:102D2000FE2099BE4B4874BF17A197BE228474BF82
:102D3000D22096BE62BF74BF31A094BE0BFA74BF9E
:102D4000351F93BE1D3475BFDD9D91BE976D75BF58
:102D50002C1C90BE7BA675BF229A8EBEC6DE75BFA8
:102D6000C0178DBE7A1676BF07958BBE974D76BF7E
:102D7000F8118ABE1B8476BF938E88BE07BA76BFD1
:102D8000DA0A87BE5BEF76BFCE8685BE172477BF93
:102D9000700284BE3A5877BFC07D82BEC58B77BFB4
:102DA000C0F880BEB7BE77BFE1E67EBE10F177BF48
:102DB000A4DB7BBED12278BFCCCF78BEF85378BFDE
:102DC0005AC375BE868478BF51B672BE7BB478BFD5
:102DD000B2A86FBED6E378BF7F9A6CBE981279BF57
:102DE000BA8B69BEC04079BF667C66BE4E6E79BF45
:102DF000836C63BE439B79BF135C60BE9DC779BF84
:102E00001A4B5DBE5EF379BF97395ABE841E7ABFF6
:102E10008F2757BE10497ABF011554BE02737ABF7F
:102E2000F10151BE599C7ABF60EE4DBE16C57ABF06
:102E30004FDA4ABE37ED7ABFC2C547BEBE147BBF6C
:102E4000B9B044BEAB3B7BBF379B41BEFC617BBF8F
:102E50003E853EBEB2877BBFCF6E3BBECDAC7BBF57
:102E6000EC5738BE4DD17BBF984035BE31F57BBFA6
:102E7000D42832BE7A187CBFA2102FBE283B7CBF5C
:102E800004F82BBE3A5D7CBFFCDE28BEB07E7CBF62
:102E90008CC525BE8A9F7CBFB6AB22BEC9BF7CBF96
:102EA0007B911FBE6CDF7CBFDE761CBE73FE7CBFD9
:102EB000E05B19BEDD1C7DBF834016BEAC3A7DBF12
:102EC000CA2413BEDE577DBFB70810BE74747DBF21
:102ED0004AEC0CBE6E907DBF86CF09BECCAB7DBFE9
:102EE0006EB206BE8CC67DBF029503BEB1E07DBF4B
:102EF000457700BE38FA7DBF73B2FABD24137EBF9A
:102F0000C075F4BD722B7EBF7638EEBD23437EBF05
:102F10009AFAE7BD385A7EBF2EBCE1BDB0707EBFC5
:102F2000377DDBBD8B867EBFB93DD5BDC99B7EBFDE
:102F3000B7FDCEBD69B07EBF36BDC8BD6DC47EBF16
:102F4000397CC2BDD4D77EBFC33ABCBD9DEA7EBF2B
:102F5000DAF8B5BDC9FC7EBF80B6AFBD580E7FBFE5
:102F6000BA73A9BD491F7FBF8C30A3BD9D2F7FBF02
:102F7000F9EC9CBD543F7FBF05A996BD6D4E7FBF48
:102F8000B46490BDE95C7FBF0A208ABDC76A7FBF79
:102F90000ADB83BD08787FBF742B7BBDAB847FBF0A
:102FA00038A06EBDB1907FBF681462BD189C7FBF12
:102FB0000E8855BDE3A67FBF2FFB48BD0FB17FBF75
:102FC000D56D3CBD9EBA7FBF07E02FBD8FC37FBFCD
:102FD000CC5123BDE2CB7FBF2CC316BD98D37FBF9E
:102FE0002F340ABDAFDA7FBFB949FBBC29E17FBFEF
:102FF0007B2AE2BC05E77FBFB00AC9BC43EC7FBFB8
:1030000069EAAFBCE3F07FBFB6C996BCE6F47FBF08
:103010004B517BBC4AF87FBF900E49BC11FB7FBF70
:1030200059CB16BC39FD7FBF890FC9BBC4FE7FBF1A
:10303000C70F49BBB1FF7FBF00000080000080BF09
:10304000C70F493BB1FF7FBF890FC93BC4FE7FBF9C
:1030500059CB163C39FD7FBF900E493C11FB7FBF19
:103060004B517B3C4AF87FBFB6C9963CE6F47FBF24
:1030700069EAAF3CE3F07FBFB00AC93C43EC7FBFD5
:103080007B2AE23C05E77FBFB949FB3C29E17FBFD2
:103090002F340A3DAFDA7FBF2CC3163D98D37FBFD4
:1030A000CC51233DE2CB7FBF07E02F3D8FC37FBFD5
:1030B000D56D3C3D9EBA7FBF2FFB483D0FB17FBF12
:1030C0000E88553DE3A67FBF6814623D189C7FBF04
:1030D00038A06E3DB1907FBF742B7B3DAB847FBF2A
:1030E0000ADB833D08787FBF0A208A3DC76A7FBF1D
:1030F000B464903DE95C7FBF05A9963D6D4E7FBFEE
:10310000F9EC9C3D543F7FBF8C30A33D9D2F7FBF8A
:10311000BA73A93D491F7FBF80B6AF3D580E7FBF30
:10312000DAF8B53DC9FC7EBFC33ABC3D9DEA7EBF1F
:10313000397CC23DD4D77EBF36BDC83D6DC47EBF8D
:10314000B7FDCE3D69B07EBFB93DD53DC99B7EBFC1
:10315000377DDB3D8B867EBF2EBCE13DB0707EBFF0
:103160009AFAE73D385A7EBF7638EE3D23437EBF5C
:10317000C075F43D722B7EBF73B2FA3D24137EBF3F
:103180004577003E38FA7DBF0295033EB1E07DBF32
:103190006EB2063E8CC67DBF86CF093ECCAB7DBFEE
:1031A0004AEC0C3E6E907DBFB708103E74747DBF34
:1031B000CA24133EDE577DBF8340163EAC3A7DBF26
:1031C000E05B193EDD1C7DBFDE761C3E73FE7CBFDE
:1031D0007B911F3E6CDF7CBFB6AB223EC9BF7CBF7C
:1031E0008CC5253E8A9F7CBFFCDE283EB07E7CBF1E
:1031F00004F82B3E3A5D7CBFA2102F3E283B7CBFDB
:10320000D428323E7A187CBF9840353E31F57BBFDA
:10321000EC57383E4DD17BBFCF6E3B3ECDAC7BBF34
:103220003E853E3EB2877BBF379B413EFC617BBF04
:10323000B9B0443EAB3B7BBFC2C5473EBE147BBF6B
:103240004FDA4A3E37ED7ABF60EE4D3E16C57ABF83
:10325000F101513E599C7ABF0115543E02737ABF69
:103260008F27573E10497ABF97395A3E841E7ABF3E
:103270001A4B5D3E5EF379BF135C603E9DC779BF1C
:10328000836C633E439B79BF667C663E4E6E79BF1E
:10329000BA8B693EC04079BF7F9A6C3E981279BF65
:1032A000B2A86F3ED6E378BF51B6723E7BB478BF0A
:1032B0005AC3753E868478BFCCCF783EF85378BF2A
:1032C000A4DB7B3ED12278BFE1E67E3E10F177BFE2
:1032D000C0F8803EB7BE77BFC07D823EC58B77BF4A
:1032E0007002843E3A5877BFCE86853E172477BF5A
:1032F000DA0A873E5BEF76BF938E883E07BA76BFC9
:10330000F8118A3E1B8476BF07958B3E974D76BF9A
:10331000C0178D3E7A1676BF229A8E3EC6DE75BFE6
:103320002C1C903E7BA675BFDD9D913E976D75BFB1
:10333000351F933E1D3475BF31A0943E0BFA74BF08
:10334000D220963E62BF74BF17A1973E228474BFFD
:10335000FE20993E4B4874BF86A09A3EDD0B74BF99
:10336000AF1F9C3ED9CE73BF789E9D3E3F9173BFE9
:10337000DF1C9F3E0E5373BFE59AA03E471473BFF8
:103380008718A23EEBD472BFC595A33EF89472BFD6
:103390009F12A53E705472BF128FA63E521372BF89
:1033A0001F0BA83E9FD171BFC486A93E578F71BF26
:1033B0000102AB3E7A4C71BFD47CAC3E080971BFB0
:1033C0003CF7AD3E02C570BF3A71AF3E668070BF3C
:1033D000CBEAB03E373B70BFEF63B23E73F56FBFD1
:1033E000A5DCB33E1BAF6FBFEC54B53E30686FBF7A
:1033F000C3CCB63EB0206FBF2A44B83E9ED86EBF45
:103400001EBBB93EF88F6EBFA031BB3EBE466EBF3D
:10341000AFA7BC3EF2FC6DBF4A1DBE3E93B26DBF6E
:103420006F92BF3EA1676DBF1E07C13E1D1C6DBFE1
:10343000557BC23E07D06CBF15EFC33E5E836CBFA9
:103440005C62C53E24366CBF29D5C63E58E86BBFCA
:103450007C47C83EFB996BBF53B9C93E0C4B6BBF51
:10346000AE2ACB3E8CFB6ABF8B9BCC3E7BAB6ABF4C
:10347000EA0BCE3ED95A6ABFCA7BCF3EA7096ABFC4
:103480002AEBD03EE4B769BF095AD23E916569BFC5
:1034900067C8D33EAE1269BF4136D53E3CBF68BF58
:1034A00099A3D63E396B68BF6B10D83EA81668BF8B
:1034B000B97CD93E87C167BF80E8DA3ED86B67BF69
:1034C000C153DC3E991567BF79BEDD3ECCBE66BFF9
:1034D000A928DF3E716766BF4F92E03E880F66BF46
:1034E0006AFBE13E10B765BFFA63E33E0B5E65BF62
:1034F000FECBE43E790465BF7533E63E59AA64BF4E
:103500005D9AE73EAC4F64BFB700E93E73F463BF1A
:103510008166EA3EAC9863BFBBCBEB3E5A3C63BFCF
:103520006330ED3E7BDF62BF7994EE3E108262BF76
:10353000FBF7EF3E1A2462BFEA5AF13E98C561BF1D
:1035400043BDF23E8A6661BF071FF43EF20661BFCB
:103550003580F53ECFA660BFCBE0F63E214660BF8A
:10356000C840F83EE9E45FBF2DA0F93E27835FBF66
:10357000F7FEFA3EDB205FBF275DFC3E05BE5EBF67
:10358000BBBAFD3EA65A5EBFB217FF3EBEF65DBF98
:10359000063A003F4D925DBFE4E7003F532D5DBF0B
:1035A0007395013FD1C75CBFB142023FC7615CBFA9
:1035B0009FEF023F34FB5BBF3D9C033F1A945BBF10
:1035C0008948043F792C5BBF84F4043F50C45ABF40
:1035D0002CA0053FA05B5ABF824B063F6AF259BF41
:1035E00086F6063FAD8859BF36A1073F6A1E59BF10
:1035F000924B083FA1B358BF9BF5083F534858BFB3
:103600004E9F093F7FDC57BFAD480A3F267057BF2A
:10361000B7F10A3F480357BF6B9A0B3FE59556BF7A
:10362000C9420C3FFE2756BFD0EA0C3F93B955BFA5
:1036300081920D3FA44A55BFDA390E3F31DB54BFAA
:10364000DBE00E3F3B6B54BF84870F3FC3FA53BF91
:10365000D52D103FC78953BFCDD3103F491853BF55
:103660006B79113F49A652BFB01E123FC63352BFFD
:103670009AC3123FC2C051BF2A68133F3D4D51BF8C
:103680005F0C143F37D950BF39B0143FAF6450BFFF
:10369000B753153FA8EF4FBFD9F6153F1F7A4FBF5D
:1036A0009F99163F17044FBF073C173F908D4EBFA1
:1036B00012DE173F89164EBFC07F183F029F4DBFD5
:1036C0000F21193FFD264DBF00C2193F79AE4CBFF7
:1036D00093621A3F78354CBFC6021B3FF8BB4BBF05
:1036E00099A21B3FFA414BBF0C421C3F7FC74ABF08
:1036F0001FE11C3F874C4ABFD17F1D3F12D149BFFC
:10370000221E1E3F215549BF12BC1E3FB3D848BFE1
:103710009F591F3FCA5B48BFCBF61F3F65DE47BFBF
:103720009393203F856047BFF92F213F2AE246BF90
:10373000FBCB213F546346BF9967223F03E445BF5B
:10374000D302233F396445BFA99D233FF5E344BF1E
:103750001A38243F376344BF25D2243F00E243BFD9
:10376000CB6B253F516043BF0A05263F29DE42BF90
:10377000E39D263F895B42BF5636273F70D841BF45
:1037800061CE273FE15441BF0566283FDAD040BFF4
:1037900041FD283F5C4C40BF1594293F67C73FBFA0
:1037A000802A2A3FFC413FBF82C02A3F1BBC3EBF4C
:1037B0001B562B3FC5353EBF4AEB2B3FF9AE3DBFF5
:1037C0000F802C3FB8273DBF69142D3F03A03CBF9D
:1037D00059A82D3FD9173CBFDE3B2E3F3B8F3BBF47
:1037E000F7CE2E3F29063BBFA5612F3FA47C3ABFF1
:1037F000E6F32F3FACF239BFBB85303F426839BF9B
:103800002217313F65DD38BF1DA8313F165238BF42
:10381000AA38323F55C637BFC9C8323F233A37BFEF
:103820007A58333F7FAD36BFBCE7333F6C2036BF9D
:103830008F76343FE79235BFF304353FF30435BF4D
:10384000E792353F8F7634BF6C20363FBCE733BFFD
:103850007FAD363F7A5833BF233A373FC9C832BFAE
:1038600055C6373FAA3832BF1652383F1DA831BF60
:1038700065DD383F221731BF4268393FBB8530BF15
:10388000ACF2393FE6F32FBFA47C3A3FA5612FBFCE
:1038900029063B3FF7CE2EBF3B8F3B3FDE3B2EBF83
:1038A000D9173C3F59A82DBF03A03C3F69142DBF39
:1038B000B8273D3F0F802CBFF9AE3D3F4AEB2BBFF1
:1038C000C5353E3F1B562BBF1BBC3E3F82C02ABFA7
:1038D000FC413F3F802A2ABF67C73F3F159429BF5D
:1038E0005C4C403F41FD28BFDAD0403F056628BF11
:1038F000E154413F61CE27BF70D8413F563627BFC4
:10390000895B423FE39D26BF29DE423F0A0526BF71
:103910005160433FCB6B25BF00E2433F25D224BF1C
:103920003763443F1A3824BFF5E3443FA99D23BFC2
:103930003964453FD30223BF03E4453F996722BF63
:103940005463463FFBCB21BF2AE2463FF92F21BFFC
:103950008560473F939320BF65DE473FCBF61FBF8F
:10396000CA5B483F9F591FBFB3D8483F12BC1EBF18
:103970002155493F221E1EBF12D1493FD17F1DBF95
:10398000874C4A3F1FE11CBF7FC74A3F0C421CBF08
:10399000FA414B3F99A21BBFF8BB4B3FC6021BBF6E
:1039A00078354C3F93621ABF79AE4C3F00C219BFC5
:1039B000FD264D3F0F2119BF029F4D3FC07F18BF0D
:1039C00089164E3F12DE17BF908D4E3F073C17BF42
:1039D00017044F3F9F9916BF1F7A4F3FD9F615BF67
:1039E000A8EF4F3FB75315BFAF64503F39B014BF76
:1039F00037D9503F5F0C14BF3D4D513F2A6813BF6C
:103A0000C2C0513F9AC312BFC633523FB01E12BF4D
:103A100049A6523F6B7911BF4918533FCDD310BF10
:103A2000C789533FD52D10BFC3FA533F84870FBFBB
:103A30003B6B543FDBE00EBF31DB543FDA390EBF46
:103A4000A44A553F81920DBF93B9553FD0EA0CBFB0
:103A5000FE27563FC9420CBFE595563F6B9A0BBFF8
:103A60004803573FB7F10ABF2670573FAD480ABF1A
:103A70007FDC573F4E9F09BF5348583F9BF508BF17
:103A8000A1B3583F924B08BF6A1E593F36A107BFEA
:103A9000AD88593F86F606BF6AF2593F824B06BF92
:103AA000A05B5A3F2CA005BF50C45A3F84F404BF0A
:103AB000792C5B3F894804BF1A945B3F3D9C03BF50
:103AC00034FB5B3F9FEF02BFC7615C3FB14202BF67
:103AD000D1C75C3F739501BF532D5D3FE4E700BF45
:103AE0004D925D3F063A00BFBEF65D3FB217FFBE86
:103AF000A65A5E3FBBBAFDBE05BE5E3F275DFCBE5B
:103B0000DB205F3FF7FEFABE27835F3F2DA0F9BEA3
:103B1000E9E45F3FC840F8BE2146603FCBE0F6BE17
:103B2000CFA6603F3580F5BEF206613F071FF4BEA9
:103B30008A66613F43BDF2BE98C5613FEA5AF1BE55
:103B40001A24623FFBF7EFBE1082623F7994EEBE0B
:103B50007BDF623F6330EDBE5A3C633FBBCBEBBEC5
:103B6000AC98633F8166EABE73F4633FB700E9BE79
:103B7000AC4F643F5D9AE7BE59AA643F7533E6BE19
:103B80007904653FFECBE4BE0B5E653FFA63E3BE9E
:103B900010B7653F6AFBE1BE880F663F4F92E0BEFB
:103BA0007167663FA928DFBECCBE663F79BEDDBE29
:103BB0009915673FC153DCBED86B673F80E8DABE1A
:103BC00087C1673FB97CD9BEA816683F6B10D8BEC5
:103BD000396B683F99A3D6BE3CBF683F4136D5BE1E
:103BE000AE12693F67C8D3BE9165693F095AD2BE1C
:103BF000E4B7693F2AEBD0BEA7096A3FCA7BCFBEB4
:103C0000D95A6A3FEA0BCEBE7BAB6A3F8B9BCCBED8
:103C10008CFB6A3FAE2ACBBE0C4B6B3F53B9C9BE7F
:103C2000FB996B3F7C47C8BE58E86B3F29D5C6BEA1
:103C300024366C3F5C62C5BE5E836C3F15EFC3BE2D
:103C400007D06C3F557BC2BE1D1C6D3F1E07C1BE19
:103C5000A1676D3F6F92BFBE93B26D3F4A1DBEBE5E
:103C6000F2FC6D3FAFA7BCBEBE466E3FA031BBBEEF
:103C7000F88F6E3F1EBBB9BE9ED86E3F2A44B8BEB9
:103C8000B0206F3FC3CCB6BE30686F3FEC54B5BEBA
:103C90001BAF6F3FA5DCB3BE73F56F3FEF63B2BEE2
:103CA000373B703FCBEAB0BE6680703F3A71AFBE23
:103CB00002C5703F3CF7ADBE0809713FD47CACBE75
:103CC0007A4C713F0102ABBE578F713FC486A9BECB
:103CD0009FD1713F1F0BA8BE5213723F128FA6BE19
:103CE0007054723F9F12A5BEF894723FC595A3BE53
:103CF000EBD4723F8718A2BE4714733FE59AA0BE6B
:103D00000E53733FDF1C9FBE3F91733F789E9DBE55
:103D1000D9CE733FAF1F9CBEDD0B743F86A09ABE09
:103D20004B48743FFE2099BE2284743F17A197BE72
:103D300062BF743FD22096BE0BFA743F31A094BE8E
:103D40001D34753F351F93BE976D753FDD9D91BE48
:103D50007BA6753F2C1C90BEC6DE753F229A8EBE98
:103D60007A16763FC0178DBE974D763F07958BBE6E
:103D70001B84763FF8118ABE07BA763F938E88BEC1
:103D80005BEF763FDA0A87BE1724773FCE8685BE83
:103D90003A58773F700284BEC58B773FC07D82BEA4
:103DA000B7BE773FC0F880BE10F1773FE1E67EBE38
:103DB000D122783FA4DB7BBEF853783FCCCF78BECE
:103DC0008684783F5AC375BE7BB4783F51B672BEC5
:103DD000D6E3783FB2A86FBE9812793F7F9A6CBE47
:103DE000C040793FBA8B69BE4E6E793F667C66BE35
:103DF000439B793F836C63BE9DC7793F135C60BE74
:103E00005EF3793F1A4B5DBE841E7A3F97395ABEE6
:103E100010497A3F8F2757BE02737A3F011554BE6F
:103E2000599C7A3FF10151BE16C57A3F60EE4DBEF6
:103E300037ED7A3F4FDA4ABEBE147B3FC2C547BE5C
:103E4000AB3B7B3FB9B044BEFC617B3F379B41BE7F
:103E5000B2877B3F3E853EBECDAC7B3FCF6E3BBE47
:103E60004DD17B3FEC5738BE31F57B3F984035BE96
:103E70007A187C3FD42832BE283B7C3FA2102FBE4C
:103E80003A5D7C3F04F82BBEB07E7C3FFCDE28BE52
:103E90008A9F7C3F8CC525BEC9BF7C3FB6AB22BE86
:103EA0006CDF7C3F7B911FBE73FE7C3FDE761CBEC9
:103EB000DD1C7D3FE05B19BEAC3A7D3F834016BE02
:103EC000DE577D3FCA2413BE74747D3FB70810BE11
:103ED0006E907D3F4AEC0CBECCAB7D3F86CF09BED9
:103EE0008CC67D3F6EB206BEB1E07D3F029503BE3B
:103EF00038FA7D3F457700BE24137E3F73B2FABD8A
:103F0000722B7E3FC075F4BD23437E3F7638EEBDF5
:103F1000385A7E3F9AFAE7BDB0707E3F2EBCE1BDB5
:103F20008B867E3F377DDBBDC99B7E3FB93DD5BDCE
:103F300069B07E3FB7FDCEBD6DC47E3F36BDC8BD06
:103F4000D4D77E3F397CC2BD9DEA7E3FC33ABCBD1B
:103F5000C9FC7E3FDAF8B5BD580E7F3F80B6AFBDD5
:103F6000491F7F3FBA73A9BD9D2F7F3F8C30A3BDF2
:103F7000543F7F3FF9EC9CBD6D4E7F3F05A996BD38
:103F8000E95C7F3FB46490BDC76A7F3F0A208ABD69
:103F900008787F3F0ADB83BDAB847F3F742B7BBDFA
:103FA000B1907F3F38A06EBD189C7F3F681462BD02
:103FB000E3A67F3F0E8855BD0FB17F3F2FFB48BD65
:103FC0009EBA7F3FD56D3CBD8FC37F3F07E02FBDBD
:103FD000E2CB7F3FCC5123BD98D37F3F2CC316BD8E
:103FE000AFDA7F3F2F340ABD29E17F3FB949FBBCDF
:103FF00005E77F3F7B2AE2BC43EC7F3FB00AC9BCA8
:10400000E3F07F3F69EAAFBCE6F47F3FB6C996BCF8
:104010004AF87F3F4B517BBC11FB7F3F900E49BC60
:1040200039FD7F3F59CB16BCC4FE7F3F890FC9BB0A
:10403000B1FF7F3FC70F49BB0000803F0000000079
:10404000ECFF7F3FD40FC93AB1FF7F3FC70F493B19
:104050004EFF7F3FC1CB963BC4FE7F3F890FC93BDC
:1040600013FE7F3F3053FB3B39FD7F3F59CB163C5E
:1040700039FC7F3F02ED2F3C11FB7F3F900E493C06
:10408000C1F97F3F0030623C4AF87F3F4B517B3C97
:10409000ACF67F3F38398A3CE6F47F3FB6C9963CA0
:1040A000F8F27F3F1C5AA33CE3F07F3F69EAAF3C44
:1040B000A7EE7F3F9B7ABC3C43EC7F3FB00AC93CF4
:1040C000B8E97F3FA69AD53C05E77F3F7B2AE23CD3
:1040D0002BE47F3F2DBAEE3C29E17F3FB949FB3C01
:1040E00000DE7F3F90EC033DAFDA7F3F2F340A3D87
:1040F00037D77F3FB87B103D98D37F3F2CC3163D09
:10410000D1CF7F3F880A1D3DE2CB7F3FCC51233D7D
:10411000CCC77F3FF698293D8FC37F3F07E02F3DF7
:104120002ABF7F3FFC26363D9EBA7F3FD56D3C3D82
:10413000EAB57F3F91B4423D0FB17F3F2FFB483D31
:104140000DAC7F3FAF414F3DE3A67F3F0E88553D0D
:1041500091A17F3F4CCE5B3D189C7F3F6814623D30
:1041600078967F3F625A683DB1907F3F38A06E3DA0
:10417000C28A7F3FE9E5743DAB847F3F742B7B3D72
:104180006D7E7F3F6CB8803D08787F3F0ADB833DC2
:104190007B717F3F94FD863DC76A7F3F0A208A3D41
:1041A000EC637F3F6A428D3DE95C7F3FB464903DA4
:1041B000BF557F3FE786933D6D4E7F3F05A9963DF6
:1041C000F4467F3F0ACB993D543F7F3FF9EC9C3D3D
:1041D0008D377F3FCF0EA03D9D2F7F3F8C30A33D7D
:1041E00087277F3F3052A63D491F7F3FBA73A93DC5
:1041F000E4167F3F2B95AC3D580E7F3F80B6AF3D18
:10420000A4057F3FBBD7B23DC9FC7E3FDAF8B53D80
:10421000C7F37E3FDD19B93D9DEA7E3FC33ABC3D01
:104220004CE17E3F8D5BBF3DD4D77E3F397CC23DA4
:1042300034CE7E3FC69CC53D6DC47E3F36BDC83D75
:104240007FBA7E3F86DDCB3D69B07E3FB7FDCE3D78
:104250002DA67E3FC81DD23DC99B7E3FB93DD53DB1
:104260003D917E3F895DD83D8B867E3F377DDB3D2E
:10427000B17B7E3FC49CDE3DB0707E3F2EBCE13DF5
:1042800088657E3F76DBE43D385A7E3F9AFAE73D0B
:10429000C14E7E3F9A19EB3D23437E3F7638EE3D7B
:1042A0005E377E3F2E57F13D722B7E3FC075F43D49
:1042B0005E1F7E3F2C94F73D24137E3F73B2FA3D80
:1042C000C2067E3F92D0FD3D38FA7D3F4577003EE5
:1042D00088ED7D3F2E06023EB1E07D3F0295033E14
:1042E000B2D37D3FC223053E8CC67D3F6EB2063EF3
:1042F00040B97D3F0541083ECCAB7D3F86CF093EAE
:10430000309E7D3FF35D0B3E6E907D3F4AEC0C3E50
:1043100085827D3F8B7A0E3E74747D3FB708103ED8
:104320003D667D3FCC96113EDE577D3FCA24133E4D
:1043300059497D3FB2B2143EAC3A7D3F8340163EB0
:10434000D82B7D3F3DCE173EDD1C7D3FE05B193E07
:10435000BC0D7D3F6BE91A3E73FE7C3FDE761C3E52
:1043600003EF7C3F38041E3E6CDF7C3F7B911F3E99
:10437000AECF7C3FA51E213EC9BF7C3FB6AB223EDF
:10438000BDAF7C3FAD38243E8A9F7C3F8CC5253E27
:10439000318F7C3F5152273EB07E7C3FFCDE283E71
:1043A000086E7C3F8D6B2A3E3A5D7C3F04F82B3EC5
:1043B000444C7C3F61842D3E283B7C3FA2102F3E25
:1043C000E5297C3FC99C303E7A187C3FD428323E98
:1043D000E9067C3FC4B4333E31F57B3F9840353E1F
:1043E00053E37B3F50CC363E4DD17B3FEC57383EBC
:1043F00020BF7B3F6CE3393ECDAC7B3FCF6E3B3E75
:10440000539A7B3F15FA3C3EB2877B3F3E853E3E4A
:10441000EA747B3F4910403EFC617B3F379B413E45
:10442000E74E7B3F0726433EAB3B7B3FB9B0443E64
:1044300048287B3F4D3B463EBE147B3FC2C5473EAE
:104440000E017B3F1850493E37ED7A3F4FDA4A3E26
:104450003AD97A3F67644C3E16C57A3F60EE4D3ECE
:10446000CBB07A3F38784F3E599C7A3FF101513EAC
:10447000C1877A3F898B523E02737A3F0115543EC1
:104480001C5E7A3F589E553E10497A3F8F27573E13
:10449000DD337A3FA4B0583E841E7A3F97395A3EA6
:1044A00004097A3F6AC25B3E5EF3793F1A4B5D3E78
:1044B00091DD793FA8D35E3E9DC7793F135C603E96
:1044C00083B1793F5CE4613E439B793F836C633EFB
:1044D000DC84793F86F4643E4E6E793F667C663EAE
:1044E0009A57793F2204683EC040793FBA8B693EB3
:1044F000BF29793F2F136B3E9812793F7F9A6C3E0C
:104500004AFB783FAB216E3ED6E3783FB2A86F3EC0
:104510003BCC783F942F713E7BB4783F51B6723ECE
:10452000939C783FE83C743E8684783F5AC3753E3E
:10453000526C783FA649773EF853783FCCCF783E0F
:10454000773B783FCB557A3ED122783FA4DB7B3E48
:10455000040A783F56617D3E10F1773FE1E67E3EEA
:10456000F7D7773F2236803EB7BE773FC0F8803E10
:1045700051A5773F4ABB813EC58B773FC07D823EC8
:104580001372773F2240833E3A58773F7002843E51
:104590003C3E773FAAC4843E1724773FCE86853EB3
:1045A000CC09773FDF48863E5BEF763FDA0A873EED
:1045B000C4D4763FC1CC873E07BA763F938E883EFF
:1045C000249F763F5050893E1B84763FF8118A3EE7
:1045D000EC68763F8AD38A3E974D763F07958B3EAF
:1045E0001B32763F6E568C3E7A16763FC0178D3E54
:1045F000B3FA753FFCD88D3EC6DE753F229A8E3EDB
:10460000B3C2753F325B8F3E7BA6753F2C1C903E3C
:104610001C8A753F10DD903E976D753FDD9D913E84
:10462000ED50753F945E923E1D34753F351F933EAD
:104630002717753FBFDF933E0BFA743F31A0943EBE
:10464000C9DC743F8D60953E62BF743FD220963EB8
:10465000D5A1743F00E1963E2284743F17A1973E96
:104660004966743F1661983E4B48743FFE20993E60
:10467000272A743FCEE0993EDD0B743F86A09A3E18
:104680006EED733F27609B3ED9CE733FAF1F9C3EBC
:104690001FB0733F20DF9C3E3F91733F789E9D3E4D
:1046A0003972733FB85D9E3E0E53733FDF1C9F3ED1
:1046B000BE33733FEEDB9F3E4714733FE59AA03E47
:1046C000ACF4723FC259A13EEBD4723F8718A23EB0
:1046D00004B5723F33D7A23EF894723FC595A33E0E
:1046E000C774723F3F54A43E7054723F9F12A53E60
:1046F000F433723FE5D0A53E5213723F128FA63EAF
:104700008CF2713F254DA73E9FD1713F1F0BA83EF4
:104710008EB0713FFEC8A83E578F713FC486A93E38
:10472000FB6D713F6F44AA3E7A4C713F0102AB3E74
:10473000D42A713F77BFAB3E0809713FD47CAC3EB1
:1047400017E7703F153AAD3E02C5703F3CF7AD3EEE
:10475000C6A2703F49B4AE3E6680703F3A71AF3E2C
:10476000E15D703F102EB03E373B703FCBEAB03E6C
:104770006718703F6BA7B13E73F56F3FEF63B23EB2
:104780005AD26F3F5820B33E1BAF6F3FA5DCB33EFC
:10479000B88B6F3FD698B43E30686F3FEC54B53E4F
:1047A00083446F3FE610B63EB0206F3FC3CCB63EA9
:1047B000BAFC6E3F8488B73E9ED86E3F2A44B83E0E
:1047C0005DB46E3FB2FFB83EF88F6E3F1EBBB93E80
:1047D0006D6B6E3F6E76BA3EBE466E3FA031BB3EFD
:1047E000EB216E3FB6ECBB3EF2FC6D3FAFA7BC3E8B
:1047F000D5D76D3F8B62BD3E93B26D3F4A1DBE3E25
:104800002D8D6D3FEBD7BE3EA1676D3F6F92BF3ED2
:10481000F2416D3FD54CC03E1D1C6D3F1E07C13E91
:1048200024F66C3F48C1C13E07D06C3F557BC23E69
:10483000C5A96C3F4435C33E5E836C3F15EFC33E54
:10484000D45C6C3FC8A8C43E24366C3F5C62C53E55
:10485000500F6C3FD21BC63E58E86B3F29D5C63E71
:104860003BC16B3F628EC73EFB996B3F7C47C83EA6
:1048700095726B3F7700C93E0C4B6B3F53B9C93EF5
:104880005E236B3F1072CA3E8CFB6A3FAE2ACB3E62
:1048900095D36A3F2CE3CB3E7BAB6A3F8B9BCC3EF0
:1048A0003C836A3FCA53CD3ED95A6A3FEA0BCE3E9B
:1048B00052326A3FEAC3CE3EA7096A3FCA7BCF3E67
:1048C000D7E0693F8A33D03EE4B7693F2AEBD03E58
:1048D000CC8E693FAAA2D13E9165693F095AD23E6A
:1048E000323C693F4811D33EAE12693F67C8D33EA0
:1048F00007E9683F647FD43E3CBF683F4136D53E00
:104900004C95683FFDECD53E396B683F99A3D63E88
:104910000341683F135AD73EA816683F6B10D83E34
:104920002AEC673FA3C6D83E87C1673FB97CD93E12
:10493000C196673FAD32DA3ED86B673F80E8DA3E1A
:10494000CA40673F319EDB3E9915673FC153DC3E4D
:1049500045EA663F2E09DD3ECCBE663F79BEDD3EB0
:104960003093663FA273DE3E7167663FA928DF3E43
:104970008E3B663F8DDDDF3E880F663F4F92E03E07
:104980005EE3653FEE46E13E10B7653F6AFBE13E00
:10499000A08A653FC4AFE23E0B5E653FFA63E33E2B
:1049A0005431653F0E18E43E7904653FFECBE43E8A
:1049B0007BD7643FCB7FE53E59AA643F7533E63E23
:1049C000147D643FFBE6E63EAC4F643F5D9AE73EF4
:1049D0002122643F9C4DE83E73F4633FB700E93EFB
:1049E000A1C6633FAEB3E93EAC98633F8166EA3E41
:1049F000956A633F3019EB3E5A3C633FBBCBEB3EBD
:104A0000FC0D633F217EEC3E7BDF623F6330ED3E79
:104A1000D7B0623F80E2ED3E1082623F7994EE3E75
:104A20002653623F4C46EF3E1A24623FFBF7EF3EAF
:104A3000EAF4613F85A9F03E98C5613FEA5AF13E2C
:104A40002296613F290CF23E8A66613F43BDF23EE9
:104A5000D036613F386EF33EF206613F071FF43EE9
:104A6000F2D6603FB1CFF43ECFA6603F3580F53E31
:104A70008976603F9330F63E2146603FCBE0F63EBC
:104A80009615603FDC90F73EE9E45F3FC840F83E92
:104A900019B45F3F8EF0F83E27835F3F2DA0F93EAB
:104AA00012525F3FA54FFA3EDB205F3FF7FEFA3E12
:104AB00081EF5E3F22AEFB3E05BE5E3F275DFC3EC2
:104AC000678C5E3F040CFD3EA65A5E3FBBBAFD3EBE
:104AD000C3285E3F4A69FE3EBEF65D3FB217FF3E09
:104AE00097C45D3FF3C5FF3E4D925D3F063A003FE0
:104AF000E15F5D3FFF90003F532D5D3FE4E7003FE6
:104B0000A3FA5C3FB53E013FD1C75C3F7395013FBF
:104B1000DD945C3F1CEC013FC7615C3FB142023F4A
:104B20008E2E5C3F3299023F34FB5B3F9FEF023F8A
:104B3000B8C75B3FF845033F1A945B3F3D9C033F7A
:104B40005A605B3F6DF2033F792C5B3F8948043F1D
:104B500075F85A3F919E043F50C45A3F84F4043F75
:104B600009905A3F624A053FA05B5A3F2CA0053F7F
:104B700016275A3FE2F5053F6AF2593F824B063F3E
:104B80009CBD593F0EA1063FAD88593F86F6063FB2
:104B90009C53593FE84B073F6A1E593F36A1073FD8
:104BA00017E9583F6FF6073FA1B3583F924B083FB4
:104BB0000B7E583FA1A0083F5348583F9BF5083F44
:104BC0007912583F7F4A093F7FDC573F4E9F093F8C
:104BD00063A6573F09F4093F2670573FAD480A3F87
:104BE000C739573F3D9D0A3F4803573FB7F10A3F3A
:104BF000A7CC563F1C460B3FE595563F6B9A0B3FA3
:104C0000025F563FA5EE0B3FFE27563FC9420C3FC1
:104C1000D9F0553FD7960C3F93B9553FD0EA0C3F9A
:104C20002C82553FB33E0D3FA44A553F81920D3F24
:104C3000FB12553F38E60D3F31DB543FDA390E3F6A
:104C400047A3543F658D0E3F3B6B543FDBE00E3F67
:104C50000F33543F3B340F3FC3FA533F84870F3F1A
:104C600055C2533FB8DA0F3FC789533FD52D103F88
:104C70001851533FDC80103F4918533FCDD3103FAC
:104C800059DF523FA726113F49A6523F6B79113F8A
:104C9000186D523F19CC113FC633523FB01E123F20
:104CA00054FA513F3071123FC2C0513F9AC3123F74
:104CB0001087513FEE15133F3D4D513F2A68133F7A
:104CC0004A13513F50BA133F37D9503F5F0C143F3E
:104CD000039F503F585E143FAF64503F39B0143FBC
:104CE0003B2A503F0402153FA8EF4F3FB753153FF3
:104CF000F4B44F3F54A5153F1F7A4F3FD9F6153FE7
:104D00002B3F4F3F4748163F17044F3F9F99163F91
:104D1000E4C84E3FDFEA163F908D4E3F073C173FF9
:104D20001C524E3F188D173F89164E3F12DE173F1B
:104D3000D5DA4D3FF52E183F029F4D3FC07F183FFB
:104D400010634D3F73D0183FFD264D3F0F21193F93
:104D5000CBEA4C3F9471193F79AE4C3F00C2193FEA
:104D600008724C3F55121A3F78354C3F93621A3FF8
:104D7000C7F84B3FB8B21A3FF8BB4B3FC6021B3FC8
:104D8000097F4B3FBB521B3FFA414B3F99A21B3F50
:104D9000CC044B3F5FF21B3F7FC74A3F0C421C3F96
:104DA000138A4A3FA2911C3F874C4A3F1FE11C3F98
:104DB000DC0E4A3F84301D3F12D1493FD17F1D3F59
:104DC0002993493F06CF1D3F2155493F221E1E3FD3
:104DD000FA16493F266D1E3FB3D8483F12BC1E3F0E
:104DE0004E9A483FE50A1F3FCA5B483F9F591F3F05
:104DF000271D483F41A81F3F65DE473FCBF61F3FB9
:104E0000849F473F3B45203F8560473F9393203F2A
:104E10006721473FD2E1203F2AE2463FF92F213F59
:104E2000CEA2463F067E213F5463463FFBCB213F47
:104E3000BB23463FD719223F03E4453F9967223FF2
:104E40002DA4453F43B5223F3964453FD302233F5C
:104E50002624453F4B50233FF5E3443FA99D233F84
:104E6000A5A3443FEEEA233F3763443F1A38243F6B
:104E7000AB22443F2C85243F00E2433F25D2243F10
:104E800038A1433F041F253F5160433FCB6B253F73
:104E90004C1F433F77B8253F29DE423F0A05263F96
:104EA000E89C423F8451263F895B423FE39D263F79
:104EB0000B1A423F2AEA263F70D8413F5636273F19
:104EC000B796413F6882273FE154413F61CE273F7B
:104ED000EC12413F401A283FDAD0403F0566283F98
:104EE000A98E403FB0B1283F5C4C403F41FD283F78
:104EF000F009403FB848293F67C73F3F1594293F15
:104F0000C0843F3F57DF293FFC413F3F802A2A3F73
:104F10001BFF3E3F8E752A3F1BBC3E3F82C02A3F8F
:104F2000FF783E3F5B0B2B3FC5353E3F1B562B3F6B
:104F30006EF23D3FBFA02B3FF9AE3D3F4AEB2B3F0A
:104F4000676B3D3FB9352C3FB8273D3F0F802C3F65
:104F5000ECE33C3F49CA2C3F03A03C3F69142D3F82
:104F6000FC5B3C3F6F5E2D3FD9173C3F59A82D3F5E
:104F700098D33B3F29F22D3F3B8F3B3FDE3B2E3FFB
:104F8000C14A3B3F78852E3F29063B3FF7CE2E3F57
:104F900075C13A3F5B182F3FA47C3A3FA5612F3F74
:104FA000B7373A3FD3AA2F3FACF2393FE6F32F3F52
:104FB00085AD393FDE3C303F4268393FBB85303FED
:104FC000E122393F7CCE303F65DD383F2217313F4B
:104FD000CB97383FAD5F313F1652383F1DA8313F68
:104FE000430C383F71F0313F55C6373FAA38323F46
:104FF0004A80373FC780323F233A373FC9C8323FE4
:10500000DFF3363FAF10333F7FAD363F7A58333F43
:105010000467363F29A0333F6C20363FBCE7333F5F
:10502000B8D9353F342F343FE792353F8F76343F40
:10503000FB4B353FCFBD343FF304353FF304353FE1
:10504000CFBD343FFB4B353F8F76343FE792353F42
:10505000342F343FB8D9353FBCE7333F6C20363F5F
:1050600029A0333F0467363F7A58333F7FAD363F40
:10507000AF10333FDFF3363FC9C8323F233A373FE3
:10508000C780323F4A80373FAA38323F55C6373F44
:1050900071F0313F430C383F1DA8313F1652383F65
:1050A000AD5F313FCB97383F2217313F65DD383F49
:1050B0007CCE303FE122393FBB85303F4268393FEB
:1050C000DE3C303F85AD393FE6F32F3FACF2393F50
:1050D000D3AA2F3FB7373A3FA5612F3FA47C3A3F71
:1050E0005B182F3F75C13A3FF7CE2E3F29063B3F55
:1050F00078852E3FC14A3B3FDE3B2E3F3B8F3B3FF7
:1051000029F22D3F98D33B3F59A82D3FD9173C3F5B
:105110006F5E2D3FFC5B3C3F69142D3F03A03C3F7D
:1051200049CA2C3FECE33C3F0F802C3FB8273D3F62
:10513000B9352C3F676B3D3F4AEB2B3FF9AE3D3F06
:10514000BFA02B3F6EF23D3F1B562B3FC5353E3F68
:105150005B0B2B3FFF783E3F82C02A3F1BBC3E3F8C
:105160008E752A3F1BFF3E3F802A2A3FFC413F3F6E
:1051700057DF293FC0843F3F1594293F67C73F3F12
:10518000B848293FF009403F41FD283F5C4C403F73
:10519000B0B1283FA98E403F0566283FDAD0403F96
:1051A000401A283FEC12413F61CE273FE154413F76
:1051B0006882273FB796413F5636273F70D8413F18
:1051C0002AEA263F0B1A423FE39D263F895B423F76
:1051D0008451263FE89C423F0A05263F29DE423F94
:1051E00077B8253F4C1F433FCB6B253F5160433F72
:1051F000041F253F38A1433F25D2243F00E2433F0F
:105200002C85243FAB22443F1A38243F3763443F68
:10521000EEEA233FA5A3443FA99D233FF5E3443F86
:105220004B50233F2624453FD302233F3964453F5B
:1052300043B5223F2DA4453F9967223F03E4453FF4
:10524000D719223FBB23463FFBCB213F5463463F48
:10525000067E213FCEA2463FF92F213F2AE2463F5C
:10526000D2E1203F6721473F9393203F8560473F2E
:105270003B45203F849F473FCBF61F3F65DE473FBE
:1052800041A81F3F271D483F9F591F3FCA5B483F0A
:10529000E50A1F3F4E9A483F12BC1E3FB3D8483F15
:1052A000266D1E3FFA16493F221E1E3F2155493FDB
:1052B00006CF1D3F2993493FD17F1D3F12D1493F62
:1052C00084301D3FDC0E4A3F1FE11C3F874C4A3FA4
:1052D000A2911C3F138A4A3F0C421C3F7FC74A3FA2
:1052E0005FF21B3FCC044B3F99A21B3FFA414B3F5F
:1052F000BB521B3F097F4B3FC6021B3FF8BB4B3FD6
:10530000B8B21A3FC7F84B3F93621A3F78354C3F0B
:1053100055121A3F08724C3F00C2193F79AE4C3FFC
:105320009471193FCBEA4C3F0F21193FFD264D3FA9
:1053300073D0183F10634D3FC07F183F029F4D3F11
:10534000F52E183FD5DA4D3F12DE173F89164E3F36
:10535000188D173F1C524E3F073C173F908D4E3F14
:10536000DFEA163FE4C84E3F9F99163F17044F3FB0
:105370004748163F2B3F4F3FD9F6153F1F7A4F3F07
:1053800054A5153FF4B44F3FB753153FA8EF4F3F17
:105390000402153F3B2A503F39B0143FAF64503FE1
:1053A000585E143F039F503F5F0C143F37D9503F66
:1053B00050BA133F4A13513F2A68133F3D4D513FA6
:1053C000EE15133F1087513F9AC3123FC2C0513FA1
:1053D0003071123F54FA513FB01E123FC633523F54
:1053E00019CC113F186D523F6B79113F49A6523FBE
:1053F000A726113F59DF523FCDD3103F4918533FE5
:10540000DC80103F1851533FD52D103FC789533FC3
:10541000B8DA0F3F55C2533F84870F3FC3FA533F5B
:105420003B340F3F0F33543FDBE00E3F3B6B543FA9
:10543000658D0E3F47A3543FDA390E3F31DB543FB1
:1054400038E60D3FFB12553F81920D3FA44A553F70
:10545000B33E0D3F2C82553FD0EA0C3F93B9553FE8
:10546000D7960C3FD9F0553FC9420C3FFE27563F17
:10547000A5EE0B3F025F563F6B9A0B3FE595563FFB
:105480001C460B3FA7CC563FB7F10A3F4803573F96
:105490003D9D0A3FC739573FAD480A3F2670573FE9
:1054A00009F4093F63A6573F4E9F093F7FDC573FF2
:1054B0007F4A093F7912583F9BF5083F5348583FB0
:1054C000A1A0083F0B7E583F924B083FA1B3583F25
:1054D0006FF6073F17E9583F36A1073F6A1E593F4D
:1054E000E84B073F9C53593F86F6063FAD88593F2E
:1054F0000EA1063F9CBD593F824B063F6AF2593FC1
:10550000E2F5053F16275A3F2CA0053FA05B5A3F06
:10551000624A053F09905A3F84F4043F50C45A3F01
:10552000919E043F75F85A3F8948043F792C5B3FB0
:105530006DF2033F5A605B3F3D9C033F1A945B3F13
:10554000F845033FB8C75B3F9FEF023F34FB5B3F2B
:105550003299023F8E2E5C3FB142023FC7615C3FF1
:105560001CEC013FDD945C3F7395013FD1C75C3F6C
:10557000B53E013FA3FA5C3FE4E7003F532D5D3F9A
:10558000FF90003FE15F5D3F063A003F4D925D3F77
:10559000F3C5FF3E97C45D3FB217FF3EBEF65D3FC9
:1055A0004A69FE3EC3285E3FBBBAFD3EA65A5E3F37
:1055B000040CFD3E678C5E3F275DFC3E05BE5E3FF2
:1055C00022AEFB3E81EF5E3FF7FEFA3EDB205F3FFF
:1055D000A54FFA3E12525F3F2DA0F93E27835F3F51
:1055E0008EF0F83E19B45F3FC840F83EE9E45F3FF3
:1055F000DC90F73E9615603FCBE0F63E2146603FDB
:105600009330F63E8976603F3580F53ECFA6603F09
:10561000B1CFF43EF2D6603F071FF43EF206613F81
:10562000386EF33ED036613F43BDF23E8A66613F3D
:10563000290CF23E2296613FEA5AF13E98C5613F3D
:1056400085A9F03EEAF4613FFBF7EF3E1A24623F82
:105650004C46EF3E2653623F7994EE3E1082623F05
:1056600080E2ED3ED7B0623F6330ED3E7BDF623FCC
:10567000217EEC3EFC0D633FBBCBEB3E5A3C633FCF
:105680003019EB3E956A633F8166EA3EAC98633F12
:10569000AEB3E93EA1C6633FB700E93E73F4633F92
:1056A0009C4DE83E2122643F5D9AE73EAC4F643F4B
:1056B000FBE6E63E147D643F7533E63E59AA643F3F
:1056C000CB7FE53E7BD7643FFECBE43E7904653F6C
:1056D0000E18E43E5431653FFA63E33E0B5E653FCE
:1056E000C4AFE23EA08A653F6AFBE13E10B7653F6A
:1056F000EE46E13E5EE3653F4F92E03E880F663F37
:105700008DDDDF3E8E3B663FA928DF3E7167663F39
:10571000A273DE3E3093663F79BEDD3ECCBE663F6F
:105720002E09DD3E45EA663FC153DC3E9915673FD1
:10573000319EDB3ECA40673F80E8DA3ED86B673F68
:10574000AD32DA3EC196673FB97CD93E87C1673F2B
:10575000A3C6D83E2AEC673F6B10D83EA816683F18
:10576000135AD73E0341683F99A3D63E396B683F31
:10577000FDECD53E4C95683F4136D53E3CBF683F79
:10578000647FD43E07E9683F67C8D33EAE12693FE5
:105790004811D33E323C693F095AD23E9165693F78
:1057A000AAA2D13ECC8E693F2AEBD03EE4B7693F36
:1057B0008A33D03ED7E0693FCA7BCF3EA7096A3F14
:1057C000EAC3CE3E52326A3FEA0BCE3ED95A6A3F16
:1057D000CA53CD3E3C836A3F8B9BCC3E7BAB6A3F3A
:1057E0002CE3CB3E95D36A3FAE2ACB3E8CFB6A3F7F
:1057F0001072CA3E5E236B3F53B9C93E0C4B6B3FE0
:105800007700C93E95726B3F7C47C83EFB996B3F62
:10581000628EC73E3BC16B3F29D5C63E58E86B3F01
:10582000D21BC63E500F6C3F5C62C53E24366C3FB7
:10583000C8A8C43ED45C6C3F15EFC33E5E836C3F8A
:105840004435C33EC5A96C3F557BC23E07D06C3F73
:1058500048C1C13E24F66C3F1E07C13E1D1C6D3F72
:10586000D54CC03EF2416D3F6F92BF3EA1676D3F88
:10587000EBD7BE3E2D8D6D3F4A1DBE3E93B26D3FB0
:105880008B62BD3ED5D76D3FAFA7BC3EF2FC6D3FEE
:10589000B6ECBB3EEB216E3FA031BB3EBE466E3F39
:1058A0006E76BA3E6D6B6E3F1EBBB93EF88F6E3F93
:1058B000B2FFB83E5DB46E3F2A44B83E9ED86E3FFC
:1058C0008488B73EBAFC6E3FC3CCB63EB0206F3F73
:1058D000E610B63E83446F3FEC54B53E30686F3FF0
:1058E000D698B43EB88B6F3FA5DCB33E1BAF6F3F7D
:1058F0005820B33E5AD26F3FEF63B23E73F56F3F0D
:105900006BA7B13E6718703FCBEAB03E373B703FA4
:10591000102EB03EE15D703F3A71AF3E6680703F41
:1059200049B4AE3EC6A2703F3CF7AD3E02C5703FE3
:10593000153AAD3E17E7703FD47CAC3E0809713F85
:1059400077BFAB3ED42A713F0102AB3E7A4C713F28
:105950006F44AA3EFB6D713FC486A93E578F713FCD
:10596000FEC8A83E8EB0713F1F0BA83E9FD1713F6D
:10597000254DA73E8CF2713F128FA63E5213723F07
:10598000E5D0A53EF433723F9F12A53E7054723F9E
:105990003F54A43EC774723FC595A33EF894723F2E
:1059A00033D7A23E04B5723F8718A23EEBD4723FB4
:1059B000C259A13EACF4723FE59AA03E4714733F32
:1059C000EEDB9F3EBE33733FDF1C9F3E0E53733FA3
:1059D000B85D9E3E3972733F789E9D3E3F91733F06
:1059E00020DF9C3E1FB0733FAF1F9C3ED9CE733F5C
:1059F00027609B3E6EED733F86A09A3EDD0B743FA1
:105A0000CEE0993E272A743FFE20993E4B48743FD2
:105A10001661983E4966743F17A1973E2284743FF1
:105A200000E1963ED5A1743FD220963E62BF743FFE
:105A30008D60953EC9DC743F31A0943E0BFA743FF3
:105A4000BFDF933E2717753F351F933E1D34753FCB
:105A5000945E923EED50753FDD9D913E976D753F92
:105A600010DD903E1C8A753F2C1C903E7BA6753F36
:105A7000325B8F3EB3C2753F229A8E3EC6DE753FC3
:105A8000FCD88D3EB3FA753FC0178D3E7A16763F2F
:105A90006E568C3E1B32763F07958B3E974D763F78
:105AA0008AD38A3EEC68763FF8118A3E1B84763FA3
:105AB0005050893E249F763F938E883E07BA763FAA
:105AC000C1CC873EC4D4763FDA0A873E5BEF763F8F
:105AD000DF48863ECC09773FCE86853E1724773F48
:105AE000AAC4843E3C3E773F7002843E3A58773FDA
:105AF0002240833E1372773FC07D823EC58B773F45
:105B00004ABB813E51A5773FC0F8803EB7BE773F84
:105B10002236803EF7D7773FE1E67E3E10F1773FB1
:105B200056617D3E040A783FA4DB7B3ED122783F5C
:105B3000CB557A3E773B783FCCCF783EF853783FD1
:105B4000A649773E526C783F5AC3753E8684783FAB
:105B5000E83C743E939C783F51B6723E7BB4783FEC
:105B6000942F713E3BCC783FB2A86F3ED6E3783F8E
:105B7000AB216E3E4AFB783F7F9A6C3E9812793F8C
:105B80002F136B3EBF29793FBA8B693EC040793FE6
:105B90002204683E9A57793F667C663E4E6E793F96
:105BA00086F4643EDC84793F836C633E439B793F9B
:105BB0005CE4613E83B1793F135C603E9DC7793FF1
:105BC000A8D35E3E91DD793F1A4B5D3E5EF3793F8F
:105BD0006AC25B3E04097A3F97395A3E841E7A3F77
:105BE000A4B0583EDD337A3F8F27573E10497A3FA5
:105BF000589E553E1C5E7A3F0115543E02737A3F13
:105C0000898B523EC1877A3FF101513E599C7A3FC0
:105C100038784F3ECBB07A3F60EE4D3E16C57A3FA6
:105C200067644C3E3AD97A3F4FDA4A3E37ED7A3FC5
:105C30001850493E0E017B3FC2C5473EBE147B3F14
:105C40004D3B463E48287B3FB9B0443EAB3B7B3F93
:105C50000726433EE74E7B3F379B413EFC617B3F3F
:105C60004910403EEA747B3F3E853E3EB2877B3F13
:105C700015FA3C3E539A7B3FCF6E3B3ECDAC7B3F0B
:105C80006CE3393E20BF7B3FEC57383E4DD17B3F24
:105C900050CC363E53E37B3F9840353E31F57B3F59
:105CA000C4B4333EE9067C3FD428323E7A187C3FA8
:105CB000C99C303EE5297C3FA2102F3E283B7C3F0B
:105CC00061842D3E444C7C3F04F82B3E3A5D7C3F82
:105CD0008D6B2A3E086E7C3FFCDE283EB07E7C3F0A
:105CE0005152273E318F7C3F8CC5253E8A9F7C3F99
:105CF000AD38243EBDAF7C3FB6AB223EC9BF7C3F32
:105D0000A51E213EAECF7C3F7B911F3E6CDF7C3FCA
:105D100038041E3E03EF7C3FDE761C3E73FE7C3F64
:105D20006BE91A3EBC0D7D3FE05B193EDD1C7D3FFB
:105D30003DCE173ED82B7D3F8340163EAC3A7D3F8B
:105D4000B2B2143E59497D3FCA24133EDE577D3F0F
:105D5000CC96113E3D667D3FB708103E74747D3F82
:105D60008B7A0E3E85827D3F4AEC0C3E6E907D3FE5
:105D7000F35D0B3E309E7D3F86CF093ECCAB7D3F31
:105D80000541083E40B97D3F6EB2063E8CC67D3F60
:105D9000C223053EB2D37D3F0295033EB1E07D3F75
:105DA0002E06023E88ED7D3F4577003E38FA7D3F66
:105DB00092D0FD3DC2067E3F73B2FA3D24137E3F72
:105DC0002C94F73D5E1F7E3FC075F43D722B7E3FE5
:105DD0002E57F13D5E377E3F7638EE3D23437E3FC2
:105DE0009A19EB3DC14E7E3F9AFAE73D385A7E3F05
:105DF00076DBE43D88657E3F2EBCE13DB0707E3FA2
:105E0000C49CDE3DB17B7E3F377DDB3D8B867E3F94
:105E1000895DD83D3D917E3FB93DD53DC99B7E3FD3
:105E2000C81DD23D2DA67E3FB7FDCE3D69B07E3F59
:105E300086DDCB3D7FBA7E3F36BDC83D6DC47E3F1B
:105E4000C69CC53D34CE7E3F397CC23DD4D77E3F13
:105E50008D5BBF3D4CE17E3FC33ABC3D9DEA7E3F3A
:105E6000DD19B93DC7F37E3FDAF8B53DC9FC7E3F89
:105E7000BBD7B23DA4057F3F80B6AF3D580E7F3FF4
:105E80002B95AC3DE4167F3FBA73A93D491F7F3F78
:105E90003052A63D87277F3F8C30A33D9D2F7F3F0B
:105EA000CF0EA03D8D377F3FF9EC9C3D543F7F3FA7
:105EB0000ACB993DF4467F3F05A9963D6D4E7F3F45
:105EC000E786933DBF557F3FB464903DE95C7F3FDB
:105ED0006A428D3DEC637F3F0A208A3DC76A7F3F5F
:105EE00094FD863D7B717F3F0ADB833D08787F3FD1
:105EF0006CB8803D6D7E7F3F742B7B3DAB847F3FD4
:105F0000E9E5743DC28A7F3F38A06E3DB1907F3F86
:105F1000625A683D78967F3F6814623D189C7F3FC7
:105F20004CCE5B3D91A17F3F0E88553DE3A67F3F60
:105F3000AF414F3D0DAC7F3F2FFB483D0FB17F3F41
:105F400091B4423DEAB57F3FD56D3C3D9EBA7F3F5F
:105F5000FC26363D2ABF7F3F07E02F3D8FC37F3FA2
:105F6000F698293DCCC77F3FCC51233DE2CB7F3F04
:105F7000880A1D3DD1CF7F3F2CC3163D98D37F3F6C
:105F8000B87B103D37D77F3F2F340A3DAFDA7F3FD4
:105F900090EC033D00DE7F3FB949FB3C29E17F3FA8
:105FA0002DBAEE3C2BE47F3F7B2AE23C05E77F3FA6
:105FB000A69AD53CB8E97F3FB00AC93C43EC7F3F85
:105FC0009B7ABC3CA7EE7F3F69EAAF3CE3F07F3FA2
:105FD0001C5AA33CF8F27F3FB6C9963CE6F47F3FDB
:105FE00038398A3CACF67F3F4B517B3C4AF87F3FC7
:105FF0000030623CC1F97F3F900E493C11FB7F3F6E
:1060000002ED2F3C39FC7F3F59CB163C39FD7F3FD9
:106010003053FB3B13FE7F3F890FC93BC4FE7F3FDC
:10602000C1CB963B4EFF7F3FC70F493BB1FF7F3F40
:10603000D40FC93AECFF7F3F000000000000803F12
:10604000D40FC9BAECFF7F3FC70F49BBB1FF7F3FF9
:10605000C1CB96BB4EFF7F3F890FC9BBC4FE7F3FBC
:106060003053FBBB13FE7F3F59CB16BC39FD7F3F3E
:1060700002ED2FBC39FC7F3F900E49BC11FB7F3FE6
:10608000003062BCC1F97F3F4B517BBC4AF87F3F77
:1060900038398ABCACF67F3FB6C996BCE6F47F3F80
:1060A0001C5AA3BCF8F27F3F69EAAFBCE3F07F3F24
:1060B0009B7ABCBCA7EE7F3FB00AC9BC43EC7F3FD4
:1060C000A69AD5BCB8E97F3F7B2AE2BC05E77F3FB3
:1060D0002DBAEEBC2BE47F3FB949FBBC29E17F3FE1
:1060E00090EC03BD00DE7F3F2F340ABDAFDA7F3F67
:1060F000B87B10BD37D77F3F2CC316BD98D37F3FE9
:10610000880A1DBDD1CF7F3FCC5123BDE2CB7F3F5D
:10611000F69829BDCCC77F3F07E02FBD8FC37F3FD7
:10612000FC2636BD2ABF7F3FD56D3CBD9EBA7F3F62
:1061300091B442BDEAB57F3F2FFB48BD0FB17F3F11
:10614000AF414FBD0DAC7F3F0E8855BDE3A67F3FED
:106150004CCE5BBD91A17F3F681462BD189C7F3F10
:10616000625A68BD78967F3F38A06EBDB1907F3F80
:10617000E9E574BDC28A7F3F742B7BBDAB847F3F52
:106180006CB880BD6D7E7F3F0ADB83BD08787F3FA2
:1061900094FD86BD7B717F3F0A208ABDC76A7F3F21
:1061A0006A428DBDEC637F3FB46490BDE95C7F3F84
:1061B000E78693BDBF557F3F05A996BD6D4E7F3FD6
:1061C0000ACB99BDF4467F3FF9EC9CBD543F7F3F1D
:1061D000CF0EA0BD8D377F3F8C30A3BD9D2F7F3F5D
:1061E0003052A6BD87277F3FBA73A9BD491F7F3FA5
:1061F0002B95ACBDE4167F3F80B6AFBD580E7F3FF8
:10620000BBD7B2BDA4057F3FDAF8B5BDC9FC7E3F60
:10621000DD19B9BDC7F37E3FC33ABCBD9DEA7E3FE1
:106220008D5BBFBD4CE17E3F397CC2BDD4D77E3F84
:10623000C69CC5BD34CE7E3F36BDC8BD6DC47E3F55
:1062400086DDCBBD7FBA7E3FB7FDCEBD69B07E3F58
:10625000C81DD2BD2DA67E3FB93DD5BDC99B7E3F91
:10626000895DD8BD3D917E3F377DDBBD8B867E3F0E
:10627000C49CDEBDB17B7E3F2EBCE1BDB0707E3FD5
:1062800076DBE4BD88657E3F9AFAE7BD385A7E3FEB
:106290009A19EBBDC14E7E3F7638EEBD23437E3F5B
:1062A0002E57F1BD5E377E3FC075F4BD722B7E3F29
:1062B0002C94F7BD5E1F7E3F73B2FABD24137E3F60
:1062C00092D0FDBDC2067E3F457700BE38FA7D3FC5
:1062D0002E0602BE88ED7D3F029503BEB1E07D3FF4
:1062E000C22305BEB2D37D3F6EB206BE8CC67D3FD3
:1062F000054108BE40B97D3F86CF09BECCAB7D3F8E
:10630000F35D0BBE309E7D3F4AEC0CBE6E907D3F30
:106310008B7A0EBE85827D3FB70810BE74747D3FB8
:10632000CC9611BE3D667D3FCA2413BEDE577D3F2D
:10633000B2B214BE59497D3F834016BEAC3A7D3F90
:106340003DCE17BED82B7D3FE05B19BEDD1C7D3FE7
:106350006BE91ABEBC0D7D3FDE761CBE73FE7C3F32
:1063600038041EBE03EF7C3F7B911FBE6CDF7C3F79
:10637000A51E21BEAECF7C3FB6AB22BEC9BF7C3FBF
:10638000AD3824BEBDAF7C3F8CC525BE8A9F7C3F07
:10639000515227BE318F7C3FFCDE28BEB07E7C3F51
:1063A0008D6B2ABE086E7C3F04F82BBE3A5D7C3FA5
:1063B00061842DBE444C7C3FA2102FBE283B7C3F05
:1063C000C99C30BEE5297C3FD42832BE7A187C3F78
:1063D000C4B433BEE9067C3F984035BE31F57B3FFF
:1063E00050CC36BE53E37B3FEC5738BE4DD17B3F9C
:1063F0006CE339BE20BF7B3FCF6E3BBECDAC7B3F55
:1064000015FA3CBE539A7B3F3E853EBEB2877B3F2A
:10641000491040BEEA747B3F379B41BEFC617B3F25
:10642000072643BEE74E7B3FB9B044BEAB3B7B3F44
:106430004D3B46BE48287B3FC2C547BEBE147B3F8E
:10644000185049BE0E017B3F4FDA4ABE37ED7A3F06
:1064500067644CBE3AD97A3F60EE4DBE16C57A3FAE
:1064600038784FBECBB07A3FF10151BE599C7A3F8C
:10647000898B52BEC1877A3F011554BE02737A3FA1
:10648000589E55BE1C5E7A3F8F2757BE10497A3FF3
:10649000A4B058BEDD337A3F97395ABE841E7A3F86
:1064A0006AC25BBE04097A3F1A4B5DBE5EF3793F58
:1064B000A8D35EBE91DD793F135C60BE9DC7793F76
:1064C0005CE461BE83B1793F836C63BE439B793FDB
:1064D00086F464BEDC84793F667C66BE4E6E793F8E
:1064E000220468BE9A57793FBA8B69BEC040793F93
:1064F0002F136BBEBF29793F7F9A6CBE9812793FEC
:10650000AB216EBE4AFB783FB2A86FBED6E3783FA0
:10651000942F71BE3BCC783F51B672BE7BB4783FAE
:10652000E83C74BE939C783F5AC375BE8684783F1E
:10653000A64977BE526C783FCCCF78BEF853783FEF
:10654000CB557ABE773B783FA4DB7BBED122783F28
:1065500056617DBE040A783FE1E67EBE10F1773FCA
:10656000223680BEF7D7773FC0F880BEB7BE773FF0
:106570004ABB81BE51A5773FC07D82BEC58B773FA8
:10658000224083BE1372773F700284BE3A58773F31
:10659000AAC484BE3C3E773FCE8685BE1724773F93
:1065A000DF4886BECC09773FDA0A87BE5BEF763FCD
:1065B000C1CC87BEC4D4763F938E88BE07BA763FDF
:1065C000505089BE249F763FF8118ABE1B84763FC7
:1065D0008AD38ABEEC68763F07958BBE974D763F8F
:1065E0006E568CBE1B32763FC0178DBE7A16763F34
:1065F000FCD88DBEB3FA753F229A8EBEC6DE753FBB
:10660000325B8FBEB3C2753F2C1C90BE7BA6753F1C
:1066100010DD90BE1C8A753FDD9D91BE976D753F64
:10662000945E92BEED50753F351F93BE1D34753F8D
:10663000BFDF93BE2717753F31A094BE0BFA743F9E
:106640008D6095BEC9DC743FD22096BE62BF743F98
:1066500000E196BED5A1743F17A197BE2284743F76
:10666000166198BE4966743FFE2099BE4B48743F40
:10667000CEE099BE272A743F86A09ABEDD0B743FF8
:1066800027609BBE6EED733FAF1F9CBED9CE733F9C
:1066900020DF9CBE1FB0733F789E9DBE3F91733F2D
:1066A000B85D9EBE3972733FDF1C9FBE0E53733FB1
:1066B000EEDB9FBEBE33733FE59AA0BE4714733F27
:1066C000C259A1BEACF4723F8718A2BEEBD4723F90
:1066D00033D7A2BE04B5723FC595A3BEF894723FEE
:1066E0003F54A4BEC774723F9F12A5BE7054723F40
:1066F000E5D0A5BEF433723F128FA6BE5213723F8F
:10670000254DA7BE8CF2713F1F0BA8BE9FD1713FD4
:10671000FEC8A8BE8EB0713FC486A9BE578F713F18
:106720006F44AABEFB6D713F0102ABBE7A4C713F54
:1067300077BFABBED42A713FD47CACBE0809713F91
:10674000153AADBE17E7703F3CF7ADBE02C5703FCE
:1067500049B4AEBEC6A2703F3A71AFBE6680703F0C
:10676000102EB0BEE15D703FCBEAB0BE373B703F4C
:106770006BA7B1BE6718703FEF63B2BE73F56F3F92
:106780005820B3BE5AD26F3FA5DCB3BE1BAF6F3FDC
:10679000D698B4BEB88B6F3FEC54B5BE30686F3F2F
:1067A000E610B6BE83446F3FC3CCB6BEB0206F3F89
:1067B0008488B7BEBAFC6E3F2A44B8BE9ED86E3FEE
:1067C000B2FFB8BE5DB46E3F1EBBB9BEF88F6E3F60
:1067D0006E76BABE6D6B6E3FA031BBBEBE466E3FDD
:1067E000B6ECBBBEEB216E3FAFA7BCBEF2FC6D3F6B
:1067F0008B62BDBED5D76D3F4A1DBEBE93B26D3F05
:10680000EBD7BEBE2D8D6D3F6F92BFBEA1676D3FB2
:10681000D54CC0BEF2416D3F1E07C1BE1D1C6D3F71
:1068200048C1C1BE24F66C3F557BC2BE07D06C3F49
:106830004435C3BEC5A96C3F15EFC3BE5E836C3F34
:10684000C8A8C4BED45C6C3F5C62C5BE24366C3F35
:10685000D21BC6BE500F6C3F29D5C6BE58E86B3F51
:10686000628EC7BE3BC16B3F7C47C8BEFB996B3F86
:106870007700C9BE95726B3F53B9C9BE0C4B6B3FD5
:106880001072CABE5E236B3FAE2ACBBE8CFB6A3F42
:106890002CE3CBBE95D36A3F8B9BCCBE7BAB6A3FD0
:1068A000CA53CDBE3C836A3FEA0BCEBED95A6A3F7B
:1068B000EAC3CEBE52326A3FCA7BCFBEA7096A3F47
:1068C0008A33D0BED7E0693F2AEBD0BEE4B7693F38
:1068D000AAA2D1BECC8E693F095AD2BE9165693F4A
:1068E0004811D3BE323C693F67C8D3BEAE12693F80
:1068F000647FD4BE07E9683F4136D5BE3CBF683FE0
:10690000FDECD5BE4C95683F99A3D6BE396B683F68
:10691000135AD7BE0341683F6B10D8BEA816683F14
:10692000A3C6D8BE2AEC673FB97CD9BE87C1673FF2
:10693000AD32DABEC196673F80E8DABED86B673FFA
:10694000319EDBBECA40673FC153DCBE9915673F2D
:106950002E09DDBE45EA663F79BEDDBECCBE663F90
:10696000A273DEBE3093663FA928DFBE7167663F23
:106970008DDDDFBE8E3B663F4F92E0BE880F663FE7
:10698000EE46E1BE5EE3653F6AFBE1BE10B7653FE0
:10699000C4AFE2BEA08A653FFA63E3BE0B5E653F0B
:1069A0000E18E4BE5431653FFECBE4BE7904653F6A
:1069B000CB7FE5BE7BD7643F7533E6BE59AA643F03
:1069C000FBE6E6BE147D643F5D9AE7BEAC4F643FD4
:1069D0009C4DE8BE2122643FB700E9BE73F4633FDB
:1069E000AEB3E9BEA1C6633F8166EABEAC98633F21
:1069F0003019EBBE956A633FBBCBEBBE5A3C633F9D
:106A0000217EECBEFC0D633F6330EDBE7BDF623F59
:106A100080E2EDBED7B0623F7994EEBE1082623F55
:106A20004C46EFBE2653623FFBF7EFBE1A24623F8F
:106A300085A9F0BEEAF4613FEA5AF1BE98C5613F0C
:106A4000290CF2BE2296613F43BDF2BE8A66613FC9
:106A5000386EF3BED036613F071FF4BEF206613FC9
:106A6000B1CFF4BEF2D6603F3580F5BECFA6603F11
:106A70009330F6BE8976603FCBE0F6BE2146603F9C
:106A8000DC90F7BE9615603FC840F8BEE9E45F3F72
:106A90008EF0F8BE19B45F3F2DA0F9BE27835F3F8B
:106AA000A54FFABE12525F3FF7FEFABEDB205F3FF2
:106AB00022AEFBBE81EF5E3F275DFCBE05BE5E3FA2
:106AC000040CFDBE678C5E3FBBBAFDBEA65A5E3F9E
:106AD0004A69FEBEC3285E3FB217FFBEBEF65D3FE9
:106AE000F3C5FFBE97C45D3F063A00BF4D925D3FC0
:106AF000FF9000BFE15F5D3FE4E700BF532D5D3FC6
:106B0000B53E01BFA3FA5C3F739501BFD1C75C3F9F
:106B10001CEC01BFDD945C3FB14202BFC7615C3F2A
:106B2000329902BF8E2E5C3F9FEF02BF34FB5B3F6A
:106B3000F84503BFB8C75B3F3D9C03BF1A945B3F5A
:106B40006DF203BF5A605B3F894804BF792C5B3FFD
:106B5000919E04BF75F85A3F84F404BF50C45A3F55
:106B6000624A05BF09905A3F2CA005BFA05B5A3F5F
:106B7000E2F505BF16275A3F824B06BF6AF2593F1E
:106B80000EA106BF9CBD593F86F606BFAD88593F92
:106B9000E84B07BF9C53593F36A107BF6A1E593FB8
:106BA0006FF607BF17E9583F924B08BFA1B3583F94
:106BB000A1A008BF0B7E583F9BF508BF5348583F24
:106BC0007F4A09BF7912583F4E9F09BF7FDC573F6C
:106BD00009F409BF63A6573FAD480ABF2670573F67
:106BE0003D9D0ABFC739573FB7F10ABF4803573F1A
:106BF0001C460BBFA7CC563F6B9A0BBFE595563F83
:106C0000A5EE0BBF025F563FC9420CBFFE27563FA1
:106C1000D7960CBFD9F0553FD0EA0CBF93B9553F7A
:106C2000B33E0DBF2C82553F81920DBFA44A553F04
:106C300038E60DBFFB12553FDA390EBF31DB543F4A
:106C4000658D0EBF47A3543FDBE00EBF3B6B543F47
:106C50003B340FBF0F33543F84870FBFC3FA533FFA
:106C6000B8DA0FBF55C2533FD52D10BFC789533F68
:106C7000DC8010BF1851533FCDD310BF4918533F8C
:106C8000A72611BF59DF523F6B7911BF49A6523F6A
:106C900019CC11BF186D523FB01E12BFC633523F00
:106CA000307112BF54FA513F9AC312BFC2C0513F54
:106CB000EE1513BF1087513F2A6813BF3D4D513F5A
:106CC00050BA13BF4A13513F5F0C14BF37D9503F1E
:106CD000585E14BF039F503F39B014BFAF64503F9C
:106CE000040215BF3B2A503FB75315BFA8EF4F3FD3
:106CF00054A515BFF4B44F3FD9F615BF1F7A4F3FC7
:106D0000474816BF2B3F4F3F9F9916BF17044F3F71
:106D1000DFEA16BFE4C84E3F073C17BF908D4E3FD9
:106D2000188D17BF1C524E3F12DE17BF89164E3FFB
:106D3000F52E18BFD5DA4D3FC07F18BF029F4D3FDB
:106D400073D018BF10634D3F0F2119BFFD264D3F73
:106D5000947119BFCBEA4C3F00C219BF79AE4C3FCA
:106D600055121ABF08724C3F93621ABF78354C3FD8
:106D7000B8B21ABFC7F84B3FC6021BBFF8BB4B3FA8
:106D8000BB521BBF097F4B3F99A21BBFFA414B3F30
:106D90005FF21BBFCC044B3F0C421CBF7FC74A3F76
:106DA000A2911CBF138A4A3F1FE11CBF874C4A3F78
:106DB00084301DBFDC0E4A3FD17F1DBF12D1493F39
:106DC00006CF1DBF2993493F221E1EBF2155493FB3
:106DD000266D1EBFFA16493F12BC1EBFB3D8483FEE
:106DE000E50A1FBF4E9A483F9F591FBFCA5B483FE5
:106DF00041A81FBF271D483FCBF61FBF65DE473F99
:106E00003B4520BF849F473F939320BF8560473F0A
:106E1000D2E120BF6721473FF92F21BF2AE2463F39
:106E2000067E21BFCEA2463FFBCB21BF5463463F27
:106E3000D71922BFBB23463F996722BF03E4453FD2
:106E400043B522BF2DA4453FD30223BF3964453F3C
:106E50004B5023BF2624453FA99D23BFF5E3443F64
:106E6000EEEA23BFA5A3443F1A3824BF3763443F4B
:106E70002C8524BFAB22443F25D224BF00E2433FF0
:106E8000041F25BF38A1433FCB6B25BF5160433F53
:106E900077B825BF4C1F433F0A0526BF29DE423F76
:106EA000845126BFE89C423FE39D26BF895B423F59
:106EB0002AEA26BF0B1A423F563627BF70D8413FF9
:106EC000688227BFB796413F61CE27BFE154413F5B
:106ED000401A28BFEC12413F056628BFDAD0403F78
:106EE000B0B128BFA98E403F41FD28BF5C4C403F58
:106EF000B84829BFF009403F159429BF67C73F3FF5
:106F000057DF29BFC0843F3F802A2ABFFC413F3F53
:106F10008E752ABF1BFF3E3F82C02ABF1BBC3E3F6F
:106F20005B0B2BBFFF783E3F1B562BBFC5353E3F4B
:106F3000BFA02BBF6EF23D3F4AEB2BBFF9AE3D3FEA
:106F4000B9352CBF676B3D3F0F802CBFB8273D3F45
:106F500049CA2CBFECE33C3F69142DBF03A03C3F62
:106F60006F5E2DBFFC5B3C3F59A82DBFD9173C3F3E
:106F700029F22DBF98D33B3FDE3B2EBF3B8F3B3FDB
:106F800078852EBFC14A3B3FF7CE2EBF29063B3F37
:106F90005B182FBF75C13A3FA5612FBFA47C3A3F54
:106FA000D3AA2FBFB7373A3FE6F32FBFACF2393F32
:106FB000DE3C30BF85AD393FBB8530BF4268393FCD
:106FC0007CCE30BFE122393F221731BF65DD383F2B
:106FD000AD5F31BFCB97383F1DA831BF1652383F48
:106FE00071F031BF430C383FAA3832BF55C6373F26
:106FF000C78032BF4A80373FC9C832BF233A373FC4
:10700000AF1033BFDFF3363F7A5833BF7FAD363F23
:1070100029A033BF0467363FBCE733BF6C20363F3F
:10702000342F34BFB8D9353F8F7634BFE792353F20
:10703000CFBD34BFFB4B353FF30435BFF304353FC1
:10704000FB4B35BFCFBD343FE79235BF8F76343F22
:10705000B8D935BF342F343F6C2036BFBCE7333F3F
:10706000046736BF29A0333F7FAD36BF7A58333F20
:10707000DFF336BFAF10333F233A37BFC9C8323FC3
:107080004A8037BFC780323F55C637BFAA38323F24
:10709000430C38BF71F0313F165238BF1DA8313F45
:1070A000CB9738BFAD5F313F65DD38BF2217313F29
:1070B000E12239BF7CCE303F426839BFBB85303FCB
:1070C00085AD39BFDE3C303FACF239BFE6F32F3F30
:1070D000B7373ABFD3AA2F3FA47C3ABFA5612F3F51
:1070E00075C13ABF5B182F3F29063BBFF7CE2E3F35
:1070F000C14A3BBF78852E3F3B8F3BBFDE3B2E3FD7
:1071000098D33BBF29F22D3FD9173CBF59A82D3F3B
:10711000FC5B3CBF6F5E2D3F03A03CBF69142D3F5D
:10712000ECE33CBF49CA2C3FB8273DBF0F802C3F42
:10713000676B3DBFB9352C3FF9AE3DBF4AEB2B3FE6
:107140006EF23DBFBFA02B3FC5353EBF1B562B3F48
:10715000FF783EBF5B0B2B3F1BBC3EBF82C02A3F6C
:107160001BFF3EBF8E752A3FFC413FBF802A2A3F4E
:10717000C0843FBF57DF293F67C73FBF1594293FF2
:10718000F00940BFB848293F5C4C40BF41FD283F53
:10719000A98E40BFB0B1283FDAD040BF0566283F76
:1071A000EC1241BF401A283FE15441BF61CE273F56
:1071B000B79641BF6882273F70D841BF5636273FF8
:1071C0000B1A42BF2AEA263F895B42BFE39D263F56
:1071D000E89C42BF8451263F29DE42BF0A05263F74
:1071E0004C1F43BF77B8253F516043BFCB6B253F52
:1071F00038A143BF041F253F00E243BF25D2243FEF
:10720000AB2244BF2C85243F376344BF1A38243F48
:10721000A5A344BFEEEA233FF5E344BFA99D233F66
:10722000262445BF4B50233F396445BFD302233F3B
:107230002DA445BF43B5223F03E445BF9967223FD4
:10724000BB2346BFD719223F546346BFFBCB213F28
:10725000CEA246BF067E213F2AE246BFF92F213F3C
:10726000672147BFD2E1203F856047BF9393203F0E
:10727000849F47BF3B45203F65DE47BFCBF61F3F9E
:10728000271D48BF41A81F3FCA5B48BF9F591F3FEA
:107290004E9A48BFE50A1F3FB3D848BF12BC1E3FF5
:1072A000FA1649BF266D1E3F215549BF221E1E3FBB
:1072B000299349BF06CF1D3F12D149BFD17F1D3F42
:1072C000DC0E4ABF84301D3F874C4ABF1FE11C3F84
:1072D000138A4ABFA2911C3F7FC74ABF0C421C3F82
:1072E000CC044BBF5FF21B3FFA414BBF99A21B3F3F
:1072F000097F4BBFBB521B3FF8BB4BBFC6021B3FB6
:10730000C7F84BBFB8B21A3F78354CBF93621A3FEB
:1073100008724CBF55121A3F79AE4CBF00C2193FDC
:10732000CBEA4CBF9471193FFD264DBF0F21193F89
:1073300010634DBF73D0183F029F4DBFC07F183FF1
:10734000D5DA4DBFF52E183F89164EBF12DE173F16
:107350001C524EBF188D173F908D4EBF073C173FF4
:10736000E4C84EBFDFEA163F17044FBF9F99163F90
:107370002B3F4FBF4748163F1F7A4FBFD9F6153FE7
:10738000F4B44FBF54A5153FA8EF4FBFB753153FF7
:107390003B2A50BF0402153FAF6450BF39B0143FC1
:1073A000039F50BF585E143F37D950BF5F0C143F46
:1073B0004A1351BF50BA133F3D4D51BF2A68133F86
:1073C000108751BFEE15133FC2C051BF9AC3123F81
:1073D00054FA51BF3071123FC63352BFB01E123F34
:1073E000186D52BF19CC113F49A652BF6B79113F9E
:1073F00059DF52BFA726113F491853BFCDD3103FC5
:10740000185153BFDC80103FC78953BFD52D103FA3
:1074100055C253BFB8DA0F3FC3FA53BF84870F3F3B
:107420000F3354BF3B340F3F3B6B54BFDBE00E3F89
:1074300047A354BF658D0E3F31DB54BFDA390E3F91
:10744000FB1255BF38E60D3FA44A55BF81920D3F50
:107450002C8255BFB33E0D3F93B955BFD0EA0C3FC8
:10746000D9F055BFD7960C3FFE2756BFC9420C3FF7
:10747000025F56BFA5EE0B3FE59556BF6B9A0B3FDB
:10748000A7CC56BF1C460B3F480357BFB7F10A3F76
:10749000C73957BF3D9D0A3F267057BFAD480A3FC9
:1074A00063A657BF09F4093F7FDC57BF4E9F093FD2
:1074B000791258BF7F4A093F534858BF9BF5083F90
:1074C0000B7E58BFA1A0083FA1B358BF924B083F05
:1074D00017E958BF6FF6073F6A1E59BF36A1073F2D
:1074E0009C5359BFE84B073FAD8859BF86F6063F0E
:1074F0009CBD59BF0EA1063F6AF259BF824B063FA1
:1075000016275ABFE2F5053FA05B5ABF2CA0053FE6
:1075100009905ABF624A053F50C45ABF84F4043FE1
:1075200075F85ABF919E043F792C5BBF8948043F90
:107530005A605BBF6DF2033F1A945BBF3D9C033FF3
:10754000B8C75BBFF845033F34FB5BBF9FEF023F0B
:107550008E2E5CBF3299023FC7615CBFB142023FD1
:10756000DD945CBF1CEC013FD1C75CBF7395013F4C
:10757000A3FA5CBFB53E013F532D5DBFE4E7003F7A
:10758000E15F5DBFFF90003F4D925DBF063A003F57
:1075900097C45DBFF3C5FF3EBEF65DBFB217FF3EA9
:1075A000C3285EBF4A69FE3EA65A5EBFBBBAFD3E17
:1075B000678C5EBF040CFD3E05BE5EBF275DFC3ED2
:1075C00081EF5EBF22AEFB3EDB205FBFF7FEFA3EDF
:1075D00012525FBFA54FFA3E27835FBF2DA0F93E31
:1075E00019B45FBF8EF0F83EE9E45FBFC840F83ED3
:1075F000961560BFDC90F73E214660BFCBE0F63EBB
:10760000897660BF9330F63ECFA660BF3580F53EE9
:10761000F2D660BFB1CFF43EF20661BF071FF43E61
:10762000D03661BF386EF33E8A6661BF43BDF23E1D
:10763000229661BF290CF23E98C561BFEA5AF13E1D
:10764000EAF461BF85A9F03E1A2462BFFBF7EF3E62
:10765000265362BF4C46EF3E108262BF7994EE3EE5
:10766000D7B062BF80E2ED3E7BDF62BF6330ED3EAC
:10767000FC0D63BF217EEC3E5A3C63BFBBCBEB3EAF
:10768000956A63BF3019EB3EAC9863BF8166EA3EF2
:10769000A1C663BFAEB3E93E73F463BFB700E93E72
:1076A000212264BF9C4DE83EAC4F64BF5D9AE73E2B
:1076B000147D64BFFBE6E63E59AA64BF7533E63E1F
:1076C0007BD764BFCB7FE53E790465BFFECBE43E4C
:1076D000543165BF0E18E43E0B5E65BFFA63E33EAE
:1076E000A08A65BFC4AFE23E10B765BF6AFBE13E4A
:1076F0005EE365BFEE46E13E880F66BF4F92E03E17
:107700008E3B66BF8DDDDF3E716766BFA928DF3E19
:10771000309366BFA273DE3ECCBE66BF79BEDD3E4F
:1077200045EA66BF2E09DD3E991567BFC153DC3EB1
:10773000CA4067BF319EDB3ED86B67BF80E8DA3E48
:10774000C19667BFAD32DA3E87C167BFB97CD93E0B
:107750002AEC67BFA3C6D83EA81668BF6B10D83EF8
:10776000034168BF135AD73E396B68BF99A3D63E11
:107770004C9568BFFDECD53E3CBF68BF4136D53E59
:1077800007E968BF647FD43EAE1269BF67C8D33EC5
:10779000323C69BF4811D33E916569BF095AD23E58
:1077A000CC8E69BFAAA2D13EE4B769BF2AEBD03E16
:1077B000D7E069BF8A33D03EA7096ABFCA7BCF3EF4
:1077C00052326ABFEAC3CE3ED95A6ABFEA0BCE3EF6
:1077D0003C836ABFCA53CD3E7BAB6ABF8B9BCC3E1A
:1077E00095D36ABF2CE3CB3E8CFB6ABFAE2ACB3E5F
:1077F0005E236BBF1072CA3E0C4B6BBF53B9C93EC0
:1078000095726BBF7700C93EFB996BBF7C47C83E42
:107810003BC16BBF628EC73E58E86BBF29D5C63EE1
:10782000500F6CBFD21BC63E24366CBF5C62C53E97
:10783000D45C6CBFC8A8C43E5E836CBF15EFC33E6A
:10784000C5A96CBF4435C33E07D06CBF557BC23E53
:1078500024F66CBF48C1C13E1D1C6DBF1E07C13E52
:10786000F2416DBFD54CC03EA1676DBF6F92BF3E68
:107870002D8D6DBFEBD7BE3E93B26DBF4A1DBE3E90
:10788000D5D76DBF8B62BD3EF2FC6DBFAFA7BC3ECE
:10789000EB216EBFB6ECBB3EBE466EBFA031BB3E19
:1078A0006D6B6EBF6E76BA3EF88F6EBF1EBBB93E73
:1078B0005DB46EBFB2FFB83E9ED86EBF2A44B83EDC
:1078C000BAFC6EBF8488B73EB0206FBFC3CCB63E53
:1078D00083446FBFE610B63E30686FBFEC54B53ED0
:1078E000B88B6FBFD698B43E1BAF6FBFA5DCB33E5D
:1078F0005AD26FBF5820B33E73F56FBFEF63B23EED
:10790000671870BF6BA7B13E373B70BFCBEAB03E84
:10791000E15D70BF102EB03E668070BF3A71AF3E21
:10792000C6A270BF49B4AE3E02C570BF3CF7AD3EC3
:1079300017E770BF153AAD3E080971BFD47CAC3E65
:10794000D42A71BF77BFAB3E7A4C71BF0102AB3E08
:10795000FB6D71BF6F44AA3E578F71BFC486A93EAD
:107960008EB071BFFEC8A83E9FD171BF1F0BA83E4D
:107970008CF271BF254DA73E521372BF128FA63EE7
:10798000F43372BFE5D0A53E705472BF9F12A53E7E
:10799000C77472BF3F54A43EF89472BFC595A33E0E
:1079A00004B572BF33D7A23EEBD472BF8718A23E94
:1079B000ACF472BFC259A13E471473BFE59AA03E12
:1079C000BE3373BFEEDB9F3E0E5373BFDF1C9F3E83
:1079D000397273BFB85D9E3E3F9173BF789E9D3EE6
:1079E0001FB073BF20DF9C3ED9CE73BFAF1F9C3E3C
:1079F0006EED73BF27609B3EDD0B74BF86A09A3E81
:107A0000272A74BFCEE0993E4B4874BFFE20993EB2
:107A1000496674BF1661983E228474BF17A1973ED1
:107A2000D5A174BF00E1963E62BF74BFD220963EDE
:107A3000C9DC74BF8D60953E0BFA74BF31A0943ED3
:107A4000271775BFBFDF933E1D3475BF351F933EAB
:107A5000ED5075BF945E923E976D75BFDD9D913E72
:107A60001C8A75BF10DD903E7BA675BF2C1C903E16
:107A7000B3C275BF325B8F3EC6DE75BF229A8E3EA3
:107A8000B3FA75BFFCD88D3E7A1676BFC0178D3E0F
:107A90001B3276BF6E568C3E974D76BF07958B3E58
:107AA000EC6876BF8AD38A3E1B8476BFF8118A3E83
:107AB000249F76BF5050893E07BA76BF938E883E8A
:107AC000C4D476BFC1CC873E5BEF76BFDA0A873E6F
:107AD000CC0977BFDF48863E172477BFCE86853E28
:107AE0003C3E77BFAAC4843E3A5877BF7002843EBA
:107AF000137277BF2240833EC58B77BFC07D823E25
:107B000051A577BF4ABB813EB7BE77BFC0F8803E64
:107B1000F7D777BF2236803E10F177BFE1E67E3E91
:107B2000040A78BF56617D3ED12278BFA4DB7B3E3C
:107B3000773B78BFCB557A3EF85378BFCCCF783EB1
:107B4000526C78BFA649773E868478BF5AC3753E8B
:107B5000939C78BFE83C743E7BB478BF51B6723ECC
:107B60003BCC78BF942F713ED6E378BFB2A86F3E6E
:107B70004AFB78BFAB216E3E981279BF7F9A6C3E6C
:107B8000BF2979BF2F136B3EC04079BFBA8B693EC6
:107B90009A5779BF2204683E4E6E79BF667C663E76
:107BA000DC8479BF86F4643E439B79BF836C633E7B
:107BB00083B179BF5CE4613E9DC779BF135C603ED1
:107BC00091DD79BFA8D35E3E5EF379BF1A4B5D3E6F
:107BD00004097ABF6AC25B3E841E7ABF97395A3E57
:107BE000DD337ABFA4B0583E10497ABF8F27573E85
:107BF0001C5E7ABF589E553E02737ABF0115543EF3
:107C0000C1877ABF898B523E599C7ABFF101513EA0
:107C1000CBB07ABF38784F3E16C57ABF60EE4D3E86
:107C20003AD97ABF67644C3E37ED7ABF4FDA4A3EA5
:107C30000E017BBF1850493EBE147BBFC2C5473EF4
:107C400048287BBF4D3B463EAB3B7BBFB9B0443E73
:107C5000E74E7BBF0726433EFC617BBF379B413E1F
:107C6000EA747BBF4910403EB2877BBF3E853E3EF3
:107C7000539A7BBF15FA3C3ECDAC7BBFCF6E3B3EEB
:107C800020BF7BBF6CE3393E4DD17BBFEC57383E04
:107C900053E37BBF50CC363E31F57BBF9840353E39
:107CA000E9067CBFC4B4333E7A187CBFD428323E88
:107CB000E5297CBFC99C303E283B7CBFA2102F3EEB
:107CC000444C7CBF61842D3E3A5D7CBF04F82B3E62
:107CD000086E7CBF8D6B2A3EB07E7CBFFCDE283EEA
:107CE000318F7CBF5152273E8A9F7CBF8CC5253E79
:107CF000BDAF7CBFAD38243EC9BF7CBFB6AB223E12
:107D0000AECF7CBFA51E213E6CDF7CBF7B911F3EAA
:107D100003EF7CBF38041E3E73FE7CBFDE761C3E44
:107D2000BC0D7DBF6BE91A3EDD1C7DBFE05B193EDB
:107D3000D82B7DBF3DCE173EAC3A7DBF8340163E6B
:107D400059497DBFB2B2143EDE577DBFCA24133EEF
:107D50003D667DBFCC96113E74747DBFB708103E62
:107D600085827DBF8B7A0E3E6E907DBF4AEC0C3EC5
:107D7000309E7DBFF35D0B3ECCAB7DBF86CF093E11
:107D800040B97DBF0541083E8CC67DBF6EB2063E40
:107D9000B2D37DBFC223053EB1E07DBF0295033E55
:107DA00088ED7DBF2E06023E38FA7DBF4577003E46
:107DB000C2067EBF92D0FD3D24137EBF73B2FA3D52
:107DC0005E1F7EBF2C94F73D722B7EBFC075F43DC5
:107DD0005E377EBF2E57F13D23437EBF7638EE3DA2
:107DE000C14E7EBF9A19EB3D385A7EBF9AFAE73DE5
:107DF00088657EBF76DBE43DB0707EBF2EBCE13D82
:107E0000B17B7EBFC49CDE3D8B867EBF377DDB3D74
:107E10003D917EBF895DD83DC99B7EBFB93DD53DB3
:107E20002DA67EBFC81DD23D69B07EBFB7FDCE3D39
:107E30007FBA7EBF86DDCB3D6DC47EBF36BDC83DFB
:107E400034CE7EBFC69CC53DD4D77EBF397CC23DF3
:107E50004CE17EBF8D5BBF3D9DEA7EBFC33ABC3D1A
:107E6000C7F37EBFDD19B93DC9FC7EBFDAF8B53D69
:107E7000A4057FBFBBD7B23D580E7FBF80B6AF3DD4
:107E8000E4167FBF2B95AC3D491F7FBFBA73A93D58
:107E900087277FBF3052A63D9D2F7FBF8C30A33DEB
:107EA0008D377FBFCF0EA03D543F7FBFF9EC9C3D87
:107EB000F4467FBF0ACB993D6D4E7FBF05A9963D25
:107EC000BF557FBFE786933DE95C7FBFB464903DBB
:107ED000EC637FBF6A428D3DC76A7FBF0A208A3D3F
:107EE0007B717FBF94FD863D08787FBF0ADB833DB1
:107EF0006D7E7FBF6CB8803DAB847FBF742B7B3DB4
:107F0000C28A7FBFE9E5743DB1907FBF38A06E3D66
:107F100078967FBF625A683D189C7FBF6814623DA7
:107F200091A17FBF4CCE5B3DE3A67FBF0E88553D40
:107F30000DAC7FBFAF414F3D0FB17FBF2FFB483D21
:107F4000EAB57FBF91B4423D9EBA7FBFD56D3C3D3F
:107F50002ABF7FBFFC26363D8FC37FBF07E02F3D82
:107F6000CCC77FBFF698293DE2CB7FBFCC51233DE4
:107F7000D1CF7FBF880A1D3D98D37FBF2CC3163D4C
:107F800037D77FBFB87B103DAFDA7FBF2F340A3DB4
:107F900000DE7FBF90EC033D29E17FBFB949FB3C88
:107FA0002BE47FBF2DBAEE3C05E77FBF7B2AE23C86
:107FB000B8E97FBFA69AD53C43EC7FBFB00AC93C65
:107FC000A7EE7FBF9B7ABC3CE3F07FBF69EAAF3C82
:107FD000F8F27FBF1C5AA33CE6F47FBFB6C9963CBB
:107FE000ACF67FBF38398A3C4AF87FBF4B517B3CA7
:107FF000C1F97FBF0030623C11FB7FBF900E493C4E
:1080000039FC7FBF02ED2F3C39FD7FBF59CB163CB9
:1080100013FE7FBF3053FB3BC4FE7FBF890FC93BBC
:108020004EFF7FBFC1CB963BB1FF7FBFC70F493B20
:10803000ECFF7FBFD40FC93A000080BF00000000F2
:10804000ECFF7FBFD40FC9BAB1FF7FBFC70F49BBD9
:108050004EFF7FBFC1CB96BBC4FE7FBF890FC9BB9C
:1080600013FE7FBF3053FBBB39FD7FBF59CB16BC1E
:1080700039FC7FBF02ED2FBC11FB7FBF900E49BCC6
:10808000C1F97FBF003062BC4AF87FBF4B517BBC57
:10809000ACF67FBF38398ABCE6F47FBFB6C996BC60
:1080A000F8F27FBF1C5AA3BCE3F07FBF69EAAFBC04
:1080B000A7EE7FBF9B7ABCBC43EC7FBFB00AC9BCB4
:1080C000B8E97FBFA69AD5BC05E77FBF7B2AE2BC93
:1080D0002BE47FBF2DBAEEBC29E17FBFB949FBBCC1
:1080E00000DE7FBF90EC03BDAFDA7FBF2F340ABD47
:1080F00037D77FBFB87B10BD98D37FBF2CC316BDC9
:10810000D1CF7FBF880A1DBDE2CB7FBFCC5123BD3D
:10811000CCC77FBFF69829BD8FC37FBF07E02FBDB7
:108120002ABF7FBFFC2636BD9EBA7FBFD56D3CBD42
:10813000EAB57FBF91B442BD0FB17FBF2FFB48BDF1
:108140000DAC7FBFAF414FBDE3A67FBF0E8855BDCD
:1081500091A17FBF4CCE5BBD189C7FBF681462BDF0
:1081600078967FBF625A68BDB1907FBF38A06EBD60
:10817000C28A7FBFE9E574BDAB847FBF742B7BBD32
:108180006D7E7FBF6CB880BD08787FBF0ADB83BD82
:108190007B717FBF94FD86BDC76A7FBF0A208ABD01
:1081A000EC637FBF6A428DBDE95C7FBFB46490BD64
:1081B000BF557FBFE78693BD6D4E7FBF05A996BDB6
:1081C000F4467FBF0ACB99BD543F7FBFF9EC9CBDFD
:1081D0008D377FBFCF0EA0BD9D2F7FBF8C30A3BD3D
:1081E00087277FBF3052A6BD491F7FBFBA73A9BD85
:1081F000E4167FBF2B95ACBD580E7FBF80B6AFBDD8
:10820000A4057FBFBBD7B2BDC9FC7EBFDAF8B5BD40
:10821000C7F37EBFDD19B9BD9DEA7EBFC33ABCBDC1
:108220004CE17EBF8D5BBFBDD4D77EBF397CC2BD64
:1082300034CE7EBFC69CC5BD6DC47EBF36BDC8BD35
:108240007FBA7EBF86DDCBBD69B07EBFB7FDCEBD38
:108250002DA67EBFC81DD2BDC99B7EBFB93DD5BD71
:108260003D917EBF895DD8BD8B867EBF377DDBBDEE
:10827000B17B7EBFC49CDEBDB0707EBF2EBCE1BDB5
:1082800088657EBF76DBE4BD385A7EBF9AFAE7BDCB
:10829000C14E7EBF9A19EBBD23437EBF7638EEBD3B
:1082A0005E377EBF2E57F1BD722B7EBFC075F4BD09
:1082B0005E1F7EBF2C94F7BD24137EBF73B2FABD40
:1082C000C2067EBF92D0FDBD38FA7DBF457700BEA5
:1082D00088ED7DBF2E0602BEB1E07DBF029503BED4
:1082E000B2D37DBFC22305BE8CC67DBF6EB206BEB3
:1082F00040B97DBF054108BECCAB7DBF86CF09BE6E
:10830000309E7DBFF35D0BBE6E907DBF4AEC0CBE10
:1083100085827DBF8B7A0EBE74747DBFB70810BE98
:108320003D667DBFCC9611BEDE577DBFCA2413BE0D
:1083300059497DBFB2B214BEAC3A7DBF834016BE70
:10834000D82B7DBF3DCE17BEDD1C7DBFE05B19BEC7
:10835000BC0D7DBF6BE91ABE73FE7CBFDE761CBE12
:1083600003EF7CBF38041EBE6CDF7CBF7B911FBE59
:10837000AECF7CBFA51E21BEC9BF7CBFB6AB22BE9F
:10838000BDAF7CBFAD3824BE8A9F7CBF8CC525BEE7
:10839000318F7CBF515227BEB07E7CBFFCDE28BE31
:1083A000086E7CBF8D6B2ABE3A5D7CBF04F82BBE85
:1083B000444C7CBF61842DBE283B7CBFA2102FBEE5
:1083C000E5297CBFC99C30BE7A187CBFD42832BE58
:1083D000E9067CBFC4B433BE31F57BBF984035BEDF
:1083E00053E37BBF50CC36BE4DD17BBFEC5738BE7C
:1083F00020BF7BBF6CE339BECDAC7BBFCF6E3BBE35
:10840000539A7BBF15FA3CBEB2877BBF3E853EBE0A
:10841000EA747BBF491040BEFC617BBF379B41BE05
:10842000E74E7BBF072643BEAB3B7BBFB9B044BE24
:1084300048287BBF4D3B46BEBE147BBFC2C547BE6E
:108440000E017BBF185049BE37ED7ABF4FDA4ABEE6
:108450003AD97ABF67644CBE16C57ABF60EE4DBE8E
:10846000CBB07ABF38784FBE599C7ABFF10151BE6C
:10847000C1877ABF898B52BE02737ABF011554BE81
:108480001C5E7ABF589E55BE10497ABF8F2757BED3
:10849000DD337ABFA4B058BE841E7ABF97395ABE66
:1084A00004097ABF6AC25BBE5EF379BF1A4B5DBE38
:1084B00091DD79BFA8D35EBE9DC779BF135C60BE56
:1084C00083B179BF5CE461BE439B79BF836C63BEBB
:1084D000DC8479BF86F464BE4E6E79BF667C66BE6E
:1084E0009A5779BF220468BEC04079BFBA8B69BE73
:1084F000BF2979BF2F136BBE981279BF7F9A6CBECC
:108500004AFB78BFAB216EBED6E378BFB2A86FBE80
:108510003BCC78BF942F71BE7BB478BF51B672BE8E
:10852000939C78BFE83C74BE868478BF5AC375BEFE
:10853000526C78BFA64977BEF85378BFCCCF78BECF
:10854000773B78BFCB557ABED12278BFA4DB7BBE08
:10855000040A78BF56617DBE10F177BFE1E67EBEAA
:10856000F7D777BF223680BEB7BE77BFC0F880BED0
:1085700051A577BF4ABB81BEC58B77BFC07D82BE88
:10858000137277BF224083BE3A5877BF700284BE11
:108590003C3E77BFAAC484BE172477BFCE8685BE73
:1085A000CC0977BFDF4886BE5BEF76BFDA0A87BEAD
:1085B000C4D476BFC1CC87BE07BA76BF938E88BEBF
:1085C000249F76BF505089BE1B8476BFF8118ABEA7
:1085D000EC6876BF8AD38ABE974D76BF07958BBE6F
:1085E0001B3276BF6E568CBE7A1676BFC0178DBE14
:1085F000B3FA75BFFCD88DBEC6DE75BF229A8EBE9B
:10860000B3C275BF325B8FBE7BA675BF2C1C90BEFC
:108610001C8A75BF10DD90BE976D75BFDD9D91BE44
:10862000ED5075BF945E92BE1D3475BF351F93BE6D
:10863000271775BFBFDF93BE0BFA74BF31A094BE7E
:10864000C9DC74BF8D6095BE62BF74BFD22096BE78
:10865000D5A174BF00E196BE228474BF17A197BE56
:10866000496674BF166198BE4B4874BFFE2099BE20
:10867000272A74BFCEE099BEDD0B74BF86A09ABED8
:108680006EED73BF27609BBED9CE73BFAF1F9CBE7C
:108690001FB073BF20DF9CBE3F9173BF789E9DBE0D
:1086A000397273BFB85D9EBE0E5373BFDF1C9FBE91
:1086B000BE3373BFEEDB9FBE471473BFE59AA0BE07
:1086C000ACF472BFC259A1BEEBD472BF8718A2BE70
:1086D00004B572BF33D7A2BEF89472BFC595A3BECE
:1086E000C77472BF3F54A4BE705472BF9F12A5BE20
:1086F000F43372BFE5D0A5BE521372BF128FA6BE6F
:108700008CF271BF254DA7BE9FD171BF1F0BA8BEB4
:108710008EB071BFFEC8A8BE578F71BFC486A9BEF8
:10872000FB6D71BF6F44AABE7A4C71BF0102ABBE34
:10873000D42A71BF77BFABBE080971BFD47CACBE71
:1087400017E770BF153AADBE02C570BF3CF7ADBEAE
:10875000C6A270BF49B4AEBE668070BF3A71AFBEEC
:10876000E15D70BF102EB0BE373B70BFCBEAB0BE2C
:10877000671870BF6BA7B1BE73F56FBFEF63B2BE72
:108780005AD26FBF5820B3BE1BAF6FBFA5DCB3BEBC
:10879000B88B6FBFD698B4BE30686FBFEC54B5BE0F
:1087A00083446FBFE610B6BEB0206FBFC3CCB6BE69
:1087B000BAFC6EBF8488B7BE9ED86EBF2A44B8BECE
:1087C0005DB46EBFB2FFB8BEF88F6EBF1EBBB9BE40
:1087D0006D6B6EBF6E76BABEBE466EBFA031BBBEBD
:1087E000EB216EBFB6ECBBBEF2FC6DBFAFA7BCBE4B
:1087F000D5D76DBF8B62BDBE93B26DBF4A1DBEBEE5
:108800002D8D6DBFEBD7BEBEA1676DBF6F92BFBE92
:10881000F2416DBFD54CC0BE1D1C6DBF1E07C1BE51
:1088200024F66CBF48C1C1BE07D06CBF557BC2BE29
:10883000C5A96CBF4435C3BE5E836CBF15EFC3BE14
:10884000D45C6CBFC8A8C4BE24366CBF5C62C5BE15
:10885000500F6CBFD21BC6BE58E86BBF29D5C6BE31
:108860003BC16BBF628EC7BEFB996BBF7C47C8BE66
:1088700095726BBF7700C9BE0C4B6BBF53B9C9BEB5
:108880005E236BBF1072CABE8CFB6ABFAE2ACBBE22
:1088900095D36ABF2CE3CBBE7BAB6ABF8B9BCCBEB0
:1088A0003C836ABFCA53CDBED95A6ABFEA0BCEBE5B
:1088B00052326ABFEAC3CEBEA7096ABFCA7BCFBE27
:1088C000D7E069BF8A33D0BEE4B769BF2AEBD0BE18
:1088D000CC8E69BFAAA2D1BE916569BF095AD2BE2A
:1088E000323C69BF4811D3BEAE1269BF67C8D3BE60
:1088F00007E968BF647FD4BE3CBF68BF4136D5BEC0
:108900004C9568BFFDECD5BE396B68BF99A3D6BE48
:10891000034168BF135AD7BEA81668BF6B10D8BEF4
:108920002AEC67BFA3C6D8BE87C167BFB97CD9BED2
:10893000C19667BFAD32DABED86B67BF80E8DABEDA
:10894000CA4067BF319EDBBE991567BFC153DCBE0D
:1089500045EA66BF2E09DDBECCBE66BF79BEDDBE70
:10896000309366BFA273DEBE716766BFA928DFBE03
:108970008E3B66BF8DDDDFBE880F66BF4F92E0BEC7
:108980005EE365BFEE46E1BE10B765BF6AFBE1BEC0
:10899000A08A65BFC4AFE2BE0B5E65BFFA63E3BEEB
:1089A000543165BF0E18E4BE790465BFFECBE4BE4A
:1089B0007BD764BFCB7FE5BE59AA64BF7533E6BEE3
:1089C000147D64BFFBE6E6BEAC4F64BF5D9AE7BEB4
:1089D000212264BF9C4DE8BE73F463BFB700E9BEBB
:1089E000A1C663BFAEB3E9BEAC9863BF8166EABE01
:1089F000956A63BF3019EBBE5A3C63BFBBCBEBBE7D
:108A0000FC0D63BF217EECBE7BDF62BF6330EDBE39
:108A1000D7B062BF80E2EDBE108262BF7994EEBE35
:108A2000265362BF4C46EFBE1A2462BFFBF7EFBE6F
:108A3000EAF461BF85A9F0BE98C561BFEA5AF1BEEC
:108A4000229661BF290CF2BE8A6661BF43BDF2BEA9
:108A5000D03661BF386EF3BEF20661BF071FF4BEA9
:108A6000F2D660BFB1CFF4BECFA660BF3580F5BEF1
:108A7000897660BF9330F6BE214660BFCBE0F6BE7C
:108A8000961560BFDC90F7BEE9E45FBFC840F8BE52
:108A900019B45FBF8EF0F8BE27835FBF2DA0F9BE6B
:108AA00012525FBFA54FFABEDB205FBFF7FEFABED2
:108AB00081EF5EBF22AEFBBE05BE5EBF275DFCBE82
:108AC000678C5EBF040CFDBEA65A5EBFBBBAFDBE7E
:108AD000C3285EBF4A69FEBEBEF65DBFB217FFBEC9
:108AE00097C45DBFF3C5FFBE4D925DBF063A00BFA0
:108AF000E15F5DBFFF9000BF532D5DBFE4E700BFA6
:108B0000A3FA5CBFB53E01BFD1C75CBF739501BF7F
:108B1000DD945CBF1CEC01BFC7615CBFB14202BF0A
:108B20008E2E5CBF329902BF34FB5BBF9FEF02BF4A
:108B3000B8C75BBFF84503BF1A945BBF3D9C03BF3A
:108B40005A605BBF6DF203BF792C5BBF894804BFDD
:108B500075F85ABF919E04BF50C45ABF84F404BF35
:108B600009905ABF624A05BFA05B5ABF2CA005BF3F
:108B700016275ABFE2F505BF6AF259BF824B06BFFE
:108B80009CBD59BF0EA106BFAD8859BF86F606BF72
:108B90009C5359BFE84B07BF6A1E59BF36A107BF98
:108BA00017E958BF6FF607BFA1B358BF924B08BF74
:108BB0000B7E58BFA1A008BF534858BF9BF508BF04
:108BC000791258BF7F4A09BF7FDC57BF4E9F09BF4C
:108BD00063A657BF09F409BF267057BFAD480ABF47
:108BE000C73957BF3D9D0ABF480357BFB7F10ABFFA
:108BF000A7CC56BF1C460BBFE59556BF6B9A0BBF63
:108C0000025F56BFA5EE0BBFFE2756BFC9420CBF81
:108C1000D9F055BFD7960CBF93B955BFD0EA0CBF5A
:108C20002C8255BFB33E0DBFA44A55BF81920DBFE4
:108C3000FB1255BF38E60DBF31DB54BFDA390EBF2A
:108C400047A354BF658D0EBF3B6B54BFDBE00EBF27
:108C50000F3354BF3B340FBFC3FA53BF84870FBFDA
:108C600055C253BFB8DA0FBFC78953BFD52D10BF48
:108C7000185153BFDC8010BF491853BFCDD310BF6C
:108C800059DF52BFA72611BF49A652BF6B7911BF4A
:108C9000186D52BF19CC11BFC63352BFB01E12BFE0
:108CA00054FA51BF307112BFC2C051BF9AC312BF34
:108CB000108751BFEE1513BF3D4D51BF2A6813BF3A
:108CC0004A1351BF50BA13BF37D950BF5F0C14BFFE
:108CD000039F50BF585E14BFAF6450BF39B014BF7C
:108CE0003B2A50BF040215BFA8EF4FBFB75315BFB3
:108CF000F4B44FBF54A515BF1F7A4FBFD9F615BFA7
:108D00002B3F4FBF474816BF17044FBF9F9916BF51
:108D1000E4C84EBFDFEA16BF908D4EBF073C17BFB9
:108D20001C524EBF188D17BF89164EBF12DE17BFDB
:108D3000D5DA4DBFF52E18BF029F4DBFC07F18BFBB
:108D400010634DBF73D018BFFD264DBF0F2119BF53
:108D5000CBEA4CBF947119BF79AE4CBF00C219BFAA
:108D600008724CBF55121ABF78354CBF93621ABFB8
:108D7000C7F84BBFB8B21ABFF8BB4BBFC6021BBF88
:108D8000097F4BBFBB521BBFFA414BBF99A21BBF10
:108D9000CC044BBF5FF21BBF7FC74ABF0C421CBF56
:108DA000138A4ABFA2911CBF874C4ABF1FE11CBF58
:108DB000DC0E4ABF84301DBF12D149BFD17F1DBF19
:108DC000299349BF06CF1DBF215549BF221E1EBF93
:108DD000FA1649BF266D1EBFB3D848BF12BC1EBFCE
:108DE0004E9A48BFE50A1FBFCA5B48BF9F591FBFC5
:108DF000271D48BF41A81FBF65DE47BFCBF61FBF79
:108E0000849F47BF3B4520BF856047BF939320BFEA
:108E1000672147BFD2E120BF2AE246BFF92F21BF19
:108E2000CEA246BF067E21BF546346BFFBCB21BF07
:108E3000BB2346BFD71922BF03E445BF996722BFB2
:108E40002DA445BF43B522BF396445BFD30223BF1C
:108E5000262445BF4B5023BFF5E344BFA99D23BF44
:108E6000A5A344BFEEEA23BF376344BF1A3824BF2B
:108E7000AB2244BF2C8524BF00E243BF25D224BFD0
:108E800038A143BF041F25BF516043BFCB6B25BF33
:108E90004C1F43BF77B825BF29DE42BF0A0526BF56
:108EA000E89C42BF845126BF895B42BFE39D26BF39
:108EB0000B1A42BF2AEA26BF70D841BF563627BFD9
:108EC000B79641BF688227BFE15441BF61CE27BF3B
:108ED000EC1241BF401A28BFDAD040BF056628BF58
:108EE000A98E40BFB0B128BF5C4C40BF41FD28BF38
:108EF000F00940BFB84829BF67C73FBF159429BFD5
:108F0000C0843FBF57DF29BFFC413FBF802A2ABF33
:108F10001BFF3EBF8E752ABF1BBC3EBF82C02ABF4F
:108F2000FF783EBF5B0B2BBFC5353EBF1B562BBF2B
:108F30006EF23DBFBFA02BBFF9AE3DBF4AEB2BBFCA
:108F4000676B3DBFB9352CBFB8273DBF0F802CBF25
:108F5000ECE33CBF49CA2CBF03A03CBF69142DBF42
:108F6000FC5B3CBF6F5E2DBFD9173CBF59A82DBF1E
:108F700098D33BBF29F22DBF3B8F3BBFDE3B2EBFBB
:108F8000C14A3BBF78852EBF29063BBFF7CE2EBF17
:108F900075C13ABF5B182FBFA47C3ABFA5612FBF34
:108FA000B7373ABFD3AA2FBFACF239BFE6F32FBF12
:108FB00085AD39BFDE3C30BF426839BFBB8530BFAD
:108FC000E12239BF7CCE30BF65DD38BF221731BF0B
:108FD000CB9738BFAD5F31BF165238BF1DA831BF28
:108FE000430C38BF71F031BF55C637BFAA3832BF06
:108FF0004A8037BFC78032BF233A37BFC9C832BFA4
:10900000DFF336BFAF1033BF7FAD36BF7A5833BF03
:10901000046736BF29A033BF6C2036BFBCE733BF1F
:10902000B8D935BF342F34BFE79235BF8F7634BF00
:10903000FB4B35BFCFBD34BFF30435BFF30435BFA1
:10904000CFBD34BFFB4B35BF8F7634BFE79235BF02
:10905000342F34BFB8D935BFBCE733BF6C2036BF1F
:1090600029A033BF046736BF7A5833BF7FAD36BF00
:10907000AF1033BFDFF336BFC9C832BF233A37BFA3
:10908000C78032BF4A8037BFAA3832BF55C637BF04
:1090900071F031BF430C38BF1DA831BF165238BF25
:1090A000AD5F31BFCB9738BF221731BF65DD38BF09
:1090B0007CCE30BFE12239BFBB8530BF426839BFAB
:1090C000DE3C30BF85AD39BFE6F32FBFACF239BF10
:1090D000D3AA2FBFB7373ABFA5612FBFA47C3ABF31
:1090E0005B182FBF75C13ABFF7CE2EBF29063BBF15
:1090F00078852EBFC14A3BBFDE3B2EBF3B8F3BBFB7
:1091000029F22DBF98D33BBF59A82DBFD9173CBF1B
:109110006F5E2DBFFC5B3CBF69142DBF03A03CBF3D
:1091200049CA2CBFECE33CBF0F802CBFB8273DBF22
:10913000B9352CBF676B3DBF4AEB2BBFF9AE3DBFC6
:10914000BFA02BBF6EF23DBF1B562BBFC5353EBF28
:109150005B0B2BBFFF783EBF82C02ABF1BBC3EBF4C
:109160008E752ABF1BFF3EBF802A2ABFFC413FBF2E
:1091700057DF29BFC0843FBF159429BF67C73FBFD2
:10918000B84829BFF00940BF41FD28BF5C4C40BF33
:10919000B0B128BFA98E40BF056628BFDAD040BF56
:1091A000401A28BFEC1241BF61CE27BFE15441BF36
:1091B000688227BFB79641BF563627BF70D841BFD8
:1091C0002AEA26BF0B1A42BFE39D26BF895B42BF36
:1091D000845126BFE89C42BF0A0526BF29DE42BF54
:1091E00077B825BF4C1F43BFCB6B25BF516043BF32
:1091F000041F25BF38A143BF25D224BF00E243BFCF
:109200002C8524BFAB2244BF1A3824BF376344BF28
:10921000EEEA23BFA5A344BFA99D23BFF5E344BF46
:109220004B5023BF262445BFD30223BF396445BF1B
:1092300043B522BF2DA445BF996722BF03E445BFB4
:10924000D71922BFBB2346BFFBCB21BF546346BF08
:10925000067E21BFCEA246BFF92F21BF2AE246BF1C
:10926000D2E120BF672147BF939320BF856047BFEE
:109270003B4520BF849F47BFCBF61FBF65DE47BF7E
:1092800041A81FBF271D48BF9F591FBFCA5B48BFCA
:10929000E50A1FBF4E9A48BF12BC1EBFB3D848BFD5
:1092A000266D1EBFFA1649BF221E1EBF215549BF9B
:1092B00006CF1DBF299349BFD17F1DBF12D149BF22
:1092C00084301DBFDC0E4ABF1FE11CBF874C4ABF64
:1092D000A2911CBF138A4ABF0C421CBF7FC74ABF62
:1092E0005FF21BBFCC044BBF99A21BBFFA414BBF1F
:1092F000BB521BBF097F4BBFC6021BBFF8BB4BBF96
:10930000B8B21ABFC7F84BBF93621ABF78354CBFCB
:1093100055121ABF08724CBF00C219BF79AE4CBFBC
:10932000947119BFCBEA4CBF0F2119BFFD264DBF69
:1093300073D018BF10634DBFC07F18BF029F4DBFD1
:10934000F52E18BFD5DA4DBF12DE17BF89164EBFF6
:10935000188D17BF1C524EBF073C17BF908D4EBFD4
:10936000DFEA16BFE4C84EBF9F9916BF17044FBF70
:10937000474816BF2B3F4FBFD9F615BF1F7A4FBFC7
:1093800054A515BFF4B44FBFB75315BFA8EF4FBFD7
:10939000040215BF3B2A50BF39B014BFAF6450BFA1
:1093A000585E14BF039F50BF5F0C14BF37D950BF26
:1093B00050BA13BF4A1351BF2A6813BF3D4D51BF66
:1093C000EE1513BF108751BF9AC312BFC2C051BF61
:1093D000307112BF54FA51BFB01E12BFC63352BF14
:1093E00019CC11BF186D52BF6B7911BF49A652BF7E
:1093F000A72611BF59DF52BFCDD310BF491853BFA5
:10940000DC8010BF185153BFD52D10BFC78953BF83
:10941000B8DA0FBF55C253BF84870FBFC3FA53BF1B
:109420003B340FBF0F3354BFDBE00EBF3B6B54BF69
:10943000658D0EBF47A354BFDA390EBF31DB54BF71
:1094400038E60DBFFB1255BF81920DBFA44A55BF30
:10945000B33E0DBF2C8255BFD0EA0CBF93B955BFA8
:10946000D7960CBFD9F055BFC9420CBFFE2756BFD7
:10947000A5EE0BBF025F56BF6B9A0BBFE59556BFBB
:109480001C460BBFA7CC56BFB7F10ABF480357BF56
:109490003D9D0ABFC73957BFAD480ABF267057BFA9
:1094A00009F409BF63A657BF4E9F09BF7FDC57BFB2
:1094B0007F4A09BF791258BF9BF508BF534858BF70
:1094C000A1A008BF0B7E58BF924B08BFA1B358BFE5
:1094D0006FF607BF17E958BF36A107BF6A1E59BF0D
:1094E000E84B07BF9C5359BF86F606BFAD8859BFEE
:1094F0000EA106BF9CBD59BF824B06BF6AF259BF81
:10950000E2F505BF16275ABF2CA005BFA05B5ABFC6
:10951000624A05BF09905ABF84F404BF50C45ABFC1
:10952000919E04BF75F85ABF894804BF792C5BBF70
:109530006DF203BF5A605BBF3D9C03BF1A945BBFD3
:10954000F84503BFB8C75BBF9FEF02BF34FB5BBFEB
:10955000329902BF8E2E5CBFB14202BFC7615CBFB1
:109560001CEC01BFDD945CBF739501BFD1C75CBF2C
:10957000B53E01BFA3FA5CBFE4E700BF532D5DBF5A
:10958000FF9000BFE15F5DBF063A00BF4D925DBF37
:10959000F3C5FFBE97C45DBFB217FFBEBEF65DBF89
:1095A0004A69FEBEC3285EBFBBBAFDBEA65A5EBFF7
:1095B000040CFDBE678C5EBF275DFCBE05BE5EBFB2
:1095C00022AEFBBE81EF5EBFF7FEFABEDB205FBFBF
:1095D000A54FFABE12525FBF2DA0F9BE27835FBF11
:1095E0008EF0F8BE19B45FBFC840F8BEE9E45FBFB3
:1095F000DC90F7BE961560BFCBE0F6BE214660BF9B
:109600009330F6BE897660BF3580F5BECFA660BFC9
:10961000B1CFF4BEF2D660BF071FF4BEF20661BF41
:10962000386EF3BED03661BF43BDF2BE8A6661BFFD
:10963000290CF2BE229661BFEA5AF1BE98C561BFFD
:1096400085A9F0BEEAF461BFFBF7EFBE1A2462BF42
:109650004C46EFBE265362BF7994EEBE108262BFC5
:1096600080E2EDBED7B062BF6330EDBE7BDF62BF8C
:10967000217EECBEFC0D63BFBBCBEBBE5A3C63BF8F
:109680003019EBBE956A63BF8166EABEAC9863BFD2
:10969000AEB3E9BEA1C663BFB700E9BE73F463BF52
:1096A0009C4DE8BE212264BF5D9AE7BEAC4F64BF0B
:1096B000FBE6E6BE147D64BF7533E6BE59AA64BFFF
:1096C000CB7FE5BE7BD764BFFECBE4BE790465BF2C
:1096D0000E18E4BE543165BFFA63E3BE0B5E65BF8E
:1096E000C4AFE2BEA08A65BF6AFBE1BE10B765BF2A
:1096F000EE46E1BE5EE365BF4F92E0BE880F66BFF7
:109700008DDDDFBE8E3B66BFA928DFBE716766BFF9
:10971000A273DEBE309366BF79BEDDBECCBE66BF2F
:109720002E09DDBE45EA66BFC153DCBE991567BF91
:10973000319EDBBECA4067BF80E8DABED86B67BF28
:10974000AD32DABEC19667BFB97CD9BE87C167BFEB
:10975000A3C6D8BE2AEC67BF6B10D8BEA81668BFD8
:10976000135AD7BE034168BF99A3D6BE396B68BFF1
:10977000FDECD5BE4C9568BF4136D5BE3CBF68BF39
:10978000647FD4BE07E968BF67C8D3BEAE1269BFA5
:109790004811D3BE323C69BF095AD2BE916569BF38
:1097A000AAA2D1BECC8E69BF2AEBD0BEE4B769BFF6
:1097B0008A33D0BED7E069BFCA7BCFBEA7096ABFD4
:1097C000EAC3CEBE52326ABFEA0BCEBED95A6ABFD6
:1097D000CA53CDBE3C836ABF8B9BCCBE7BAB6ABFFA
:1097E0002CE3CBBE95D36ABFAE2ACBBE8CFB6ABF3F
:1097F0001072CABE5E236BBF53B9C9BE0C4B6BBFA0
:109800007700C9BE95726BBF7C47C8BEFB996BBF22
:10981000628EC7BE3BC16BBF29D5C6BE58E86BBFC1
:10982000D21BC6BE500F6CBF5C62C5BE24366CBF77
:10983000C8A8C4BED45C6CBF15EFC3BE5E836CBF4A
:109840004435C3BEC5A96CBF557BC2BE07D06CBF33
:1098500048C1C1BE24F66CBF1E07C1BE1D1C6DBF32
:10986000D54CC0BEF2416DBF6F92BFBEA1676DBF48
:10987000EBD7BEBE2D8D6DBF4A1DBEBE93B26DBF70
:109880008B62BDBED5D76DBFAFA7BCBEF2FC6DBFAE
:10989000B6ECBBBEEB216EBFA031BBBEBE466EBFF9
:1098A0006E76BABE6D6B6EBF1EBBB9BEF88F6EBF53
:1098B000B2FFB8BE5DB46EBF2A44B8BE9ED86EBFBC
:1098C0008488B7BEBAFC6EBFC3CCB6BEB0206FBF33
:1098D000E610B6BE83446FBFEC54B5BE30686FBFB0
:1098E000D698B4BEB88B6FBFA5DCB3BE1BAF6FBF3D
:1098F0005820B3BE5AD26FBFEF63B2BE73F56FBFCD
:109900006BA7B1BE671870BFCBEAB0BE373B70BF64
:10991000102EB0BEE15D70BF3A71AFBE668070BF01
:1099200049B4AEBEC6A270BF3CF7ADBE02C570BFA3
:10993000153AADBE17E770BFD47CACBE080971BF45
:1099400077BFABBED42A71BF0102ABBE7A4C71BFE8
:109950006F44AABEFB6D71BFC486A9BE578F71BF8D
:10996000FEC8A8BE8EB071BF1F0BA8BE9FD171BF2D
:10997000254DA7BE8CF271BF128FA6BE521372BFC7
:10998000E5D0A5BEF43372BF9F12A5BE705472BF5E
:109990003F54A4BEC77472BFC595A3BEF89472BFEE
:1099A00033D7A2BE04B572BF8718A2BEEBD472BF74
:1099B000C259A1BEACF472BFE59AA0BE471473BFF2
:1099C000EEDB9FBEBE3373BFDF1C9FBE0E5373BF63
:1099D000B85D9EBE397273BF789E9DBE3F9173BFC6
:1099E00020DF9CBE1FB073BFAF1F9CBED9CE73BF1C
:1099F00027609BBE6EED73BF86A09ABEDD0B74BF61
:109A0000CEE099BE272A74BFFE2099BE4B4874BF92
:109A1000166198BE496674BF17A197BE228474BFB1
:109A200000E196BED5A174BFD22096BE62BF74BFBE
:109A30008D6095BEC9DC74BF31A094BE0BFA74BFB3
:109A4000BFDF93BE271775BF351F93BE1D3475BF8B
:109A5000945E92BEED5075BFDD9D91BE976D75BF52
:109A600010DD90BE1C8A75BF2C1C90BE7BA675BFF6
:109A7000325B8FBEB3C275BF229A8EBEC6DE75BF83
:109A8000FCD88DBEB3FA75BFC0178DBE7A1676BFEF
:109A90006E568CBE1B3276BF07958BBE974D76BF38
:109AA0008AD38ABEEC6876BFF8118ABE1B8476BF63
:109AB000505089BE249F76BF938E88BE07BA76BF6A
:109AC000C1CC87BEC4D476BFDA0A87BE5BEF76BF4F
:109AD000DF4886BECC0977BFCE8685BE172477BF08
:109AE000AAC484BE3C3E77BF700284BE3A5877BF9A
:109AF000224083BE137277BFC07D82BEC58B77BF05
:109B00004ABB81BE51A577BFC0F880BEB7BE77BF44
:109B1000223680BEF7D777BFE1E67EBE10F177BF71
:109B200056617DBE040A78BFA4DB7BBED12278BF1C
:109B3000CB557ABE773B78BFCCCF78BEF85378BF91
:109B4000A64977BE526C78BF5AC375BE868478BF6B
:109B5000E83C74BE939C78BF51B672BE7BB478BFAC
:109B6000942F71BE3BCC78BFB2A86FBED6E378BF4E
:109B7000AB216EBE4AFB78BF7F9A6CBE981279BF4C
:109B80002F136BBEBF2979BFBA8B69BEC04079BFA6
:109B9000220468BE9A5779BF667C66BE4E6E79BF56
:109BA00086F464BEDC8479BF836C63BE439B79BF5B
:109BB0005CE461BE83B179BF135C60BE9DC779BFB1
:109BC000A8D35EBE91DD79BF1A4B5DBE5EF379BF4F
:109BD0006AC25BBE04097ABF97395ABE841E7ABF37
:109BE000A4B058BEDD337ABF8F2757BE10497ABF65
:109BF000589E55BE1C5E7ABF011554BE02737ABFD3
:109C0000898B52BEC1877ABFF10151BE599C7ABF80
:109C100038784FBECBB07ABF60EE4DBE16C57ABF66
:109C200067644CBE3AD97ABF4FDA4ABE37ED7ABF85
:109C3000185049BE0E017BBFC2C547BEBE147BBFD4
:109C40004D3B46BE48287BBFB9B044BEAB3B7BBF53
:109C5000072643BEE74E7BBF379B41BEFC617BBFFF
:109C6000491040BEEA747BBF3E853EBEB2877BBFD3
:109C700015FA3CBE539A7BBFCF6E3BBECDAC7BBFCB
:109C80006CE339BE20BF7BBFEC5738BE4DD17BBFE4
:109C900050CC36BE53E37BBF984035BE31F57BBF19
:109CA000C4B433BEE9067CBFD42832BE7A187CBF68
:109CB000C99C30BEE5297CBFA2102FBE283B7CBFCB
:109CC00061842DBE444C7CBF04F82BBE3A5D7CBF42
:109CD0008D6B2ABE086E7CBFFCDE28BEB07E7CBFCA
:109CE000515227BE318F7CBF8CC525BE8A9F7CBF59
:109CF000AD3824BEBDAF7CBFB6AB22BEC9BF7CBFF2
:109D0000A51E21BEAECF7CBF7B911FBE6CDF7CBF8A
:109D100038041EBE03EF7CBFDE761CBE73FE7CBF24
:109D20006BE91ABEBC0D7DBFE05B19BEDD1C7DBFBB
:109D30003DCE17BED82B7DBF834016BEAC3A7DBF4B
:109D4000B2B214BE59497DBFCA2413BEDE577DBFCF
:109D5000CC9611BE3D667DBFB70810BE74747DBF42
:109D60008B7A0EBE85827DBF4AEC0CBE6E907DBFA5
:109D7000F35D0BBE309E7DBF86CF09BECCAB7DBFF1
:109D8000054108BE40B97DBF6EB206BE8CC67DBF20
:109D9000C22305BEB2D37DBF029503BEB1E07DBF35
:109DA0002E0602BE88ED7DBF457700BE38FA7DBF26
:109DB00092D0FDBDC2067EBF73B2FABD24137EBF32
:109DC0002C94F7BD5E1F7EBFC075F4BD722B7EBFA5
:109DD0002E57F1BD5E377EBF7638EEBD23437EBF82
:109DE0009A19EBBDC14E7EBF9AFAE7BD385A7EBFC5
:109DF00076DBE4BD88657EBF2EBCE1BDB0707EBF62
:109E0000C49CDEBDB17B7EBF377DDBBD8B867EBF54
:109E1000895DD8BD3D917EBFB93DD5BDC99B7EBF93
:109E2000C81DD2BD2DA67EBFB7FDCEBD69B07EBF19
:109E300086DDCBBD7FBA7EBF36BDC8BD6DC47EBFDB
:109E4000C69CC5BD34CE7EBF397CC2BDD4D77EBFD3
:109E50008D5BBFBD4CE17EBFC33ABCBD9DEA7EBFFA
:109E6000DD19B9BDC7F37EBFDAF8B5BDC9FC7EBF49
:109E7000BBD7B2BDA4057FBF80B6AFBD580E7FBFB4
:109E80002B95ACBDE4167FBFBA73A9BD491F7FBF38
:109E90003052A6BD87277FBF8C30A3BD9D2F7FBFCB
:109EA000CF0EA0BD8D377FBFF9EC9CBD543F7FBF67
:109EB0000ACB99BDF4467FBF05A996BD6D4E7FBF05
:109EC000E78693BDBF557FBFB46490BDE95C7FBF9B
:109ED0006A428DBDEC637FBF0A208ABDC76A7FBF1F
:109EE00094FD86BD7B717FBF0ADB83BD08787FBF91
:109EF0006CB880BD6D7E7FBF742B7BBDAB847FBF94
:109F0000E9E574BDC28A7FBF38A06EBDB1907FBF46
:109F1000625A68BD78967FBF681462BD189C7FBF87
:109F20004CCE5BBD91A17FBF0E8855BDE3A67FBF20
:109F3000AF414FBD0DAC7FBF2FFB48BD0FB17FBF01
:109F400091B442BDEAB57FBFD56D3CBD9EBA7FBF1F
:109F5000FC2636BD2ABF7FBF07E02FBD8FC37FBF62
:109F6000F69829BDCCC77FBFCC5123BDE2CB7FBFC4
:109F7000880A1DBDD1CF7FBF2CC316BD98D37FBF2C
:109F8000B87B10BD37D77FBF2F340ABDAFDA7FBF94
:109F900090EC03BD00DE7FBFB949FBBC29E17FBF68
:109FA0002DBAEEBC2BE47FBF7B2AE2BC05E77FBF66
:109FB000A69AD5BCB8E97FBFB00AC9BC43EC7FBF45
:109FC0009B7ABCBCA7EE7FBF69EAAFBCE3F07FBF62
:109FD0001C5AA3BCF8F27FBFB6C996BCE6F47FBF9B
:109FE00038398ABCACF67FBF4B517BBC4AF87FBF87
:109FF000003062BCC1F97FBF900E49BC11FB7FBF2E
:10A0000002ED2FBC39FC7FBF59CB16BC39FD7FBF99
:10A010003053FBBB13FE7FBF890FC9BBC4FE7FBF9C
:10A02000C1CB96BB4EFF7FBFC70F49BBB1FF7FBF00
:10A03000D40FC9BAECFF7FBF00000080000080BFD2
:10A04000D40FC93AECFF7FBFC70F493BB1FF7FBFB9
:10A05000C1CB963B4EFF7FBF890FC93BC4FE7FBF7C
:10A060003053FB3B13FE7FBF59CB163C39FD7FBFFE
:10A0700002ED2F3C39FC7FBF900E493C11FB7FBFA6
:10A080000030623CC1F97FBF4B517B3C4AF87FBF37
:10A0900038398A3CACF67FBFB6C9963CE6F47FBF40
:10A0A0001C5AA33CF8F27FBF69EAAF3CE3F07FBFE4
:10A0B0009B7ABC3CA7EE7FBFB00AC93C43EC7FBF94
:10A0C000A69AD53CB8E97FBF7B2AE23C05E77FBF73
:10A0D0002DBAEE3C2BE47FBFB949FB3C29E17FBFA1
:10A0E00090EC033D00DE7FBF2F340A3DAFDA7FBF27
:10A0F000B87B103D37D77FBF2CC3163D98D37FBFA9
:10A10000880A1D3DD1CF7FBFCC51233DE2CB7FBF1D
:10A11000F698293DCCC77FBF07E02F3D8FC37FBF97
:10A12000FC26363D2ABF7FBFD56D3C3D9EBA7FBF22
:10A1300091B4423DEAB57FBF2FFB483D0FB17FBFD1
:10A14000AF414F3D0DAC7FBF0E88553DE3A67FBFAD
:10A150004CCE5B3D91A17FBF6814623D189C7FBFD0
:10A16000625A683D78967FBF38A06E3DB1907FBF40
:10A17000E9E5743DC28A7FBF742B7B3DAB847FBF12
:10A180006CB8803D6D7E7FBF0ADB833D08787FBF62
:10A1900094FD863D7B717FBF0A208A3DC76A7FBFE1
:10A1A0006A428D3DEC637FBFB464903DE95C7FBF44
:10A1B000E786933DBF557FBF05A9963D6D4E7FBF96
:10A1C0000ACB993DF4467FBFF9EC9C3D543F7FBFDD
:10A1D000CF0EA03D8D377FBF8C30A33D9D2F7FBF1D
:10A1E0003052A63D87277FBFBA73A93D491F7FBF65
:10A1F0002B95AC3DE4167FBF80B6AF3D580E7FBFB8
:10A20000BBD7B23DA4057FBFDAF8B53DC9FC7EBF20
:10A21000DD19B93DC7F37EBFC33ABC3D9DEA7EBFA1
:10A220008D5BBF3D4CE17EBF397CC23DD4D77EBF44
:10A23000C69CC53D34CE7EBF36BDC83D6DC47EBF15
:10A2400086DDCB3D7FBA7EBFB7FDCE3D69B07EBF18
:10A25000C81DD23D2DA67EBFB93DD53DC99B7EBF51
:10A26000895DD83D3D917EBF377DDB3D8B867EBFCE
:10A27000C49CDE3DB17B7EBF2EBCE13DB0707EBF95
:10A2800076DBE43D88657EBF9AFAE73D385A7EBFAB
:10A290009A19EB3DC14E7EBF7638EE3D23437EBF1B
:10A2A0002E57F13D5E377EBFC075F43D722B7EBFE9
:10A2B0002C94F73D5E1F7EBF73B2FA3D24137EBF20
:10A2C00092D0FD3DC2067EBF4577003E38FA7DBF85
:10A2D0002E06023E88ED7DBF0295033EB1E07DBFB4
:10A2E000C223053EB2D37DBF6EB2063E8CC67DBF93
:10A2F0000541083E40B97DBF86CF093ECCAB7DBF4E
:10A30000F35D0B3E309E7DBF4AEC0C3E6E907DBFF0
:10A310008B7A0E3E85827DBFB708103E74747DBF78
:10A32000CC96113E3D667DBFCA24133EDE577DBFED
:10A33000B2B2143E59497DBF8340163EAC3A7DBF50
:10A340003DCE173ED82B7DBFE05B193EDD1C7DBFA7
:10A350006BE91A3EBC0D7DBFDE761C3E73FE7CBFF2
:10A3600038041E3E03EF7CBF7B911F3E6CDF7CBF39
:10A37000A51E213EAECF7CBFB6AB223EC9BF7CBF7F
:10A38000AD38243EBDAF7CBF8CC5253E8A9F7CBFC7
:10A390005152273E318F7CBFFCDE283EB07E7CBF11
:10A3A0008D6B2A3E086E7CBF04F82B3E3A5D7CBF65
:10A3B00061842D3E444C7CBFA2102F3E283B7CBFC5
:10A3C000C99C303EE5297CBFD428323E7A187CBF38
:10A3D000C4B4333EE9067CBF9840353E31F57BBFBF
:10A3E00050CC363E53E37BBFEC57383E4DD17BBF5C
:10A3F0006CE3393E20BF7BBFCF6E3B3ECDAC7BBF15
:10A4000015FA3C3E539A7BBF3E853E3EB2877BBFEA
:10A410004910403EEA747BBF379B413EFC617BBFE5
:10A420000726433EE74E7BBFB9B0443EAB3B7BBF04
:10A430004D3B463E48287BBFC2C5473EBE147BBF4E
:10A440001850493E0E017BBF4FDA4A3E37ED7ABFC6
:10A4500067644C3E3AD97ABF60EE4D3E16C57ABF6E
:10A4600038784F3ECBB07ABFF101513E599C7ABF4C
:10A47000898B523EC1877ABF0115543E02737ABF61
:10A48000589E553E1C5E7ABF8F27573E10497ABFB3
:10A49000A4B0583EDD337ABF97395A3E841E7ABF46
:10A4A0006AC25B3E04097ABF1A4B5D3E5EF379BF18
:10A4B000A8D35E3E91DD79BF135C603E9DC779BF36
:10A4C0005CE4613E83B179BF836C633E439B79BF9B
:10A4D00086F4643EDC8479BF667C663E4E6E79BF4E
:10A4E0002204683E9A5779BFBA8B693EC04079BF53
:10A4F0002F136B3EBF2979BF7F9A6C3E981279BFAC
:10A50000AB216E3E4AFB78BFB2A86F3ED6E378BF60
:10A51000942F713E3BCC78BF51B6723E7BB478BF6E
:10A52000E83C743E939C78BF5AC3753E868478BFDE
:10A53000A649773E526C78BFCCCF783EF85378BFAF
:10A54000CB557A3E773B78BFA4DB7B3ED12278BFE8
:10A5500056617D3E040A78BFE1E67E3E10F177BF8A
:10A560002236803EF7D777BFC0F8803EB7BE77BFB0
:10A570004ABB813E51A577BFC07D823EC58B77BF68
:10A580002240833E137277BF7002843E3A5877BFF1
:10A59000AAC4843E3C3E77BFCE86853E172477BF53
:10A5A000DF48863ECC0977BFDA0A873E5BEF76BF8D
:10A5B000C1CC873EC4D476BF938E883E07BA76BF9F
:10A5C0005050893E249F76BFF8118A3E1B8476BF87
:10A5D0008AD38A3EEC6876BF07958B3E974D76BF4F
:10A5E0006E568C3E1B3276BFC0178D3E7A1676BFF4
:10A5F000FCD88D3EB3FA75BF229A8E3EC6DE75BF7B
:10A60000325B8F3EB3C275BF2C1C903E7BA675BFDC
:10A6100010DD903E1C8A75BFDD9D913E976D75BF24
:10A62000945E923EED5075BF351F933E1D3475BF4D
:10A63000BFDF933E271775BF31A0943E0BFA74BF5E
:10A640008D60953EC9DC74BFD220963E62BF74BF58
:10A6500000E1963ED5A174BF17A1973E228474BF36
:10A660001661983E496674BFFE20993E4B4874BF00
:10A67000CEE0993E272A74BF86A09A3EDD0B74BFB8
:10A6800027609B3E6EED73BFAF1F9C3ED9CE73BF5C
:10A6900020DF9C3E1FB073BF789E9D3E3F9173BFED
:10A6A000B85D9E3E397273BFDF1C9F3E0E5373BF71
:10A6B000EEDB9F3EBE3373BFE59AA03E471473BFE7
:10A6C000C259A13EACF472BF8718A23EEBD472BF50
:10A6D00033D7A23E04B572BFC595A33EF89472BFAE
:10A6E0003F54A43EC77472BF9F12A53E705472BF00
:10A6F000E5D0A53EF43372BF128FA63E521372BF4F
:10A70000254DA73E8CF271BF1F0BA83E9FD171BF94
:10A71000FEC8A83E8EB071BFC486A93E578F71BFD8
:10A720006F44AA3EFB6D71BF0102AB3E7A4C71BF14
:10A7300077BFAB3ED42A71BFD47CAC3E080971BF51
:10A74000153AAD3E17E770BF3CF7AD3E02C570BF8E
:10A7500049B4AE3EC6A270BF3A71AF3E668070BFCC
:10A76000102EB03EE15D70BFCBEAB03E373B70BF0C
:10A770006BA7B13E671870BFEF63B23E73F56FBF52
:10A780005820B33E5AD26FBFA5DCB33E1BAF6FBF9C
:10A79000D698B43EB88B6FBFEC54B53E30686FBFEF
:10A7A000E610B63E83446FBFC3CCB63EB0206FBF49
:10A7B0008488B73EBAFC6EBF2A44B83E9ED86EBFAE
:10A7C000B2FFB83E5DB46EBF1EBBB93EF88F6EBF20
:10A7D0006E76BA3E6D6B6EBFA031BB3EBE466EBF9D
:10A7E000B6ECBB3EEB216EBFAFA7BC3EF2FC6DBF2B
:10A7F0008B62BD3ED5D76DBF4A1DBE3E93B26DBFC5
:10A80000EBD7BE3E2D8D6DBF6F92BF3EA1676DBF72
:10A81000D54CC03EF2416DBF1E07C13E1D1C6DBF31
:10A8200048C1C13E24F66CBF557BC23E07D06CBF09
:10A830004435C33EC5A96CBF15EFC33E5E836CBFF4
:10A84000C8A8C43ED45C6CBF5C62C53E24366CBFF5
:10A85000D21BC63E500F6CBF29D5C63E58E86BBF11
:10A86000628EC73E3BC16BBF7C47C83EFB996BBF46
:10A870007700C93E95726BBF53B9C93E0C4B6BBF95
:10A880001072CA3E5E236BBFAE2ACB3E8CFB6ABF02
:10A890002CE3CB3E95D36ABF8B9BCC3E7BAB6ABF90
:10A8A000CA53CD3E3C836ABFEA0BCE3ED95A6ABF3B
:10A8B000EAC3CE3E52326ABFCA7BCF3EA7096ABF07
:10A8C0008A33D03ED7E069BF2AEBD03EE4B769BFF8
:10A8D000AAA2D13ECC8E69BF095AD23E916569BF0A
:10A8E0004811D33E323C69BF67C8D33EAE1269BF40
:10A8F000647FD43E07E968BF4136D53E3CBF68BFA0
:10A90000FDECD53E4C9568BF99A3D63E396B68BF28
:10A91000135AD73E034168BF6B10D83EA81668BFD4
:10A92000A3C6D83E2AEC67BFB97CD93E87C167BFB2
:10A93000AD32DA3EC19667BF80E8DA3ED86B67BFBA
:10A94000319EDB3ECA4067BFC153DC3E991567BFED
:10A950002E09DD3E45EA66BF79BEDD3ECCBE66BF50
:10A96000A273DE3E309366BFA928DF3E716766BFE3
:10A970008DDDDF3E8E3B66BF4F92E03E880F66BFA7
:10A98000EE46E13E5EE365BF6AFBE13E10B765BFA0
:10A99000C4AFE23EA08A65BFFA63E33E0B5E65BFCB
:10A9A0000E18E43E543165BFFECBE43E790465BF2A
:10A9B000CB7FE53E7BD764BF7533E63E59AA64BFC3
:10A9C000FBE6E63E147D64BF5D9AE73EAC4F64BF94
:10A9D0009C4DE83E212264BFB700E93E73F463BF9B
:10A9E000AEB3E93EA1C663BF8166EA3EAC9863BFE1
:10A9F0003019EB3E956A63BFBBCBEB3E5A3C63BF5D
:10AA0000217EEC3EFC0D63BF6330ED3E7BDF62BF19
:10AA100080E2ED3ED7B062BF7994EE3E108262BF15
:10AA20004C46EF3E265362BFFBF7EF3E1A2462BF4F
:10AA300085A9F03EEAF461BFEA5AF13E98C561BFCC
:10AA4000290CF23E229661BF43BDF23E8A6661BF89
:10AA5000386EF33ED03661BF071FF43EF20661BF89
:10AA6000B1CFF43EF2D660BF3580F53ECFA660BFD1
:10AA70009330F63E897660BFCBE0F63E214660BF5C
:10AA8000DC90F73E961560BFC840F83EE9E45FBF32
:10AA90008EF0F83E19B45FBF2DA0F93E27835FBF4B
:10AAA000A54FFA3E12525FBFF7FEFA3EDB205FBFB2
:10AAB00022AEFB3E81EF5EBF275DFC3E05BE5EBF62
:10AAC000040CFD3E678C5EBFBBBAFD3EA65A5EBF5E
:10AAD0004A69FE3EC3285EBFB217FF3EBEF65DBFA9
:10AAE000F3C5FF3E97C45DBF063A003F4D925DBF80
:10AAF000FF90003FE15F5DBFE4E7003F532D5DBF86
:10AB0000B53E013FA3FA5CBF7395013FD1C75CBF5F
:10AB10001CEC013FDD945CBFB142023FC7615CBFEA
:10AB20003299023F8E2E5CBF9FEF023F34FB5BBF2A
:10AB3000F845033FB8C75BBF3D9C033F1A945BBF1A
:10AB40006DF2033F5A605BBF8948043F792C5BBFBD
:10AB5000919E043F75F85ABF84F4043F50C45ABF15
:10AB6000624A053F09905ABF2CA0053FA05B5ABF1F
:10AB7000E2F5053F16275ABF824B063F6AF259BFDE
:10AB80000EA1063F9CBD59BF86F6063FAD8859BF52
:10AB9000E84B073F9C5359BF36A1073F6A1E59BF78
:10ABA0006FF6073F17E958BF924B083FA1B358BF54
:10ABB000A1A0083F0B7E58BF9BF5083F534858BFE4
:10ABC0007F4A093F791258BF4E9F093F7FDC57BF2C
:10ABD00009F4093F63A657BFAD480A3F267057BF27
:10ABE0003D9D0A3FC73957BFB7F10A3F480357BFDA
:10ABF0001C460B3FA7CC56BF6B9A0B3FE59556BF43
:10AC0000A5EE0B3F025F56BFC9420C3FFE2756BF61
:10AC1000D7960C3FD9F055BFD0EA0C3F93B955BF3A
:10AC2000B33E0D3F2C8255BF81920D3FA44A55BFC4
:10AC300038E60D3FFB1255BFDA390E3F31DB54BF0A
:10AC4000658D0E3F47A354BFDBE00E3F3B6B54BF07
:10AC50003B340F3F0F3354BF84870F3FC3FA53BFBA
:10AC6000B8DA0F3F55C253BFD52D103FC78953BF28
:10AC7000DC80103F185153BFCDD3103F491853BF4C
:10AC8000A726113F59DF52BF6B79113F49A652BF2A
:10AC900019CC113F186D52BFB01E123FC63352BFC0
:10ACA0003071123F54FA51BF9AC3123FC2C051BF14
:10ACB000EE15133F108751BF2A68133F3D4D51BF1A
:10ACC00050BA133F4A1351BF5F0C143F37D950BFDE
:10ACD000585E143F039F50BF39B0143FAF6450BF5C
:10ACE0000402153F3B2A50BFB753153FA8EF4FBF93
:10ACF00054A5153FF4B44FBFD9F6153F1F7A4FBF87
:10AD00004748163F2B3F4FBF9F99163F17044FBF31
:10AD1000DFEA163FE4C84EBF073C173F908D4EBF99
:10AD2000188D173F1C524EBF12DE173F89164EBFBB
:10AD3000F52E183FD5DA4DBFC07F183F029F4DBF9B
:10AD400073D0183F10634DBF0F21193FFD264DBF33
:10AD50009471193FCBEA4CBF00C2193F79AE4CBF8A
:10AD600055121A3F08724CBF93621A3F78354CBF98
:10AD7000B8B21A3FC7F84BBFC6021B3FF8BB4BBF68
:10AD8000BB521B3F097F4BBF99A21B3FFA414BBFF0
:10AD90005FF21B3FCC044BBF0C421C3F7FC74ABF36
:10ADA000A2911C3F138A4ABF1FE11C3F874C4ABF38
:10ADB00084301D3FDC0E4ABFD17F1D3F12D149BFF9
:10ADC00006CF1D3F299349BF221E1E3F215549BF73
:10ADD000266D1E3FFA1649BF12BC1E3FB3D848BFAE
:10ADE000E50A1F3F4E9A48BF9F591F3FCA5B48BFA5
:10ADF00041A81F3F271D48BFCBF61F3F65DE47BF59
:10AE00003B45203F849F47BF9393203F856047BFCA
:10AE1000D2E1203F672147BFF92F213F2AE246BFF9
:10AE2000067E213FCEA246BFFBCB213F546346BFE7
:10AE3000D719223FBB2346BF9967223F03E445BF92
:10AE400043B5223F2DA445BFD302233F396445BFFC
:10AE50004B50233F262445BFA99D233FF5E344BF24
:10AE6000EEEA233FA5A344BF1A38243F376344BF0B
:10AE70002C85243FAB2244BF25D2243F00E243BFB0
:10AE8000041F253F38A143BFCB6B253F516043BF13
:10AE900077B8253F4C1F43BF0A05263F29DE42BF36
:10AEA0008451263FE89C42BFE39D263F895B42BF19
:10AEB0002AEA263F0B1A42BF5636273F70D841BFB9
:10AEC0006882273FB79641BF61CE273FE15441BF1B
:10AED000401A283FEC1241BF0566283FDAD040BF38
:10AEE000B0B1283FA98E40BF41FD283F5C4C40BF18
:10AEF000B848293FF00940BF1594293F67C73FBFB5
:10AF000057DF293FC0843FBF802A2A3FFC413FBF13
:10AF10008E752A3F1BFF3EBF82C02A3F1BBC3EBF2F
:10AF20005B0B2B3FFF783EBF1B562B3FC5353EBF0B
:10AF3000BFA02B3F6EF23DBF4AEB2B3FF9AE3DBFAA
:10AF4000B9352C3F676B3DBF0F802C3FB8273DBF05
:10AF500049CA2C3FECE33CBF69142D3F03A03CBF22
:10AF60006F5E2D3FFC5B3CBF59A82D3FD9173CBFFE
:10AF700029F22D3F98D33BBFDE3B2E3F3B8F3BBF9B
:10AF800078852E3FC14A3BBFF7CE2E3F29063BBFF7
:10AF90005B182F3F75C13ABFA5612F3FA47C3ABF14
:10AFA000D3AA2F3FB7373ABFE6F32F3FACF239BFF2
:10AFB000DE3C303F85AD39BFBB85303F426839BF8D
:10AFC0007CCE303FE12239BF2217313F65DD38BFEB
:10AFD000AD5F313FCB9738BF1DA8313F165238BF08
:10AFE00071F0313F430C38BFAA38323F55C637BFE6
:10AFF000C780323F4A8037BFC9C8323F233A37BF84
:10B00000AF10333FDFF336BF7A58333F7FAD36BFE3
:10B0100029A0333F046736BFBCE7333F6C2036BFFF
:10B02000342F343FB8D935BF8F76343FE79235BFE0
:10B03000CFBD343FFB4B35BFF304353FF30435BF81
:10B04000FB4B353FCFBD34BFE792353F8F7634BFE2
:10B05000B8D9353F342F34BF6C20363FBCE733BFFF
:10B060000467363F29A033BF7FAD363F7A5833BFE0
:10B07000DFF3363FAF1033BF233A373FC9C832BF83
:10B080004A80373FC78032BF55C6373FAA3832BFE4
:10B09000430C383F71F031BF1652383F1DA831BF05
:10B0A000CB97383FAD5F31BF65DD383F221731BFE9
:10B0B000E122393F7CCE30BF4268393FBB8530BF8B
:10B0C00085AD393FDE3C30BFACF2393FE6F32FBFF0
:10B0D000B7373A3FD3AA2FBFA47C3A3FA5612FBF11
:10B0E00075C13A3F5B182FBF29063B3FF7CE2EBFF5
:10B0F000C14A3B3F78852EBF3B8F3B3FDE3B2EBF97
:10B1000098D33B3F29F22DBFD9173C3F59A82DBFFB
:10B11000FC5B3C3F6F5E2DBF03A03C3F69142DBF1D
:10B12000ECE33C3F49CA2CBFB8273D3F0F802CBF02
:10B13000676B3D3FB9352CBFF9AE3D3F4AEB2BBFA6
:10B140006EF23D3FBFA02BBFC5353E3F1B562BBF08
:10B15000FF783E3F5B0B2BBF1BBC3E3F82C02ABF2C
:10B160001BFF3E3F8E752ABFFC413F3F802A2ABF0E
:10B17000C0843F3F57DF29BF67C73F3F159429BFB2
:10B18000F009403FB84829BF5C4C403F41FD28BF13
:10B19000A98E403FB0B128BFDAD0403F056628BF36
:10B1A000EC12413F401A28BFE154413F61CE27BF16
:10B1B000B796413F688227BF70D8413F563627BFB8
:10B1C0000B1A423F2AEA26BF895B423FE39D26BF16
:10B1D000E89C423F845126BF29DE423F0A0526BF34
:10B1E0004C1F433F77B825BF5160433FCB6B25BF12
:10B1F00038A1433F041F25BF00E2433F25D224BFAF
:10B20000AB22443F2C8524BF3763443F1A3824BF08
:10B21000A5A3443FEEEA23BFF5E3443FA99D23BF26
:10B220002624453F4B5023BF3964453FD30223BFFB
:10B230002DA4453F43B522BF03E4453F996722BF94
:10B24000BB23463FD71922BF5463463FFBCB21BFE8
:10B25000CEA2463F067E21BF2AE2463FF92F21BFFC
:10B260006721473FD2E120BF8560473F939320BFCE
:10B27000849F473F3B4520BF65DE473FCBF61FBF5E
:10B28000271D483F41A81FBFCA5B483F9F591FBFAA
:10B290004E9A483FE50A1FBFB3D8483F12BC1EBFB5
:10B2A000FA16493F266D1EBF2155493F221E1EBF7B
:10B2B0002993493F06CF1DBF12D1493FD17F1DBF02
:10B2C000DC0E4A3F84301DBF874C4A3F1FE11CBF44
:10B2D000138A4A3FA2911CBF7FC74A3F0C421CBF42
:10B2E000CC044B3F5FF21BBFFA414B3F99A21BBFFF
:10B2F000097F4B3FBB521BBFF8BB4B3FC6021BBF76
:10B30000C7F84B3FB8B21ABF78354C3F93621ABFAB
:10B3100008724C3F55121ABF79AE4C3F00C219BF9C
:10B32000CBEA4C3F947119BFFD264D3F0F2119BF49
:10B3300010634D3F73D018BF029F4D3FC07F18BFB1
:10B34000D5DA4D3FF52E18BF89164E3F12DE17BFD6
:10B350001C524E3F188D17BF908D4E3F073C17BFB4
:10B36000E4C84E3FDFEA16BF17044F3F9F9916BF50
:10B370002B3F4F3F474816BF1F7A4F3FD9F615BFA7
:10B38000F4B44F3F54A515BFA8EF4F3FB75315BFB7
:10B390003B2A503F040215BFAF64503F39B014BF81
:10B3A000039F503F585E14BF37D9503F5F0C14BF06
:10B3B0004A13513F50BA13BF3D4D513F2A6813BF46
:10B3C0001087513FEE1513BFC2C0513F9AC312BF41
:10B3D00054FA513F307112BFC633523FB01E12BFF4
:10B3E000186D523F19CC11BF49A6523F6B7911BF5E
:10B3F00059DF523FA72611BF4918533FCDD310BF85
:10B400001851533FDC8010BFC789533FD52D10BF63
:10B4100055C2533FB8DA0FBFC3FA533F84870FBFFB
:10B420000F33543F3B340FBF3B6B543FDBE00EBF49
:10B4300047A3543F658D0EBF31DB543FDA390EBF51
:10B44000FB12553F38E60DBFA44A553F81920DBF10
:10B450002C82553FB33E0DBF93B9553FD0EA0CBF88
:10B46000D9F0553FD7960CBFFE27563FC9420CBFB7
:10B47000025F563FA5EE0BBFE595563F6B9A0BBF9B
:10B48000A7CC563F1C460BBF4803573FB7F10ABF36
:10B49000C739573F3D9D0ABF2670573FAD480ABF89
:10B4A00063A6573F09F409BF7FDC573F4E9F09BF92
:10B4B0007912583F7F4A09BF5348583F9BF508BF50
:10B4C0000B7E583FA1A008BFA1B3583F924B08BFC5
:10B4D00017E9583F6FF607BF6A1E593F36A107BFED
:10B4E0009C53593FE84B07BFAD88593F86F606BFCE
:10B4F0009CBD593F0EA106BF6AF2593F824B06BF61
:10B5000016275A3FE2F505BFA05B5A3F2CA005BFA6
:10B5100009905A3F624A05BF50C45A3F84F404BFA1
:10B5200075F85A3F919E04BF792C5B3F894804BF50
:10B530005A605B3F6DF203BF1A945B3F3D9C03BFB3
:10B54000B8C75B3FF84503BF34FB5B3F9FEF02BFCB
:10B550008E2E5C3F329902BFC7615C3FB14202BF91
:10B56000DD945C3F1CEC01BFD1C75C3F739501BF0C
:10B57000A3FA5C3FB53E01BF532D5D3FE4E700BF3A
:10B58000E15F5D3FFF9000BF4D925D3F063A00BF17
:10B5900097C45D3FF3C5FFBEBEF65D3FB217FFBE69
:10B5A000C3285E3F4A69FEBEA65A5E3FBBBAFDBED7
:10B5B000678C5E3F040CFDBE05BE5E3F275DFCBE92
:10B5C00081EF5E3F22AEFBBEDB205F3FF7FEFABE9F
:10B5D00012525F3FA54FFABE27835F3F2DA0F9BEF1
:10B5E00019B45F3F8EF0F8BEE9E45F3FC840F8BE93
:10B5F0009615603FDC90F7BE2146603FCBE0F6BE7B
:10B600008976603F9330F6BECFA6603F3580F5BEA9
:10B61000F2D6603FB1CFF4BEF206613F071FF4BE21
:10B62000D036613F386EF3BE8A66613F43BDF2BEDD
:10B630002296613F290CF2BE98C5613FEA5AF1BEDD
:10B64000EAF4613F85A9F0BE1A24623FFBF7EFBE22
:10B650002653623F4C46EFBE1082623F7994EEBEA5
:10B66000D7B0623F80E2EDBE7BDF623F6330EDBE6C
:10B67000FC0D633F217EECBE5A3C633FBBCBEBBE6F
:10B68000956A633F3019EBBEAC98633F8166EABEB2
:10B69000A1C6633FAEB3E9BE73F4633FB700E9BE32
:10B6A0002122643F9C4DE8BEAC4F643F5D9AE7BEEB
:10B6B000147D643FFBE6E6BE59AA643F7533E6BEDF
:10B6C0007BD7643FCB7FE5BE7904653FFECBE4BE0C
:10B6D0005431653F0E18E4BE0B5E653FFA63E3BE6E
:10B6E000A08A653FC4AFE2BE10B7653F6AFBE1BE0A
:10B6F0005EE3653FEE46E1BE880F663F4F92E0BED7
:10B700008E3B663F8DDDDFBE7167663FA928DFBED9
:10B710003093663FA273DEBECCBE663F79BEDDBE0F
:10B7200045EA663F2E09DDBE9915673FC153DCBE71
:10B73000CA40673F319EDBBED86B673F80E8DABE08
:10B74000C196673FAD32DABE87C1673FB97CD9BECB
:10B750002AEC673FA3C6D8BEA816683F6B10D8BEB8
:10B760000341683F135AD7BE396B683F99A3D6BED1
:10B770004C95683FFDECD5BE3CBF683F4136D5BE19
:10B7800007E9683F647FD4BEAE12693F67C8D3BE85
:10B79000323C693F4811D3BE9165693F095AD2BE18
:10B7A000CC8E693FAAA2D1BEE4B7693F2AEBD0BED6
:10B7B000D7E0693F8A33D0BEA7096A3FCA7BCFBEB4
:10B7C00052326A3FEAC3CEBED95A6A3FEA0BCEBEB6
:10B7D0003C836A3FCA53CDBE7BAB6A3F8B9BCCBEDA
:10B7E00095D36A3F2CE3CBBE8CFB6A3FAE2ACBBE1F
:10B7F0005E236B3F1072CABE0C4B6B3F53B9C9BE80
:10B8000095726B3F7700C9BEFB996B3F7C47C8BE02
:10B810003BC16B3F628EC7BE58E86B3F29D5C6BEA1
:10B82000500F6C3FD21BC6BE24366C3F5C62C5BE57
:10B83000D45C6C3FC8A8C4BE5E836C3F15EFC3BE2A
:10B84000C5A96C3F4435C3BE07D06C3F557BC2BE13
:10B8500024F66C3F48C1C1BE1D1C6D3F1E07C1BE12
:10B86000F2416D3FD54CC0BEA1676D3F6F92BFBE28
:10B870002D8D6D3FEBD7BEBE93B26D3F4A1DBEBE50
:10B88000D5D76D3F8B62BDBEF2FC6D3FAFA7BCBE8E
:10B89000EB216E3FB6ECBBBEBE466E3FA031BBBED9
:10B8A0006D6B6E3F6E76BABEF88F6E3F1EBBB9BE33
:10B8B0005DB46E3FB2FFB8BE9ED86E3F2A44B8BE9C
:10B8C000BAFC6E3F8488B7BEB0206F3FC3CCB6BE13
:10B8D00083446F3FE610B6BE30686F3FEC54B5BE90
:10B8E000B88B6F3FD698B4BE1BAF6F3FA5DCB3BE1D
:10B8F0005AD26F3F5820B3BE73F56F3FEF63B2BEAD
:10B900006718703F6BA7B1BE373B703FCBEAB0BE44
:10B91000E15D703F102EB0BE6680703F3A71AFBEE1
:10B92000C6A2703F49B4AEBE02C5703F3CF7ADBE83
:10B9300017E7703F153AADBE0809713FD47CACBE25
:10B94000D42A713F77BFABBE7A4C713F0102ABBEC8
:10B95000FB6D713F6F44AABE578F713FC486A9BE6D
:10B960008EB0713FFEC8A8BE9FD1713F1F0BA8BE0D
:10B970008CF2713F254DA7BE5213723F128FA6BEA7
:10B98000F433723FE5D0A5BE7054723F9F12A5BE3E
:10B99000C774723F3F54A4BEF894723FC595A3BECE
:10B9A00004B5723F33D7A2BEEBD4723F8718A2BE54
:10B9B000ACF4723FC259A1BE4714733FE59AA0BED2
:10B9C000BE33733FEEDB9FBE0E53733FDF1C9FBE43
:10B9D0003972733FB85D9EBE3F91733F789E9DBEA6
:10B9E0001FB0733F20DF9CBED9CE733FAF1F9CBEFC
:10B9F0006EED733F27609BBEDD0B743F86A09ABE41
:10BA0000272A743FCEE099BE4B48743FFE2099BE72
:10BA10004966743F166198BE2284743F17A197BE91
:10BA2000D5A1743F00E196BE62BF743FD22096BE9E
:10BA3000C9DC743F8D6095BE0BFA743F31A094BE93
:10BA40002717753FBFDF93BE1D34753F351F93BE6B
:10BA5000ED50753F945E92BE976D753FDD9D91BE32
:10BA60001C8A753F10DD90BE7BA6753F2C1C90BED6
:10BA7000B3C2753F325B8FBEC6DE753F229A8EBE63
:10BA8000B3FA753FFCD88DBE7A16763FC0178DBECF
:10BA90001B32763F6E568CBE974D763F07958BBE18
:10BAA000EC68763F8AD38ABE1B84763FF8118ABE43
:10BAB000249F763F505089BE07BA763F938E88BE4A
:10BAC000C4D4763FC1CC87BE5BEF763FDA0A87BE2F
:10BAD000CC09773FDF4886BE1724773FCE8685BEE8
:10BAE0003C3E773FAAC484BE3A58773F700284BE7A
:10BAF0001372773F224083BEC58B773FC07D82BEE5
:10BB000051A5773F4ABB81BEB7BE773FC0F880BE24
:10BB1000F7D7773F223680BE10F1773FE1E67EBE51
:10BB2000040A783F56617DBED122783FA4DB7BBEFC
:10BB3000773B783FCB557ABEF853783FCCCF78BE71
:10BB4000526C783FA64977BE8684783F5AC375BE4B
:10BB5000939C783FE83C74BE7BB4783F51B672BE8C
:10BB60003BCC783F942F71BED6E3783FB2A86FBE2E
:10BB70004AFB783FAB216EBE9812793F7F9A6CBE2C
:10BB8000BF29793F2F136BBEC040793FBA8B69BE86
:10BB90009A57793F220468BE4E6E793F667C66BE36
:10BBA000DC84793F86F464BE439B793F836C63BE3B
:10BBB00083B1793F5CE461BE9DC7793F135C60BE91
:10BBC00091DD793FA8D35EBE5EF3793F1A4B5DBE2F
:10BBD00004097A3F6AC25BBE841E7A3F97395ABE17
:10BBE000DD337A3FA4B058BE10497A3F8F2757BE45
:10BBF0001C5E7A3F589E55BE02737A3F011554BEB3
:10BC0000C1877A3F898B52BE599C7A3FF10151BE60
:10BC1000CBB07A3F38784FBE16C57A3F60EE4DBE46
:10BC20003AD97A3F67644CBE37ED7A3F4FDA4ABE65
:10BC30000E017B3F185049BEBE147B3FC2C547BEB4
:10BC400048287B3F4D3B46BEAB3B7B3FB9B044BE33
:10BC5000E74E7B3F072643BEFC617B3F379B41BEDF
:10BC6000EA747B3F491040BEB2877B3F3E853EBEB3
:10BC7000539A7B3F15FA3CBECDAC7B3FCF6E3BBEAB
:10BC800020BF7B3F6CE339BE4DD17B3FEC5738BEC4
:10BC900053E37B3F50CC36BE31F57B3F984035BEF9
:10BCA000E9067C3FC4B433BE7A187C3FD42832BE48
:10BCB000E5297C3FC99C30BE283B7C3FA2102FBEAB
:10BCC000444C7C3F61842DBE3A5D7C3F04F82BBE22
:10BCD000086E7C3F8D6B2ABEB07E7C3FFCDE28BEAA
:10BCE000318F7C3F515227BE8A9F7C3F8CC525BE39
:10BCF000BDAF7C3FAD3824BEC9BF7C3FB6AB22BED2
:10BD0000AECF7C3FA51E21BE6CDF7C3F7B911FBE6A
:10BD100003EF7C3F38041EBE73FE7C3FDE761CBE04
:10BD2000BC0D7D3F6BE91ABEDD1C7D3FE05B19BE9B
:10BD3000D82B7D3F3DCE17BEAC3A7D3F834016BE2B
:10BD400059497D3FB2B214BEDE577D3FCA2413BEAF
:10BD50003D667D3FCC9611BE74747D3FB70810BE22
:10BD600085827D3F8B7A0EBE6E907D3F4AEC0CBE85
:10BD7000309E7D3FF35D0BBECCAB7D3F86CF09BED1
:10BD800040B97D3F054108BE8CC67D3F6EB206BE00
:10BD9000B2D37D3FC22305BEB1E07D3F029503BE15
:10BDA00088ED7D3F2E0602BE38FA7D3F457700BE06
:10BDB000C2067E3F92D0FDBD24137E3F73B2FABD12
:10BDC0005E1F7E3F2C94F7BD722B7E3FC075F4BD85
:10BDD0005E377E3F2E57F1BD23437E3F7638EEBD62
:10BDE000C14E7E3F9A19EBBD385A7E3F9AFAE7BDA5
:10BDF00088657E3F76DBE4BDB0707E3F2EBCE1BD42
:10BE0000B17B7E3FC49CDEBD8B867E3F377DDBBD34
:10BE10003D917E3F895DD8BDC99B7E3FB93DD5BD73
:10BE20002DA67E3FC81DD2BD69B07E3FB7FDCEBDF9
:10BE30007FBA7E3F86DDCBBD6DC47E3F36BDC8BDBB
:10BE400034CE7E3FC69CC5BDD4D77E3F397CC2BDB3
:10BE50004CE17E3F8D5BBFBD9DEA7E3FC33ABCBDDA
:10BE6000C7F37E3FDD19B9BDC9FC7E3FDAF8B5BD29
:10BE7000A4057F3FBBD7B2BD580E7F3F80B6AFBD94
:10BE8000E4167F3F2B95ACBD491F7F3FBA73A9BD18
:10BE900087277F3F3052A6BD9D2F7F3F8C30A3BDAB
:10BEA0008D377F3FCF0EA0BD543F7F3FF9EC9CBD47
:10BEB000F4467F3F0ACB99BD6D4E7F3F05A996BDE5
:10BEC000BF557F3FE78693BDE95C7F3FB46490BD7B
:10BED000EC637F3F6A428DBDC76A7F3F0A208ABDFF
:10BEE0007B717F3F94FD86BD08787F3F0ADB83BD71
:10BEF0006D7E7F3F6CB880BDAB847F3F742B7BBD74
:10BF0000C28A7F3FE9E574BDB1907F3F38A06EBD26
:10BF100078967F3F625A68BD189C7F3F681462BD67
:10BF200091A17F3F4CCE5BBDE3A67F3F0E8855BD00
:10BF30000DAC7F3FAF414FBD0FB17F3F2FFB48BDE1
:10BF4000EAB57F3F91B442BD9EBA7F3FD56D3CBDFF
:10BF50002ABF7F3FFC2636BD8FC37F3F07E02FBD42
:10BF6000CCC77F3FF69829BDE2CB7F3FCC5123BDA4
:10BF7000D1CF7F3F880A1DBD98D37F3F2CC316BD0C
:10BF800037D77F3FB87B10BDAFDA7F3F2F340ABD74
:10BF900000DE7F3F90EC03BD29E17F3FB949FBBC48
:10BFA0002BE47F3F2DBAEEBC05E77F3F7B2AE2BC46
:10BFB000B8E97F3FA69AD5BC43EC7F3FB00AC9BC25
:10BFC000A7EE7F3F9B7ABCBCE3F07F3F69EAAFBC42
:10BFD000F8F27F3F1C5AA3BCE6F47F3FB6C996BC7B
:10BFE000ACF67F3F38398ABC4AF87F3F4B517BBC67
:10BFF000C1F97F3F003062BC11FB7F3F900E49BC0E
:10C0000039FC7F3F02ED2FBC39FD7F3F59CB16BC79
:10C0100013FE7F3F3053FBBBC4FE7F3F890FC9BB7C
:10C020004EFF7F3FC1CB96BBB1FF7F3FC70F49BBE0
:10C03000ECFF7F3FD40FC9BA080040001800480049
:10C040001000400028005000200040003800580038
:10C050003000480058006800480060006800700028
:10C0600008004000100080001800C00020004000C0
:10C0700028004800300088003800C80040008000D8
:10C08000480050005800D000500090006000C000F0
:10C090006800D000700098007800D8008800C000C8
:10C0A0009000A000A800D0009800E000B000D000F0
:10C0B000B800E800D800F000C800E000E800F00098
:10C0C00008004000100080001800C000200000019F
:10C0D00028004001300080013800C0015000880075
:10C0E0005800C8006000080168004801700088011D
:10C0F0007800C8019800D000A0001001A8005001ED
:10C10000B0009001B800D001E0001801E80058012B
:10C11000F0009801F800D801280160013001A00169
:10C120003801E0017001A8017801E801B801F001CF
:10C1300008000002100040001800400220008000AB
:10C14000280080023000C0003800C002400000011A
:10C150004800000350004001580040036000800187
:10C16000680080037000C0017800C00380000002F6
:10C17000880008029000000398004802A00008020E
:10C18000A8008802B000C800B800C802C0000801BA
:10C19000C8000803D0004801D8004803E000880127
:10C1A000E8008803F000C801F800C8030801100285
:10C1B00010014001180150022001000328019002E3
:10C1C000300148013801D0024801100358015003E2
:10C1D00060019001680190037001D0017801D003E3
:10C1E0008001400288011802900140039801580222
:10C1F000A0014802A8019802B0014803B801D80282
:10C20000C0015002C8011803D0015003D8015803DF
:10C21000E0015802E8019803F0015803F801D8033F
:10C220000802200210024002180260022802A00246
:10C23000300260023802E00240020003480220039C
:10C240005002400358026003600220036802A0030A
:10C25000700260037802E0038802A002900280036B
:10C260009802A003B0028803B802E802C00280036B
:10C27000C8022803D0029003D8026803E002A0039A
:10C28000E802A803F0029803F802E8030803200379
:10C29000100340031803600328038803300360037E
:10C2A0003803980348036003580370036803B0031E
:10C2B0007803F0038803A0039003C0039803E0030E
:10C2C000B003C803B803E803C803E003D803F003CE
:10C2D00008000002100000041800000620004000C2
:10C2E0002800400230004004380040064000800032
:10C2F0004800800250008004580080066000C000A2
:10C300006800C0027000C0047800C0068000000110
:10C31000880000039000000598000007A00040017D
:10C32000A8004003B0004005B8004007C0008001ED
:10C33000C8008003D0008005D8008007E000C0015D
:10C34000E800C003F000C005F800C00700010002CB
:10C3500008010802100108041801080620018002E3
:10C360002801480230014804380148064001000312
:10C370004801880250018804580188066001800342
:10C380006801C8027001C8047801C806800108026B
:10C39000880108039001080598010807A001880298
:10C3A000A8014803B0014805B8014807C0010803C7
:10C3B000C8018803D0018805D8018807E0018803F7
:10C3C000E801C803F001C805F801C8070802100217
:10C3D000000200041002100418021006200280045B
:10C3E0002802500230025004380250064002000574
:10C3F00048029002500290045802900660028005A4
:10C400006802D0027002D0047802D00680020804CC
:10C41000880210039002100598021007A0028804F9
:10C42000A8025003B0025005B8025007C002080528
:10C43000C8029003D0029005D8029007E002880558
:10C44000E802D003F002D005F802D007000300068E
:10C4500008031006100318041803180620038006AA
:10C460002803900630035804380358064003000799
:10C470004803100750039804580398066003800788
:10C48000680390077003D8047803D8068003080671
:10C49000880318069003180598031807A003880658
:10C4A000A8039806B0035805B8035807C003080747
:10C4B000C8031807D0039805D8039807E003880736
:10C4C000E8039807F003D805F803D80708048004A8
:10C4D0001004200418042006280480053004600499
:10C4E0003804600640040006480488045004A00490
:10C4F0005804A00660041006680488057004E0046F
:10C500007804E0068804800690042005980420073B
:10C51000A0040806A8048007B0046005B8046007FA
:10C52000C0042006C8048806D004A005D804A007CB
:10C53000E0041806E8048807F004E005F804E007C2
:10C540000805200510058005180528062805900512
:10C5500030058805380568064005000748052007AE
:10C56000500580075805A806600508076805980566
:10C57000700588077805E80688059006980528075D
:10C58000A0052806A8059007B0052807B805680784
:10C59000C0051007C8059806D0059007D805A8075C
:10C5A000E0051807E8059807F0059807F805E8077B
:10C5B0001806300638067006400600074806800751
:10C5C000500608075806B006600610076806900770
:10C5D000700618077806F0068806A0069806300749
:10C5E000A806A007B0068807B8067007C00620078F
:10C5F000C806A007D0062807D806B007E00630070F
:10C60000E806A807F0069807F806F007480750075D
:10C610003807980750076007580770076007C0077A
:10C620006807D0077807F0077007E007B807F0073A
:10C63000A807B007D807F007C807E007E807F00722
:10C640000800000210000004180000062000000886
:10C650002800000A3000000C3800000E480040029C
:10C660005000400458004006600040086800400A3E
:10C670007000400C7800400E88008002900080041A
:10C6800098008006A0008008A800800AB000800CF6
:10C69000B800800EC800C002D000C004D800C00698
:10C6A000E000C008E800C00AF000C00CF800C00EAE
:10C6B000080100031001000518010007200100090E
:10C6C0002801000B3001000D3801000F4801400324
:10C6D0005001400558014007600140096801400BC6
:10C6E0007001400D7801400F8801800390018005A2
:10C6F00098018007A0018009A801800BB001800D7E
:10C70000B801800FC801C003D001C005D801C0071F
:10C71000E001C009E801C00BF001C00DF801C00F35
:10C720001002080418020806200208082802080A55
:10C730003002080C3802080E50024804580248061D
:10C74000600248086802480A7002480C7802480EE5
:10C750009002880498028806A0028808A802880A25
:10C76000B002880CB802880ED002C804D802C806ED
:10C77000E002C808E802C80AF002C80CF802C80EB5
:10C780001003080518030807200308092803080BED
:10C790003003080D3803080F5003480558034807B5
:10C7A000600348096803480B7003480D7803480F7D
:10C7B0009003880598038807A0038809A803880BBD
:10C7C000B003880DB803880FD003C805D803C80785
:10C7D000E003C809E803C80BF003C80DF803C80F4D
:10C7E00018041006200410082804100A3004100C45
:10C7F0003804100E58045006600450086804500AAB
:10C800007004500C7804500E98049006A004900810
:10C81000A804900AB004900CB804900ED804D00676
:10C82000E004D008E804D00AF004D00CF804D00EDC
:10C8300018051007200510092805100B3005100DEC
:10C840003805100F58055007600550096805500B52
:10C850007005500D7805500F98059007A0059009B8
:10C86000A805900BB005900DB805900FD805D0071E
:10C87000E005D009E805D00BF005D00DF805D00F84
:10C88000200618082806180A3006180C3806180E54
:10C89000600658086806580A7006580C7806580E44
:10C8A000A0069808A806980AB006980CB806980E34
:10C8B000E006D808E806D80AF006D80CF806D80E24
:10C8C000200718092807180B3007180D3807180F0C
:10C8D000600758096807580B7007580D7807580FFC
:10C8E000A0079809A807980BB007980DB807980FEC
:10C8F000E007D809E807D80BF007D80DF807D80FDC
:10C900002808200A3008200C3808200E6808600A21
:10C910007008600C7808600EA808A00AB008A00C87
:10C92000B808A00EE808E00AF008E00CF808E00EED
:10C930002809200B3009200D3809200F6809600BE9
:10C940007009600D7809600FA809A00BB009A00D4F
:10C95000B809A00FE809E00BF009E00DF809E00FB5
:10C96000300A280C380A280E700A680C780A680EFB
:10C97000B00AA80CB80AA80EF00AE80CF80AE80EEB
:10C98000300B280D380B280F700B680D780B680FD3
:10C99000B00BA80DB80BA80FF00BE80DF80BE80FC3
:10C9A000380C300E780C700EB80CB00EF80CF00E7F
:10C9B000380D300F780D700FB80DB00FF80DF00F67
:10C9C00008000010100000021800001220000004EF
:10C9D000280000143000000638000016400000084F
:10C9E000480000185000000A5800001A6000000CAF
:10C9F0006800001C7000000E7800001E8000000817
:10CA0000880040109000400298004012A0004004AE
:10CA1000A8004014B0004006B8004016C00040080E
:10CA2000C8004018D000400AD800401AE000400C6E
:10CA3000E800401CF000400EF800401E0001000815
:10CA4000080180101001800218018012200180046A
:10CA500028018014300180063801801640018008CA
:10CA6000480180185001800A5801801A6001800C2A
:10CA70006801801C7001800E7801801E80014008D2
:10CA80008801C0109001C0029801C012A001C0042A
:10CA9000A801C014B001C006B801C016C001C0088A
:10CAA000C801C018D001C00AD801C01AE001C00CEA
:10CAB000E801C01CF001C00EF801C01E0002000811
:10CAC00008020011100200031802001320020005E2
:10CAD0002802001530020007380200174002000942
:10CAE000480200195002000B5802001B6002000DA2
:10CAF0006802001D7002000F7802001F800280088B
:10CB0000880240119002400398024013A0024005A1
:10CB1000A8024015B0024007B8024017C002400901
:10CB2000C8024019D002400BD802401BE002400D61
:10CB3000E802401DF002400FF802401F00034008C9
:10CB4000080380111003800318038013200380055D
:10CB500028038015300380073803801740038009BD
:10CB6000480380195003800B5803801B6003800D1D
:10CB70006803801D7003800F7803801F8003C00846
:10CB80008803C0119003C0039803C013A003C0051D
:10CB9000A803C015B003C007B803C017C003C0097D
:10CBA000C803C019D003C00BD803C01BE003C00DDD
:10CBB000E803C01DF003C00FF803C01F00040010FD
:10CBC00008040810100400111804081220040810AA
:10CBD000280408143004080638040816400408081D
:10CBE000480408185004080A5804081A6004080C7D
:10CBF0006804081C7004080E7804081E80040018DD
:10CC0000880448109004001998044812A0040818D9
:10CC1000A8044814B0044806B8044816C0044808DC
:10CC2000C8044818D004480AD804481AE004480C3C
:10CC3000E804481CF004480EF804481E00054010A3
:10CC400008058810100540111805881220054810A5
:10CC50002805881430058806380588164005880898
:10CC6000480588185005880A5805881A6005880CF8
:10CC70006805881C7005880E7805881E8005401898
:10CC80008805C810900540199805C812A0054818D5
:10CC9000A805C814B005C806B805C816C005C80858
:10CCA000C805C818D005C80AD805C81AE005C80CB8
:10CCB000E805C81CF005C80EF805C81E000680105F
:10CCC000080608111006801118060813200688109F
:10CCD0002806081530060807380608174006080910
:10CCE000480608195006080B5806081B6006080D70
:10CCF0006806081D7006080F7806081F8006801851
:10CD0000880648119006801998064813A0068818CE
:10CD1000A8064815B0064807B8064817C0064809CF
:10CD2000C8064819D006480BD806481BE006480D2F
:10CD3000E806481DF006480FF806481F0007C01017
:10CD4000080788111007C011180788132007C8109A
:10CD5000280788153007880738078817400788098B
:10CD6000480788195007880B5807881B6007880DEB
:10CD70006807881D7007880F7807881F8007C0180C
:10CD80008807C8119007C0199807C813A007C818CA
:10CD9000A807C815B007C807B807C817C007C8094B
:10CDA000C807C819D007C80BD807C81BE007C80DAB
:10CDB000E807C81DF007C80FF807C81F08081010BB
:10CDC0001008400818081012200800112808101434
:10CDD0003008801138081016480810185008100A3A
:10CDE0005808101A6008100C6808101C7008100E03
:10CDF0007808101E8008000A880850109008000B60
:10CE000098085012A008080AA8085014B008080B87
:10CE1000B8085016C008100AC8085018D008500AA0
:10CE2000D808501AE008500CE808501CF008500EC2
:10CE3000F808501E0809901010098009180990126E
:10CE40002009001928099014300980193809901612
:10CE50004009000B480990185009900A5809901A87
:10CE60006009900C6809901C7009900E7809901E5A
:10CE70008009400A8809D0109009400B9809D01207
:10CE8000A009480AA809D014B009480BB809D0165F
:10CE9000C009500AC809D018D009D00AD809D01A38
:10CEA000E009D00CE809D01CF009D00EF809D01E1A
:10CEB000080A1011180A1013200A4011280A101528
:10CEC000300AC011380A1017480A1019500A100BFE
:10CED000580A101B600A100D680A101D700A100F06
:10CEE000780A101F880A5011900A800B980A501374
:10CEF000A00A5011A80A5015B00A880BB80A50179A
:10CF0000C00A800BC80A5019D00A500BD80A501B0F
:10CF1000E00A500DE80A501DF00A500FF80A501FA1
:10CF2000080B9011180B9013200B4019280B90152B
:10CF3000300BC019380B9017480B9019500B900B01
:10CF4000580B901B600B900D680B901D700B900F91
:10CF5000780B901F880BD011900BC00B980BD0133F
:10CF6000A00B5019A80BD015B00BC80BB80BD017DD
:10CF7000C80BD019D80BD01BE00BD00DE80BD01D7F
:10CF8000F00BD00FF80BD01F000C0012080C18107B
:10CF9000100C0013180C1812200C0812280C18146E
:10CFA000300C0813380C1816400C1012480C1818C6
:10CFB000500C1013580C181A600C1812680C181C1E
:10CFC000700C180E780C181E800C001A880C581063
:10CFD000900C001B980C5812A00C081AA80C58149E
:10CFE000B00C081BB80C5816C00C101AC80C5818F6
:10CFF000D00C101BD80C581AE00C181AE80C581C4E
:10D00000F00C580EF80C581E000D4012080D981028
:10D01000100D4013180D9812200D4812280D981469
:10D02000300D4813380D9816400D5012480D9818C1
:10D03000500D5013580D981A600D5812680D981C19
:10D04000700D980E780D981E800D401A880DD8101E
:10D05000900D401B980DD812A00D481AA80DD81499
:10D06000B00D481BB80DD816C00D501AC80DD818F1
:10D07000D00D501BD80DD81AE00D581AE80DD81C49
:10D08000F00DD80EF80DD81E000E8012080E1811E3
:10D09000100E8013180E1813200E8812280E181563
:10D0A000300E8813380E1817400E9012480E1819BB
:10D0B000500E9013580E181B600E9812680E181D13
:10D0C000700E180F780E181F800E801A880E5811D7
:10D0D000900E801B980E5813A00E881AA80E581593
:10D0E000B00E881BB80E5817C00E901AC80E5819EB
:10D0F000D00E901BD80E581BE00E981AE80E581D43
:10D10000F00E580FF80E581F000FC012080F98119C
:10D11000100FC013180F9813200FC812280F98155E
:10D12000300FC813380F9817400FD012480F9819B6
:10D13000500FD013580F981B600FD812680F981D0E
:10D14000700F980F780F981F800FC01A880FD81192
:10D15000900FC01B980FD813A00FC81AA80FD8158E
:10D16000B00FC81BB80FD817C00FD01AC80FD819E6
:10D17000D00FD01BD80FD81BE00FD81AE80FD81D3E
:10D18000F00FD81BF80FD81F0810201010104010F7
:10D190001810201228102014301088103810201673
:10D1A0004010001148102018501040115810201A3B
:10D1B000601008126810201C701088127810201E51
:10D1C00080100012881008129010401298106012FF
:10D1D000A0102012A8106014B0106012B8106016D1
:10D1E000C0100013C8106018D0104013D810601A77
:10D1F000E0101812E810601CF0109812F810601E71
:10D2000008112012101140111811A0122011081835
:10D210002811A014301188183811A0164811A01830
:10D220005811A01A6011081A6811A01C7011881AF0
:10D230007811A01E8011101288111812901150122E
:10D240009811E012A0111818A811E014B011981844
:10D25000B811E016C0111013C811E018D011501306
:10D26000D811E01AE011181AE811E01CF011981A10
:10D27000F811E01E001200180812081810124018C9
:10D2800018122013201220182812201530126018AE
:10D290003812201740120019481220195012401954
:10D2A0005812201B601220196812201D7012C8121B
:10D2B0007812201F8012001A8812081A9012401A41
:10D2C00098126013A012201AA8126015B012601AEA
:10D2D000B8126017C012001BC8126019D012401B90
:10D2E000D812601BE012201BE812601DF012601BB8
:10D2F000F812601F00131018081318181013501894
:10D300001813A013201348182813A0153013C81899
:10D310003813A017401310194813A01950135019AF
:10D320005813A01B6013481A6813A01D7013C81A65
:10D330007813A01F8013101A8813181A9013501A0C
:10D340009813E013A0135818A813E015B013D818B9
:10D35000B813E017C013101BC813E019D013501BEB
:10D36000D813E01BE013581AE813E01DF013D81A85
:10D37000F813E01F081420141014001518142015B9
:10D3800030140815381428164014001548142818AD
:10D39000501410155814281A601420156814281CED
:10D3A000701418157814281E8014001C8814201C72
:10D3B0009014001D9814201DA014081CA814281CEB
:10D3C000B014081DB8146816C014101CC8146818CE
:10D3D000D014101DD814681AE014181CE814681C26
:10D3E000F014181DF814681E0815201510154015A6
:10D3F00018156015201528182815281C30154815F3
:10D400003815A8164815A8185815A81A6015281A0E
:10D410006815A81C7015A81A7815A81E8015401C40
:10D420008815601C9015401D9815601DA015481C9E
:10D43000A815681CB015481DB815E816C015501C75
:10D44000C815E818D015501DD815E81AE015581C55
:10D45000E815E81CF015581DF815E81E0016001C0C
:10D460000816081C1016401C1816481C2016201CF4
:10D470002816281C3016601C381628174016001D68
:10D48000481628195016401D5816281B6016201DD6
:10D490006816281D7016601D7816281F8016801CBF
:10D4A0008816A01C9016801D9816A01DA016881C1A
:10D4B000A816A81CB016881DB8166817C016901CB0
:10D4C000C8166819D016901DD816681BE016981C4F
:10D4D000E816681DF016981DF816681F0017101C36
:10D4E0000817181C1017501C1817581C20176818FC
:10D4F0002817681C3017E8183817A8174017101D90
:10D500004817A8195017501D5817A81B6017681AFC
:10D510006817A81D7017E81A7817A81F8017C01C75
:10D520008817E01C9017C01D9817E01DA017C81C95
:10D53000A817E81CB017C81DB817E817C017D01CEB
:10D54000C817E819D017D01DD817E81BE017D81C4A
:10D55000E817E81DF017D81DF817E81F181860180D
:10D56000301848183818601C5818301A6818301CC1
:10D570007018181A7818301E8018001A8818081A9F
:10D580009018001B98186019A018201AA818281ABB
:10D59000B018201BB818601DC018101AC818181A27
:10D5A000D018101BD818701AE018301AE818701C20
:10D5B000F018581AF818701E081920191819601A4E
:10D5C0002819081D301988193819881D4819201B79
:10D5D0005819B01A6019081B6819B01C7019881BFB
:10D5E0007819B01E8019401A8819481A9019401BE2
:10D5F0009819601BA019601AA819181DB019601B92
:10D60000B819981DC019501AC819581AD019501BAA
:10D61000D819F01AE019181BE819F01CF019981B1A
:10D62000F819F01E381A701C581A301B681A301D71
:10D63000701A181B781A301F901AC01A981AC81A34
:10D64000B01AE01AB81AE81AC01A801BC81A881B48
:10D65000D01AC01BD81A701BE01AA01BE81A701D44
:10D66000F01AE01BF81A701F281B481D381BC81D34
:10D67000481B601B581BB01B681BB01D701BC81BD0
:10D68000781BB01F901BC01B981BC81BA81B581DE4
:10D69000B01BE01BB81BD81DD81BF01BE81BF01DEE
:10D6A000F81BF01F081C201C181C301C381C681CA0
:10D6B000481C601C581C701C781C381E801C001EE6
:10D6C000881C201E901C001F981C201FA01C081ED8
:10D6D000A81C281EB01C081FB81C281FC01C101E28
:10D6E000C81C301ED01C101FD81C301FE01C181E78
:10D6F000E81C381EF01C181FF81C781E081D201D81
:10D70000181D301D381DA81D481D601D581D701D99
:10D71000681D281F781DB81E801D401E881D601EB4
:10D72000901D401F981D601FA01D481EA81D681E4B
:10D73000B01D481FB81D681FC01D501EC81D701E9B
:10D74000D01D501FD81D701FE01D581EE81D781EEB
:10D75000F01D581FF81DF81E081E201E181E301E32
:10D76000481E601E581E701E781E381F881EA01E80
:10D77000901E801F981EA01FB01E881FB81EA81FD5
:10D78000C01E801FC81E881FD01E901FD81EB01F2D
:10D79000E01EA01FE81EA81FF01E981FF81E781F8D
:10D7A000081F201F181F301F481F601F581F701FA1
:10D7B000781FB81F881FA01F901FC01F981FE01F51
:10D7C000B01FC81FB81FE81FC81FE01FD81FF01FD9
:10D7D0000800001010000020180000302000000297
:10D7E00028000012300000223800003240000004FF
:10D7F0004800001450000024580000346000000667
:10D8000068000016700000267800003680000008CE
:10D81000880000189000002898000038A000000A36
:10D82000A800001AB000002AB800003AC000000C9E
:10D83000C800001CD000002CD800003CE000000E06
:10D84000E800001EF000002EF800003E0001000479
:10D850000801401010014020180140302001400212
:10D86000280140123001402238014032400140047A
:10D8700048014014500140245801403460014006E2
:10D88000680140167001402678014036800140084A
:10D89000880140189001402898014038A001400AB2
:10D8A000A801401AB001402AB801403AC001400C1A
:10D8B000C801401CD001402CD801403CE001400E82
:10D8C000E801401EF001402EF801403E0002000831
:10D8D000080280101002802018028030200280028E
:10D8E00028028012300280223802803240028004F6
:10D8F000480280145002802458028034600280065E
:10D9000068028016700280267802803680028008C5
:10D91000880280189002802898028038A002800A2D
:10D92000A802801AB002802AB802803AC002800C95
:10D93000C802801CD002802CD802803CE002800EFD
:10D94000E802801EF002802EF802803E0003000CE8
:10D950000803C0101003C0201803C0302003800C3F
:10D960002803C0123003C0223803C0324003C00471
:10D970004803C0145003C0245803C0346003C006D9
:10D980006803C0167003C0267803C0368003C00841
:10D990008803C0189003C0289803C038A003C00AA9
:10D9A000A803C01AB003C02AB803C03AC003C00C11
:10D9B000C803C01CD003C02CD803C03CE003C00E79
:10D9C000E803C01EF003C02EF803C03E0804001197
:10D9D00010040021180400312004000C2804001356
:10D9E00030040023380400334004000548040015C7
:10D9F000500400255804003560040007680400172F
:10DA00007004002778040037800400098804001996
:10DA10009004002998040039A004000BA804001BFE
:10DA2000B004002BB804003BC004000DC804001D66
:10DA3000D004002DD804003DE004000FE804001FCE
:10DA4000F004002FF804003F0805401110054021A4
:10DA5000180540312005000D2805401330054023EE
:10DA600038054033480540155005402558054035D8
:10DA70006005400768054017700540277805403766
:10DA800080054009880540199005402998054039CE
:10DA9000A005400BA805401BB005402BB805403B36
:10DAA000C005400DC805401DD005402DD805403D9E
:10DAB000E005400FE805401FF005402FF805403F06
:10DAC00000064008080680111006802118068031E3
:10DAD0002006C008280680133006802338068033CD
:10DAE00040064009480680155006802558068035B6
:10DAF00060068007680680177006802778068037E2
:10DB00008006800988068019900680299806803949
:10DB1000A006800BA806801BB006802BB806803BB1
:10DB2000C006800DC806801DD006802DD806803D19
:10DB3000E006800FE806801FF006802FF806803F81
:10DB40000007400C0807C0111007C0211807C0319A
:10DB50002007C00C2807C0133007C0233807C03384
:10DB60004007400D4807C0155007C0255807C0356D
:10DB70006007C0076807C0177007C0277807C0375D
:10DB80008007C0098807C0199007C0299807C039C5
:10DB9000A007C00BA807C01BB007C02BB807C03B2D
:10DBA000C007C00DC807C01DD007C02DD807C03D95
:10DBB000E007C00FE807C01FF007C02FF807C03FFD
:10DBC000000800100808081010080820180808307D
:10DBD0002008801028080812300808223808083267
:10DBE0004008001148080814500808245808083450
:10DBF000600880116808081670080826780808363A
:10DC0000800808108808081890080828980808381C
:10DC1000A008080AA808081AB008082AB808083A8C
:10DC2000C008080CC808081CD008082CD808083CF4
:10DC3000E008080EE808081EF008082EF808083E5C
:10DC40000009001408094810100948201809483034
:10DC5000200980142809481230094822380948321E
:10DC60004009001548094814500948245809483407
:10DC700060098015680948167009482678094836F1
:10DC800080090814880948189009482898094838D4
:10DC9000A009480AA809481AB009482AB809483A08
:10DCA000C009480CC809481CD009482CD809483C70
:10DCB000E009480EE809481EF009482EF809483ED8
:10DCC000000A0018080A8810100A8820180A8830EC
:10DCD000200A8018280A8812300A8822380A8832D6
:10DCE000400A0019480A8814500A8824580A8834BF
:10DCF000600A8019680A8816700A8826780A8836A9
:10DD0000800A0818880A8818900A8828980A88388B
:10DD1000A00A8818A80A881AB00A882AB80A883A75
:10DD2000C00A880CC80A881CD00A882CD80A883CEB
:10DD3000E00A880EE80A881EF00A882EF80A883E53
:10DD4000000B001C080BC810100BC820180BC830A3
:10DD5000200B801C280BC812300BC822380BC8328D
:10DD6000400B001D480BC814500BC824580BC83476
:10DD7000600B801D680BC816700BC826780BC83660
:10DD8000800B081C880BC818900BC828980BC83843
:10DD9000A00B881CA80BC81AB00BC82AB80BC83A2D
:10DDA000C00BC80CC80BC81CD00BC82CD80BC83C67
:10DDB000E00BC80EE80BC81EF00BC82EF80BC83ECF
:10DDC000000C4010080C0811100C0821180C083128
:10DDD000200CC010280C0813300C0823380C083312
:10DDE000400C4011480C0815500C0825580C0835FB
:10DDF000600CC011680C0817700C0827780C0837E5
:10DE0000800C4810880C0819900C0829980C0839C7
:10DE1000A00CC810A80C081BB00C082BB80C083BB1
:10DE2000C00C080DC80C081DD00C082DD80C083DDE
:10DE3000E00C080FE80C081FF00C082FF80C083F46
:10DE4000000D4014080D4811100D4821180D4831DF
:10DE5000200DC014280D4813300D4823380D4833C9
:10DE6000400D4015480D4815500D4825580D4835B2
:10DE7000600DC015680D4817700D4827780D48379C
:10DE8000800D4814880D4819900D4829980D48397F
:10DE9000A00DC814A80D481BB00D482BB80D483B69
:10DEA000C00D4815C80D481DD00D482DD80D483D52
:10DEB000E00D480FE80D481FF00D482FF80D483FC2
:10DEC000000E4018080E8811100E8821180E883197
:10DED000200EC018280E8813300E8823380E883381
:10DEE000400E4019480E8815500E8825580E88356A
:10DEF000600EC019680E8817700E8827780E883754
:10DF0000800E4818880E8819900E8829980E883936
:10DF1000A00EC818A80E881BB00E882BB80E883B20
:10DF2000C00E4819C80E881DD00E882DD80E883D09
:10DF3000E00E880FE80E881FF00E882FF80E883F3D
:10DF4000000F401C080FC811100FC821180FC8314E
:10DF5000200FC01C280FC813300FC823380FC83338
:10DF6000400F401D480FC815500FC825580FC83521
:10DF7000600FC01D680FC817700FC827780FC8370B
:10DF8000800F481C880FC819900FC829980FC839EE
:10DF9000A00FC81CA80FC81BB00FC82BB80FC83BD8
:10DFA000C00F481DC80FC81DD00FC82DD80FC83DC1
:10DFB000E00FC81DE80FC81FF00FC82FF80FC83FAB
:10DFC0000010002008101010101010201810103031
:10DFD000201080202810101230101022381010321B
:10DFE0004010002148101014501010245810103404
:10DFF00060108021681010167010102678101036EE
:10E0000080100820881010189010102898101038D0
:10E01000A0108820A810101AB010102AB810103ABA
:10E02000C0100821C810101CD010102CD810103CA3
:10E03000E0108821E810101EF010102EF810103E8D
:10E040000011002408111024101150201811503014
:10E0500020118024281150123011502238115032D2
:10E0600040110025481150145011502458115034BB
:10E0700060118025681150167011502678115036A5
:10E080008011082488115018901150289811503888
:10E09000A0118824A811501AB011502AB811503A72
:10E0A000C0110825C811501CD011502CD811503C5B
:10E0B000E0118825E811501EF011502EF811503E45
:10E0C0000012002808121028101290201812903008
:10E0D000201280282812901230129022381290328A
:10E0E0004012002948129014501290245812903473
:10E0F000601280296812901670129026781290365D
:10E10000801208288812901890129028981290383F
:10E11000A0128828A812901AB012902AB812903A29
:10E12000C0120829C812901CD012902CD812903C12
:10E13000E0128829E812901EF012902EF812903EFC
:10E140000013002C0813102C1013D0201813D030FB
:10E150002013802C2813902C3013D0223813D03267
:10E160004013002D4813D0145013D0245813D0342A
:10E170006013802D6813D0167013D0267813D03614
:10E180008013082C8813D0189013D0289813D038F7
:10E19000A013882CA813D01AB013D02AB813D03AE1
:10E1A000C013082DC813D01CD013D02CD813D03CCA
:10E1B000E013882DE813D01EF013D02EF813D03EB4
:10E1C000001440200814502010141021181410318D
:10E1D0002014C0202814D0203014102338141033F9
:10E1E00040144021481410155014102558141035AF
:10E1F0006014C02168141017701410277814103799
:10E20000801448208814101990141029981410397B
:10E21000A014C820A814101BB014102BB814103B65
:10E22000C0144821C814101DD014102DD814103D4E
:10E23000E014C821E814101FF014102FF814103F38
:10E240000015402408155024101550211815503180
:10E250002015C0242815D0243015502338155033EC
:10E260004015402548155015501550255815503566
:10E270006015C02568155017701550277815503750
:10E280008015482488155019901550299815503933
:10E29000A015C824A815501BB015502BB815503B1D
:10E2A000C0154825C815501DD015502DD815503D06
:10E2B000E015C825E815501FF015502FF815503FF0
:10E2C0000016402808165028101690211816903174
:10E2D0002016C0282816D0283016902338169033E0
:10E2E000401640294816502950169025581690354A
:10E2F0006016C02968169017701690277816903708
:10E3000080164828881690199016902998169039EA
:10E31000A016C828A816901BB016902BB816903BD4
:10E32000C0164829C816901DD016902DD816903DBD
:10E33000E016C829E816901FF016902FF816903FA7
:10E340000017402C0817502C1017D0211817D03167
:10E350002017C02C2817D02C3017D0233817D033D3
:10E360004017402D4817502D5017D0255817D0353D
:10E370006017C02D6817D0177017D0277817D037BF
:10E380008017482C8817D0199017D0299817D039A2
:10E39000A017C82CA817D01BB017D02BB817D03B8C
:10E3A000C017482DC817D01DD017D02DD817D03D75
:10E3B000E017C82DE817D01FF017D02FF817D03F5F
:10E3C00000180030081810301018182018181830CD
:10E3D0002018803028189030301818223818183239
:10E3E00040180031481810315018182458181834A3
:10E3F000601880316818903170181826781818360F
:10E40000801808308818183090181828981818386C
:10E41000A0188830A818181AB018182AB818183A6E
:10E42000C0180831C818181CD018182CD818183C57
:10E43000E0188831E818181EF018182EF818183E41
:10E4400000190034081910341019582018195830C0
:10E45000201980342819903430195822381958322C
:10E460004019003548191035501958245819583496
:10E470006019803568199035701958267819583602
:10E480008019083488191834901958289819583860
:10E49000A0198834A819581AB019582AB819583A26
:10E4A000C0190835C819581CD019582CD819583C0F
:10E4B000E0198835E819581EF019582EF819583EF9
:10E4C000001A0038081A1038101A9820181A9830B4
:10E4D000201A8038281A9038301A9822381A983220
:10E4E000401A0039481A1039501A9824581A98348A
:10E4F000601A8039681A9039701A9826781A9836F6
:10E50000801A0838881A1838901A9828981A983853
:10E51000A01A8838A81A9838B01A982AB81A983ABF
:10E52000C01A0839C81A981CD01A982CD81A983CC6
:10E53000E01A8839E81A981EF01A982EF81A983EB0
:10E54000001B003C081B103C101BD820181BD830A7
:10E55000201B803C281B903C301BD822381BD83213
:10E56000401B003D481B103D501BD824581BD8347D
:10E57000601B803D681B903D701BD826781BD836E9
:10E58000801B083C881B183C901BD828981BD83847
:10E59000A01B883CA81B983CB01BD82AB81BD83AB3
:10E5A000C01B083DC81BD81CD01BD82CD81BD83C7E
:10E5B000E01B883DE81BD81EF01BD82EF81BD83E68
:10E5C000001C4030081C5030101C1821181C183139
:10E5D000201CC030281CD030301C1823381C1833A5
:10E5E000401C4031481C5031501C1825581C18350F
:10E5F000601CC031681CD031701C1827781C18377B
:10E60000801C4830881C5830901C1829981C1839D8
:10E61000A01CC830A81CD830B01C182BB81C183B44
:10E62000C01C4831C81C181DD01C182DD81C183D02
:10E63000E01CC831E81C181FF01C182FF81C183FEC
:10E64000001D4034081D5034101D5821181D58312C
:10E65000201DC034281DD034301D5823381D583398
:10E66000401D4035481D5035501D5825581D583502
:10E67000601DC035681DD035701D5827781D58376E
:10E68000801D4834881D5834901D5829981D5839CC
:10E69000A01DC834A81DD834B01D582BB81D583B38
:10E6A000C01D4835C81D5835D01D582DD81D583DA2
:10E6B000E01DC835E81D581FF01D582FF81D583FA4
:10E6C000001E4038081E5038101E9821181E983120
:10E6D000201EC038281ED038301E9823381E98338C
:10E6E000401E4039481E5039501E9825581E9835F6
:10E6F000601EC039681ED039701E9827781E983762
:10E70000801E4838881E5838901E9829981E9839BF
:10E71000A01EC838A81ED838B01E982BB81E983B2B
:10E72000C01E4839C81E5839D01E982DD81E983D95
:10E73000E01EC839E81E981FF01E982FF81E983F5B
:10E74000001F403C081F503C101FD821181FD83113
:10E75000201FC03C281FD03C301FD823381FD8337F
:10E76000401F403D481F503D501FD825581FD835E9
:10E77000601FC03D681FD03D701FD827781FD83755
:10E78000801F483C881F583C901FD829981FD839B3
:10E79000A01FC83CA81FD83CB01FD82BB81FD83B1F
:10E7A000C01F483DC81F583DD01FD82DD81FD83D89
:10E7B000E01FC83DE81FD83DF01FD82FF81FD83FF5
:10E7C0000820802010202020182020302820802899
:10E7D0003020202238202032402000214820C02034
:10E7E0005020202458202034602010246820C02885
:10E7F0007020202678202036882080309020202805
:10E8000098202038A0200830A8208038B020202A66
:10E81000B820203AC0200821C820C030D020202CA9
:10E82000D820203CE0200831E820C038F020202EFD
:10E83000F820203E002100240821802110211024EE
:10E8400018216030202120242821802930216022B5
:10E8500038216032402100254821C0215021602408
:10E8600058216034602150246821C029702160261D
:10E870007821603680210824882180319021602809
:10E8800098216038A0210834A8218039B021602A5D
:10E89000B821603AC0210825C821C031D021602CA0
:10E8A000D821603CE0210835E821C039F021602EF4
:10E8B000F821603E0022003008228030102208300B
:10E8C0001822A03020221030282288283022A022AE
:10E8D0003822A032402240304822C0305022A024AA
:10E8E0005822A034602250306822C8287022A02606
:10E8F0007822A03680222030882288309022A028DA
:10E900009822A038A0221830A8228838B022A02A45
:10E91000B822A03AC0226030C822C830D022A02C31
:10E92000D822A03CE0221831E822C838F022A02EDC
:10E93000F822A03E00230031082380311023083143
:10E940001823E03020231031282388293023183160
:10E950003823E032402340314823C0315023E024A3
:10E960005823E034602350316823C8297023E026FF
:10E970007823E03680231824882388319023E028E8
:10E980009823E038A0231834A8238839B023E02A3C
:10E99000B823E03AC0231825C823C831D023E02C7F
:10E9A000D823E03CE0231835E823C839F023E02ED3
:10E9B000F823E03E08248024102420241824203149
:10E9C0002824802C30241031382420334024002582
:10E9D0004824C024502420255824203560241025A4
:10E9E0006824C02C70242027782420378824803481
:10E9F0009024202998242039A0244830A824803C41
:10EA0000B024202BB824203BC0240825C824C034BF
:10EA1000D024202DD824203DE0244831E824C03CD7
:10EA2000F024202FF824203F0825802510252025BC
:10EA3000182560312825802D302550313825603348
:10EA40004825C02550256025582560356825C02DEE
:10EA500070256027782560378825803590256029C6
:10EA600098256039A0254834A825803DB025602B25
:10EA7000B825603BC825C035D025602DD825603D20
:10EA8000E0254835E825C03DF025602FF825603F9A
:10EA90000026003408268034102608341826A031B9
:10EAA000202610342826882C302618343826A03307
:10EAB000402640344826C034502648345826A035D5
:10EAC000602650346826C82C7026A0277826A037E8
:10EAD00080262034882688349026A0299826A039BC
:10EAE000A0265830A826883CB026A02BB826A03BEC
:10EAF000C0266034C826C834D026A02DD826A03D14
:10EB0000E0265831E826C83CF026A02FF826A03F82
:10EB10000027003508278035102708351827E031F1
:10EB2000202710352827882D302718353827E0333F
:10EB3000402740354827C035502748355827E0350D
:10EB4000602750356827C82D7027E0277827E037E1
:10EB500080272035882788359027E0299827E039B5
:10EB6000A0275834A827883DB027E02BB827E03BE2
:10EB7000C0276035C827C835D027E02DD827E03D0D
:10EB8000E0275835E827C83DF027E02FF827E03F79
:10EB9000082820281028802818282830282890287D
:10EBA00030288828382828324028002C4828202C53
:10EBB0005028802C582828346028082C6828D02811
:10EBC0007028882C7828283688289030982828386B
:10EBD000A0282830A8289038B028282AB828283A11
:10EBE000C028102CC828D030D028282CD828283C61
:10EBF000E028182CE828D038F028282EF828283EBD
:10EC00000029002C0829082C1029102C18296830FC
:10EC10002029202C282990293029D0303829683201
:10EC20004029402C4829602C5029C02C5829683490
:10EC30006029482C6829D0297029C82C7829683681
:10EC40008029802C882990319029282C982968388F
:10EC5000A0292834A8299039B029682AB829683A07
:10EC6000C029502CC829D031D029682CD829683C1B
:10EC7000E029582CE829D039F029682EF829683E77
:10EC8000002A0038082A2038102A8038182AA8308C
:10EC9000202A0838282A2838302A8838382AA832E2
:10ECA000402A003C482A203C502A803C582AA8345C
:10ECB000602A083C682A283C702A883C782AA836B2
:10ECC000802A1038882A9830902A9038982AA838B4
:10ECD000A02A1838A82A9838B02A9838B82AA83A0A
:10ECE000C02A103CC82AD830D02AA82CD82AA83C40
:10ECF000E02A183CE82AD838F02AA82EF82AA83E9C
:10ED0000002B4038082B6038102BC038182BE83007
:10ED1000202B4838282B6838302BC838382BE8325D
:10ED2000402B403C482B603C502BC03C582BE834D7
:10ED3000602B483C682B683C702BC83C782BE8362D
:10ED4000802B5038882B9831902BD038982BE8386E
:10ED5000A02B5838A82B9839B02BD838B82BE83AC4
:10ED6000C02B503CC82BD831D02BE82CD82BE83CFA
:10ED7000E02B583CE82BD839F02BE82EF82BE83E56
:10ED8000082C202C102C802C182C2831282C902C6E
:10ED9000302C9031382C2833402C002D482C202D3D
:10EDA000502C802D582C2835602C082D682CD02C08
:10EDB000702C882D782C2837882C9034982C283962
:10EDC000A02C6830A82C903CB02C6838B82C283B7C
:10EDD000C02C102DC82CD034D02C282DD82C283D58
:10EDE000E02C182DE82CD03CF02C282FF82C283FB4
:10EDF000082D202D102D802D182D6831282D902DB7
:10EE0000302DD031382D6833482D602D502DC02D38
:10EE1000582D6835682DD02D702DC82D782D683768
:10EE2000882D9035982D6839A02D6834A82D903DF7
:10EE3000B02D683CB82D683BC82DD035D82D683D25
:10EE4000E02D6835E82DD03DF02D682FF82D683F76
:10EE5000002E0039082E2039102E8039182EA831A6
:10EE6000202E0839282E2839302E8839382EA833FC
:10EE7000402E003D482E203D502E803D582EA83576
:10EE8000602E083D682E283D702E883D782EA837CC
:10EE9000802E1039882E9834902E9039982EA839CB
:10EEA000A02E1839A82E983CB02E9839B82EA83B21
:10EEB000C02E103DC82ED834D02E903DD82EA83D5F
:10EEC000E02E183DE82ED83CF02EA82FF82EA83FB3
:10EED000002F4039082F6039102FC039182FE83122
:10EEE000202F4839282F6839302FC839382FE83378
:10EEF000402F403D482F603D502FC03D582FE835F2
:10EF0000602F483D682F683D702FC83D782FE83747
:10EF1000802F5039882F9835902FD039982FE83985
:10EF2000A02F5839A82F983DB02FD839B82FE83BDB
:10EF3000C02F503DC82FD835D02FD03DD82FE83D19
:10EF4000E02F583DE82FD83DF02FD83DF82FE83F6F
:10EF500018303030383030324030003148300831ED
:10EF60005030103158303034603020316830283122
:10EF700070301834783030368830A03098303038DF
:10EF8000A830A038B0308838B830303AC03080313E
:10EF9000C830E030D0309031D830303CE03088316B
:10EFA000E830E038F0308839F830303E0031003455
:10EFB000083108341031103418311834203120341D
:10EFC0002831283430313034383170324031003516
:10EFD00048310835503110355831703460312035A2
:10EFE000683128357031583478317036803180344A
:10EFF0008831A0319031903498317038A031883404
:10F00000A831A039B031883CB831703AC031803570
:10F01000C831E031D0319035D831703CE03188359D
:10F02000E831E039F031883DF831703E0032003887
:10F0300008328038103208381832883820321038B8
:10F0400028329038303218383832B03240324038B6
:10F050004832C038503248385832B03460325038B4
:10F060006832D038703258387832B0368032203832
:10F070008832A038903228389832B038A0323038F0
:10F08000A832A838B0329838B832B03AC0326038B6
:10F09000C832E038D0326838D832B03CE03270380C
:10F0A000E832E838F0329839F832B03E00330039AF
:10F0B0000833803910330839183388392033103930
:10F0C0002833903930331839383398394033403940
:10F0D0004833C039503348395833F03460335039ED
:10F0E0006833D039703358397833F036803320396B
:10F0F0008833A039903328399833F038A0339834C6
:10F10000A833A839B033983CB833F03AC0336039EB
:10F11000C833E039D0336839D833F03CE033983520
:10F12000E833E839F033983DF833F03E18343034A2
:10F1300038341839403400354834083550341035E7
:10F1400058343035603420356834283570341835FB
:10F15000783430378834A03498343039A834A03C1F
:10F16000B034C838B834303BC0348035C834E034AB
:10F17000D0349035D834303DE0348835E834E03C44
:10F18000F034C839F834303F18353035383558390F
:10F1900058357035783570378835A03598357039E1
:10F1A000A835A03DB035C83CB835703BC835E03512
:10F1B000D835703DE835E03DF035C83DF835703F55
:10F1C0000036003C0836803C1036083C1836883C37
:10F1D0002036103C2836903C3036183C3836983C67
:10F1E0004036403C4836C03C5036483C5836C83C17
:10F1F0006036503C6836D03C7036583C7836B03774
:10F200008036203C8836A03C9036283C9836B03971
:10F21000A036303CA836A83CB036D838B836B03B1B
:10F22000C036603CC836E03CD036683CD836B03D8D
:10F23000E036703CE836E83CF036D839F836B03F76
:10F240000037003D0837803D1037083D1837883DAE
:10F250002037103D2837903D3037183D3837983DDE
:10F260004037403D4837C03D5037483D5837C83D8E
:10F270006037503D6837D03D7037583D7837F037AC
:10F280008037203D8837A03D9037283D9837F039AA
:10F29000A037303DA837A83DB037D83CB837F03B51
:10F2A000C037603DC837E03DD037683DD837F03DC6
:10F2B000E037703DE837E83DF037D83DF837F03FAC
:10F2C00038389838403800394838083950381039BB
:10F2D000583818396038203968382839703830394A
:10F2E0007838983CA838B038B838383AC0388039BF
:10F2F000C8388839D0389039D838383CE038A03907
:10F30000E838F038F838383EF038A8390039003C91
:10F310000839083C1039103C1839183C2039203C79
:10F320002839283C3039303C3839383C4039003DA8
:10F330004839083D5039103D5839183D6039203D55
:10F340006839283D7039303D7839D83C8039803C67
:10F350008839883C9039903C9839983CA039A03C39
:10F36000A839B039B839783AB039A83CC039803DAD
:10F37000C839883DD039903DD839783CE039A03D36
:10F38000E839F039F839783EF039A83D083A103AB2
:10F39000103A203A183A303A203A803A283A903ACD
:10F3A000303AA03A383AB03A403A003B483A103B3B
:10F3B000503A203B583A303B603A803B683A903BA9
:10F3C000703AA03B783AB03B883AA03A983AB03AC3
:10F3D000A83AB03AC03A083BC83A183BD03A283B62
:10F3E000D83AB83CE03A883BE83A983BF03AA83B38
:10F3F000F83AB83E003B003E083B103E103B203E32
:10F40000183B303E203B803E283B903E303BA03EA8
:10F41000383BB03E403B003F483B103F503B203F15
:10F42000583B303F603B803F683B903F703BA03F84
:10F43000783BB03F803B083E883B183E903B283EDF
:10F44000983B383EA03B883EA83B983EB03BA83E48
:10F45000B83BB83EC03B083FC83B183FD03B283FB5
:10F46000D83BF83CE03B883FE83B983FF03BA83F67
:10F47000F83BF83E383C983C403C003D483C083D59
:10F48000503C103D583C183D603C203D683C283DB8
:10F49000703C303D783C983DA83CB03CB83CB03E18
:10F4A000C03C803DC83C883DD03C903DD83C383D78
:10F4B000E03CA03DE83CF03CF03CA83DF83C383F47
:10F4C000383D983D783DD83DA83DB03DB83DB03F72
:10F4D000E83DF03D083E803EF83D783F103E803EDE
:10F4E000183E883E203E803E283E903E303E883E7C
:10F4F000383E983E403E003F483E203F503E803FD1
:10F50000583EA03F603E083F683E283F703E883F1F
:10F51000783EA83F883EA03E983EA83EC03E103FA1
:10F52000A83EB03EC83E303FD03E903FD83EB03FB0
:10F53000E03E183FE83E383FF03E983F083F803FAE
:10F54000F83EB83F103F803F183F883F203F803F44
:10F55000283F903F303F883F383F983F483F503FDB
:10F56000503F603F583F703F603FC03F683FD03FD3
:10F57000703FE03F783FF03F883FA03F983FA83F73
:10F58000A83FB03FD83FF03FC83FE03FE83FF03FE3
:10F59000080000101000002018000030200000407B
:10F5A0002800005030000060380000704000000269
:10F5B0004800001250000022580000326000004253
:10F5C0006800005270000062780000728000000441
:10F5D000880000149000002498000034A00000442B
:10F5E000A8000054B0000064B8000074C000000619
:10F5F000C8000016D0000026D8000036E000004603
:10F60000E8000056F0000066F800007600010008EF
:10F6100008010018100100281801003820010048D6
:10F620002801005830010068380100784001000AC4
:10F630004801001A5001002A5801003A6001004AAE
:10F640006801005A7001006A7801007A8001000C9C
:10F650008801001C9001002C9801003CA001004C86
:10F66000A801005CB001006CB801007CC001000E74
:10F67000C801001ED001002ED801003EE001004E5E
:10F68000E801005EF001006EF801007E0802401003
:10F690001002402018024030200240402802405012
:10F6A000300240603802407048024012500240224E
:10F6B000580240326002404268024052700240628A
:10F6C0007802407280024004880240149002402474
:10F6D00098024034A0024044A8024054B002406462
:10F6E000B8024074C0024006C8024016D00240264C
:10F6F000D8024036E0024046E8024056F00240663A
:10F70000F802407600034008080340181003402820
:10F71000180340382003404828034058300340680D
:10F72000380340784003400A4803401A5003402AF7
:10F730005803403A6003404A6803405A7003406AE5
:10F740007803407A8003400C8803401C9003402CCF
:10F750009803403CA003404CA803405CB003406CBD
:10F76000B803407CC003400EC803401ED003402EA7
:10F77000D803403EE003404EE803405EF003406E95
:10F78000F803407E080480101004802018048030A4
:10F790002004804028048050300480603804807049
:10F7A0004804801250048022580480326004804251
:10F7B0006804805270048062780480728804801427
:10F7C0009004802498048034A0048044A8048054C9
:10F7D000B0048064B8048074C0048006C804801635
:10F7E000D0048026D8048036E0048046E8048056A1
:10F7F000F0048066F804807600058008080580180B
:10F800001005802818058038200580482805805874
:10F8100030058068380580784005800A4805801AE0
:10F820005005802A5805803A6005804A6805805A4C
:10F830007005806A7805807A8005800C8805801CB8
:10F840009005802C9805803CA005804CA805805C24
:10F85000B005806CB805807CC005800EC805801E90
:10F86000D005802ED805803EE005804EE805805EFC
:10F87000F005806EF805807E0806C0101006C020D6
:10F880001806C0302006C0402806C0503006C060B0
:10F890003806C0704806C0125006C0225806C03252
:10F8A0006006C0426806C0527006C0627806C07228
:10F8B0008806C0149006C0249806C034A006C04430
:10F8C000A806C054B006C064B806C074C806C01606
:10F8D000D006C026D806C036E006C046E806C056A8
:10F8E000F006C066F806C0760007C0080807C01812
:10F8F0001007C0281807C0382007C0482807C0587C
:10F900003007C0683807C0784007C00A4807C01AE7
:10F910005007C02A5807C03A6007C04A6807C05A53
:10F920007007C06A7807C07A8007C00C8807C01CBF
:10F930009007C02C9807C03CA007C04CA807C05C2B
:10F94000B007C06CB807C07CC007C00EC807C01E97
:10F95000D007C02ED807C03EE007C04EE807C05E03
:10F96000F007C06EF807C07E0808001110080021DB
:10F9700018080031200800412808005130080061B3
:10F980003808007148080013500800235808003355
:10F99000600800436808005370080063780800732B
:10F9A000880800159008002598080035A008004533
:10F9B000A8080055B0080065B8080075C808001709
:10F9C000D0080027D8080037E0080047E8080057AB
:10F9D000F0080067F80800770809001910090029E5
:10F9E000180900392009004928090059300900691F
:10F9F000380900794009000B4809001B5009002B09
:10FA00005809003B6009004B6809005B7009006BF6
:10FA10007809007B8009000D8809001D9009002DE0
:10FA20009809003DA009004DA809005DB009006DCE
:10FA3000B809007DC009000FC809001FD009002FB8
:10FA4000D809003FE009004FE809005FF009006FA6
:10FA5000F809007F080A4011100A4021180A4031B5
:10FA6000200A4041280A4051300A4061380A40715A
:10FA7000480A4013500A4023580A4033600A404362
:10FA8000680A4053700A4063780A4073880A401538
:10FA9000900A4025980A4035A00A4045A80A4055DA
:10FAA000B00A4065B80A4075C80A4017D00A402716
:10FAB000D80A4037E00A4047E80A4057F00A406752
:10FAC000F80A4077080B4019100B4029180B4039F1
:10FAD000200B4049280B4059300B4069380B4079C6
:10FAE000480B401B500B402B580B403B600B404BCE
:10FAF000680B405B700B406B780B407B800B400DBC
:10FB0000880B401D900B402D980B403DA00B404DA5
:10FB1000A80B405DB00B406DB80B407DC00B400F93
:10FB2000C80B401FD00B402FD80B403FE00B404F7D
:10FB3000E80B405FF00B406FF80B407F080C801122
:10FB4000100C8021180C8031200C8041280C805131
:10FB5000300C8061380C8071480C8013500C80236D
:10FB6000580C8033600C8043680C8053700C8063A9
:10FB7000780C8073880C8015900C8025980C80354B
:10FB8000A00C8045A80C8055B00C8065B80C807521
:10FB9000C80C8017D00C8027D80C8037E00C804729
:10FBA000E80C8057F00C8067F80C8077080D8019FE
:10FBB000100D8029180D8039200D8049280D80599D
:10FBC000300D8069380D8079480D801B500D802BD9
:10FBD000580D803B600D804B680D805B700D806B15
:10FBE000780D807B880D801D900D802D980D803DB7
:10FBF000A00D804DA80D805DB00D806DB80D807D8D
:10FC0000C00D800FC80D801FD00D802FD80D803FF4
:10FC1000E00D804FE80D805FF00D806FF80D807F64
:10FC2000080EC011100EC021180EC031200EC041A8
:10FC3000280EC051300EC061380EC071480EC0137E
:10FC4000500EC023580EC033600EC043680EC05320
:10FC5000700EC063780EC073880EC015900EC0255C
:10FC6000980EC035A00EC045A80EC055B00EC06598
:10FC7000B80EC075C80EC017D00EC027D80EC0373A
:10FC8000E00EC047E80EC057F00EC067F80EC07710
:10FC9000080FC019100FC029180FC039200FC04914
:10FCA000280FC059300FC069380FC079480FC01BEA
:10FCB000500FC02B580FC03B600FC04B680FC05B8C
:10FCC000700FC06B780FC07B880FC01D900FC02DC8
:10FCD000980FC03DA00FC04DA80FC05DB00FC06D04
:10FCE000B80FC07DC80FC01FD00FC02FD80FC03FA6
:10FCF000E00FC04FE80FC05FF00FC06FF80FC07F7C
:10FD00001010082018100830201008402810085043
:10FD1000301008603810087048100812501008227F
:10FD200058100832601008426810085270100862BB
:10FD3000781008728810081490100824981008345D
:10FD4000A0100844A8100854B0100864B810087433
:10FD5000C8100816D0100826D8100836E01008463B
:10FD6000E8100856F0100866F81008760811081810
:10FD700010110828181108382011084828110858AF
:10FD800030110868381108784811081A5011082AEB
:10FD90005811083A6011084A6811085A7011086A27
:10FDA0007811087A8811081C9011082C9811083CC9
:10FDB000A011084CA811085CB011086CB811087C9F
:10FDC000C811081ED011082ED811083EE011084EA7
:10FDD000E811085EF011086EF811087E1012482034
:10FDE00018124830201248402812485030124860FB
:10FDF0003812487050124822581248326012484255
:10FE00006812485270124862781248728812481478
:10FE10009012482498124834A0124844A81248541A
:10FE2000B0124864B8124874C8124816D012482656
:10FE3000D8124836E0124846E8124856F012486692
:10FE4000F812487608134818101348281813483831
:10FE50002013484828134858301348683813487806
:10FE60004813481A5013482A5813483A6013484A0E
:10FE70006813485A7013486A7813487A8813481CE4
:10FE80009013482C9813483CA013484CA813485C86
:10FE9000B013486CB813487CC813481ED013482EC2
:10FEA000D813483EE013484EE813485EF013486EFE
:10FEB000F813487E101488201814883020148840C5
:10FEC00028148850301488603814887050148822A0
:10FED00058148832601488426814885270148862FA
:10FEE000781488729014882498148834A014884454
:10FEF000A8148854B0148864B8148874C814881678
:10FF0000D0148826D8148836E0148846E814885619
:10FF1000F0148866F8148876081588181015882853
:10FF2000181588382015884828158858301588688D
:10FF3000381588784815881A5015882A5815883A2F
:10FF40006015884A6815885A7015886A7815887A05
:10FF50008815881C9015882C9815883CA015884C0D
:10FF6000A815885CB015886CB815887CC815881EE3
:10FF7000D015882ED815883EE015884EE815885E85
:10FF8000F015886EF815887E1016C8201816C8302F
:10FF90002016C8402816C8503016C8603816C870D9
:10FFA0005016C8225816C8326016C8426816C85281
:10FFB0007016C8627816C8729016C8249816C8348D
:10FFC000A016C844A816C854B016C864B816C87499
:10FFD000D016C826D816C836E016C846E816C85641
:10FFE000F016C866F816C8760817C8181017C8287B
:10FFF0001817C8382017C8482817C8583017C868B5
:020000040802F0
:100000003817C8784817C81A5017C82A5817C83A56
:100010006017C84A6817C85A7017C86A7817C87A2C
:100020008817C81C9017C82C9817C83CA017C84C34
:10003000A817C85CB017C86CB817C87CC817C81E0A
:10004000D017C82ED817C83EE017C84EE817C85EAC
:10005000F017C86EF817C87E101808211818083154
:1000600020180841281808513018086138180871FC
:1000700050180823581808336018084368180853A4
:1000800070180863781808739018082598180835B0
:10009000A0180845A8180855B0180865B8180875BC
:1000A000D0180827D8180837E0180847E818085764
:1000B000F0180867F818087710190829181908396E
:1000C0002019084928190859301908693819087978
:1000D0004819081B5019082B5819083B6019084B80
:1000E0006819085B7019086B7819087B8819081D56
:1000F0009019082D9819083DA019084DA819085DF8
:10010000B019086DB819087DC819081FD019082F33
:10011000D819083FE019084FE819085FF019086F6F
:10012000F819087F101A4821181A4831201A484136
:10013000281A4851301A4861381A4871501A482311
:10014000581A4833601A4843681A4853701A48636B
:10015000781A4873901A4825981A4835A01A4845C5
:10016000A81A4855B01A4865B81A4875D01A4827D1
:10017000D81A4837E01A4847E81A4857F01A48672B
:10018000F81A4877101B4829181B4839201B484982
:10019000281B4859301B4869381B4879501B482B8D
:1001A000581B483B601B484B681B485B701B486BE7
:1001B000781B487B881B481D901B482D981B483D89
:1001C000A01B484DA81B485DB01B486DB81B487D5F
:1001D000C81B481FD01B482FD81B483FE01B484F67
:1001E000E81B485FF01B486FF81B487F101C8821F4
:1001F000181C8831201C8841281C8851301C8861BB
:10020000381C8871501C8823581C8833601C884314
:10021000681C8853701C8863781C8873901C882520
:10022000981C8835A01C8845A81C8855B01C88657A
:10023000B81C8875D01C8827D81C8837E01C8847D4
:10024000E81C8857F01C8867F81C8877101D8829DF
:10025000181D8839201D8849281D8859301D886936
:10026000381D8879501D882B581D883B601D884B90
:10027000681D885B701D886B781D887B901D882D9C
:10028000981D883DA01D884DA81D885DB01D886DF6
:10029000B81D887DC81D881FD01D882FD81D883F98
:1002A000E01D884FE81D885FF01D886FF81D887F6E
:1002B000101EC821181EC831201EC841281EC85152
:1002C000301EC861381EC871501EC823581EC8335E
:1002D000601EC843681EC853701EC863781EC8736A
:1002E000901EC825981EC835A01EC845A81EC85512
:1002F000B01EC865B81EC875D01EC827D81EC8371E
:10030000E01EC847E81EC857F01EC867F81EC87729
:10031000101FC829181FC839201FC849281FC859CD
:10032000301FC869381FC879501FC82B581FC83BD9
:10033000601FC84B681FC85B701FC86B781FC87BE5
:10034000901FC82D981FC83DA01FC84DA81FC85D8D
:10035000B01FC86DB81FC87DD01FC82FD81FC83F99
:10036000E01FC84FE81FC85FF01FC86FF81FC87FA5
:10037000182010302020104028201050302010600D
:100380003820107050201022582010326020104267
:100390006820105270201062782010729020102473
:1003A00098201034A0201044A8201054B0201064CD
:1003B000B8201074D0201026D8201036E020104627
:1003C000E8201056F0201066F82010761021102832
:1003D0001821103820211048282110583021106889
:1003E000382110785021102A5821103A6021104AE3
:1003F0006821105A7021106A7821107A9021102CEF
:100400009821103CA021104CA821105CB021106C48
:10041000B821107CD021102ED821103EE021104EA2
:10042000E821105EF021106EF821107E1822503065
:1004300020225040282250503022506038225070E4
:10044000582250326022504268225052702250622C
:10045000782250729022502498225034A022504486
:10046000A8225054B0225064B8225074D022502692
:10047000D8225036E0225046E8225056F0225066EC
:10048000F822507610235028182350382023504843
:100490002823505830235068382350785023502A4E
:1004A0005823503A6023504A6823505A7023506AA8
:1004B0007823507A9023502C9823503CA023504C02
:1004C000A823505CB023506CB823507CD023502E0E
:1004D000D823503EE023504EE823505EF023506E68
:1004E000F823507E182490302024904028249050E7
:1004F00030249060382490705824903260249042C8
:1005000068249052702490627824907298249034D9
:10051000A0249044A8249054B0249064B8249074EB
:10052000D0249026D8249036E0249046E824905693
:10053000F0249066F824907610259028182590389D
:1005400020259048282590583025906838259078A7
:100550005025902A5825903A6025904A6825905A4F
:100560007025906A7825907A9025902C9825903C5B
:10057000A025904CA825905CB025906CB825907C67
:10058000D025902ED825903EE025904EE825905E0F
:10059000F025906EF825907E1826D0302026D04089
:1005A0002826D0503026D0603826D0705826D03239
:1005B0006026D0426826D0527026D0627826D0724B
:1005C0009826D034A026D044A826D054B026D06493
:1005D000B826D074D826D036E026D046E826D056A5
:1005E000F026D066F826D0761027D0281827D038E5
:1005F0002027D0482827D0583027D0683827D078EF
:100600005027D02A5827D03A6027D04A6827D05A96
:100610007027D06A7827D07A9027D02C9827D03CA2
:10062000A027D04CA827D05CB027D06CB827D07CAE
:10063000D027D02ED827D03EE027D04EE827D05E56
:10064000F027D06EF827D07E1828103120281041CE
:10065000282810513028106138281071582810337C
:10066000602810436828105370281063782810738E
:1006700098281035A0281045A8281055B0281065D6
:10068000B8281075D8281037E0281047E8281057E8
:10069000F0281067F82810771829103920291049F8
:1006A0002829105930291069382910795029102B20
:1006B0005829103B6029104B6829105B7029106B7A
:1006C0007829107B9029102D9829103DA029104DD4
:1006D000A829105DB029106DB829107DD029102FE0
:1006E000D829103FE029104FE829105FF029106F3A
:1006F000F829107F182A5031202A5041282A5051B9
:10070000302A5061382A5071582A5033602A504399
:10071000682A5053702A5063782A5073982A5035AB
:10072000A02A5045A82A5055B02A5065B82A5075BD
:10073000D82A5037E02A5047E82A5057F02A506705
:10074000F82A5077182B5039202B5049282B505914
:10075000302B5069382B5079582B503B602B504B25
:10076000682B505B702B506B782B507B902B502D4F
:10077000982B503DA02B504DA82B505DB02B506DA9
:10078000B82B507DD02B502FD82B503FE02B504F03
:10079000E82B505FF02B506FF82B507F182C9031C6
:1007A000202C9041282C9051302C9061382C907145
:1007B000582C9033602C9043682C9053702C90638D
:1007C000782C9073982C9035A02C9045A82C90559F
:1007D000B02C9065B82C9075D82C9037E02C9047B1
:1007E000E82C9057F02C9067F82C9077182D9039C2
:1007F000202D9049282D9059302D9069382D9079D1
:10080000582D903B602D904B682D905B702D906B18
:10081000782D907B982D903DA02D904DA82D905D2A
:10082000B02D906DB82D907DD02D902FD82D903F6C
:10083000E02D904FE82D905FF02D906FF82D907F78
:10084000182ED031202ED041282ED051302ED061FC
:10085000382ED071582ED033602ED043682ED0530E
:10086000702ED063782ED073982ED035A02ED04520
:10087000A82ED055B02ED065B82ED075D82ED03732
:10088000E02ED047E82ED057F02ED067F82ED07744
:10089000182FD039202FD049282FD059302FD06988
:1008A000382FD079582FD03B602FD04B682FD05B9A
:1008B000702FD06B782FD07B982FD03DA02FD04DAC
:1008C000A82FD05DB02FD06DB82FD07DD82FD03FBE
:1008D000E02FD04FE82FD05FF02FD06FF82FD07FD0
:1008E00020301840283018503030186038301870D8
:1008F0005830183260301842683018527030186220
:100900007830187298301834A0301844A830185431
:10091000B0301864B8301874D8301836E030184643
:10092000E8301856F0301866F83018761831183854
:100930002031184828311858303118683831187863
:100940005831183A6031184A6831185A7031186AAB
:100950007831187A9831183CA031184CA831185CBD
:10096000B031186CB831187CD831183EE031184ECF
:10097000E831185EF031186EF831187E2032584098
:1009800028325850303258603832587060325842ED
:1009900068325852703258627832587298325834ED
:1009A000A0325844A8325854B0325864B8325874FF
:1009B000D8325836E0325846E8325856F032586647
:1009C000F832587618335838203358482833585856
:1009D00030335868383358785833583A6033584A67
:1009E0006833585A7033586A7833587A9833583C79
:1009F000A033584CA833585CB033586CB833587C8B
:100A0000D833583EE033584EE833585EF033586ED2
:100A1000F833587E20349840283498503034986009
:100A200038349870603498426834985270349862C0
:100A300078349872A0349844A8349854B0349864A8
:100A4000B8349874D8349836E0349846E8349856D8
:100A5000F0349866F83498761835983820359848E8
:100A60002835985830359868383598785835983AF8
:100A70006035984A6835985A7035986A7835987A0A
:100A80009835983CA035984CA835985CB035986C52
:100A9000B835987CD835983EE035984EE835985E64
:100AA000F035986EF835987E2036D8402836D850E4
:100AB0003036D8603836D8706036D8426836D8526A
:100AC0007036D8627836D872A036D844A836D85452
:100AD000B036D864B836D874E036D846E836D8563A
:100AE000F036D866F836D8761837D8382037D84850
:100AF0002837D8583037D8683837D8785837D83A60
:100B00006037D84A6837D85A7037D86A7837D87A71
:100B10009837D83CA037D84CA837D85CB037D86CB9
:100B2000B837D87CD837D83EE037D84EE837D85ECB
:100B3000F037D86EF837D87E203818412838185149
:100B400030381861383818716038184368381853CD
:100B50007038186378381873A0381845A8381855B5
:100B6000B0381865B8381875E0381847E83818579D
:100B7000F0381867F8381877203918492839185983
:100B800030391869383918795839183B6039184B99
:100B90006839185B7039186B7839187B9839183DAB
:100BA000A039184DA839185DB039186DB839187DBD
:100BB000D839183FE039184FE839185FF039186F05
:100BC000F839187F203A5841283A5851303A58613C
:100BD000383A5871603A5843683A5853703A5863F3
:100BE000783A5873A03A5845A83A5855B03A5865DB
:100BF000B83A5875E03A5847E83A5857F03A5867C3
:100C0000F83A5877203B5849283B5859303B5869A7
:100C1000383B5879603B584B683B585B703B586B8E
:100C2000783B587B983B583DA03B584DA83B585DBE
:100C3000B03B586DB83B587DD83B583FE03B584FD0
:100C4000E83B585FF03B586FF83B587F203C984199
:100C5000283C9851303C9861383C9871603C9843EE
:100C6000683C9853703C9863783C9873A03C9845D6
:100C7000A83C9855B03C9865B83C9875E03C9847BE
:100C8000E83C9857F03C9867F83C9877203D9849A5
:100C9000283D9859303D9869383D9879603D984B8A
:100CA000683D985B703D986B783D987BA03D984D72
:100CB000A83D985DB03D986DB83D987DD83D983F72
:100CC000E03D984FE83D985FF03D986FF83D987F84
:100CD000203ED841283ED851303ED861383ED871A8
:100CE000603ED843683ED853703ED863783ED87390
:100CF000A03ED845A83ED855B03ED865B83ED87578
:100D0000E03ED847E83ED857F03ED867F83ED8775F
:100D1000203FD849283FD859303FD869383FD87943
:100D2000603FD84B683FD85B703FD86B783FD87B2B
:100D3000A03FD84DA83FD85DB03FD86DB83FD87D13
:100D4000E03FD84FE83FD85FF03FD86FF83FD87FFB
:100D500028402050304020603840207060402042C1
:100D6000684020527040206278402072A0402044A9
:100D7000A8402054B0402064B8402074E040204691
:100D8000E8402056F0402066F84020762041204878
:100D90002841205830412068384120786041204A5D
:100DA0006841205A7041206A7841207AA041204C45
:100DB000A841205CB041206CB841207CE041204E2D
:100DC000E841205EF041206EF841207E28426050CC
:100DD00030426060384260706842605270426062C7
:100DE00078426072A0426044A8426054B04260649D
:100DF000B8426074E0426046E8426056F042606685
:100E0000F842607620436048284360583043606869
:100E1000384360786043604A6843605A7043606A50
:100E20007843607AA043604CA843605CB043606C38
:100E3000B843607CE043604EE843605EF043606E20
:100E4000F843607E2844A0503044A0603844A0702D
:100E50006844A0527044A0627844A072A844A05490
:100E6000B044A064B844A074E044A046E844A0564E
:100E7000F044A066F844A0762045A0482845A05834
:100E80003045A0683845A0786045A04A6845A05A1A
:100E90007045A06A7845A07AA045A04CA845A05C02
:100EA000B045A06CB845A07CE045A04EE845A05EEA
:100EB000F045A06EF845A07E2846E0503046E06040
:100EC0003846E0706846E0527046E0627846E0726C
:100ED000A846E054B046E064B846E074E846E05600
:100EE000F046E066F846E0762047E0482847E058BC
:100EF0003047E0683847E0786047E04A6847E05AA2
:100F00007047E06A7847E07AA047E04CA847E05C89
:100F1000B047E06CB847E07CE047E04EE847E05E71
:100F2000F047E06EF847E07E2848205130482061C5
:100F300038482071684820537048206378482073EF
:100F4000A8482055B0482065B8482075E848205783
:100F5000F0482067F848207728492059304920690F
:100F6000384920796049204B6849205B7049206BE3
:100F70007849207BA049204DA849205DB049206DCB
:100F8000B849207DE049204FE849205FF049206FB3
:100F9000F849207F284A6051304A6061384A6071C0
:100FA000684A6053704A6063784A6073A84A605523
:100FB000B04A6065B84A6075E84A6057F04A6067B1
:100FC000F84A6077284B6059304B6069384B60793C
:100FD000684B605B704B606B784B607BA04B604DE7
:100FE000A84B605DB04B606DB84B607DE04B604FCF
:100FF000E84B605FF04B606FF84B607F284CA0516E
:10100000304CA061384CA071684CA053704CA06368
:10101000784CA073A84CA055B04CA065B84CA075F6
:10102000E84CA057F04CA067F84CA077284DA05989
:10103000304DA069384DA079684DA05B704DA06B14
:10104000784DA07BA84DA05DB04DA06DB84DA07DA2
:10105000E04DA04FE84DA05FF04DA06FF84DA07F90
:10106000284EE051304EE061384EE071684EE0535A
:10107000704EE063784EE073A84EE055B04EE065E8
:10108000B84EE075E84EE057F04EE067F84EE07776
:10109000284FE059304FE069384FE079684FE05B06
:1010A000704FE06B784FE07BA84FE05DB04FE06D94
:1010B000B84FE07DE84FE05FF04FE06FF84FE07F22
:1010C000305028603850287068502852705028627C
:1010D00078502872A8502854B0502864B85028740A
:1010E000E8502856F0502866F8502876285128589D
:1010F00030512868385128786851285A7051286A28
:101100007851287AA851285CB051286CB851287CB5
:10111000E851285EF051286EF851287E3052686000
:10112000385268707052686278526872A852685477
:10113000B0526864B8526874E8526856F0526866F3
:10114000F85268762853685830536868385368787E
:101150006853685A7053686A7853687AA853685C11
:10116000B053686CB853687CE853685EF053686E9F
:10117000F853687E3054A8603854A8707054A86240
:101180007854A872B054A864B854A874E854A85607
:10119000F054A866F854A8762855A8583055A86881
:1011A0003855A8786855A85A7055A86A7855A87A0D
:1011B000A855A85CB055A86CB855A87CE855A85EA1
:1011C000F055A86EF855A87E3056E8603856E8709D
:1011D0007056E8627856E872B056E864B856E8741B
:1011E000F056E866F856E8762857E8583057E86829
:1011F0003857E8786857E85A7057E86A7857E87AB5
:10120000A857E85CB057E86CB857E87CE857E85E48
:10121000F057E86EF857E87E305828613858287142
:101220007058286378582873B0582865B8582875BE
:10123000F0582867F858287730592869385928799C
:101240006859285B7059286B7859287BA859285D04
:10125000B059286DB859287DE859285FF059286F92
:10126000F859287F305A6861385A6871705A686333
:10127000785A6873B05A6865B85A6875F05A6867E2
:10128000F85A6877305B6869385B6879705B686BBF
:10129000785B687BA85B685DB05B686DB85B687DF8
:1012A000E85B685FF05B686FF85B687F305CA86143
:1012B000385CA871705CA863785CA873B05CA865A2
:1012C000B85CA875F05CA867F85CA877305DA86981
:1012D000385DA879705DA86B785DA87BB05DA86D5E
:1012E000B85DA87DE85DA85FF05DA86FF85DA87F98
:1012F000305EE861385EE871705EE863785EE873DE
:10130000B05EE865B85EE875F05EE867F85EE877BD
:10131000305FE869385FE879705FE86B785FE87B99
:10132000B05FE86DB85FE87DF05FE86FF85FE87F79
:10133000386030707060306278603072B0603064F5
:10134000B8603074F0603066F860307630613068D4
:10135000386130787061306A7861307AB061306CB1
:10136000B861307CF061306EF861307E3862707048
:1013700078627072B0627064B8627074F0627066A5
:10138000F862707630637068386370787063706A82
:101390007863707AB063706CB863707CF063706E61
:1013A000F863707E3864B0707864B072B864B074FA
:1013B000F064B066F864B0763065B0683865B078CF
:1013C0007065B06A7865B07AB065B06CB865B07CAD
:1013D000F065B06EF865B07E3866F0707866F072D1
:1013E000B866F074F866F0763067F0683867F078C1
:1013F0007067F06A7867F07AB067F06CB867F07C75
:10140000F067F06EF867F07E386830717868307396
:10141000B8683075F8683077386930797069306B42
:101420007869307BB069306DB869307DF069306FB4
:10143000F869307F386A7071786A7073B86A70754D
:10144000F86A7077386B7079786B707BB06B706D01
:10145000B86B707DF06B706FF86B707F386CB0712B
:10146000786CB073B86CB075F86CB077386DB079D3
:10147000786DB07BB86DB07DF06DB06FF86DB07FFA
:10148000386EF071786EF073B86EF075F86EF077B4
:10149000386FF079786FF07BB86FF07DF86FF07F80
:1014A00078703872B8703874F87038763871387867
:1014B0007871387AB871387CF871387EB87278747F
:1014C000F8727876387378787873787AB873787C2D
:1014D000F873787EF874B8763875B8787875B87A15
:1014E000B875B87CF875B87E3877F8787877F87A78
:1014F000B877F87CF877F87E7879387BB879387DDA
:10150000F879387FB87B787DF87B787FF87DB87F75
:10151000000000000000803FC2C5473EBE147B3F74
:1015200015EFC33E5E836C3FDA390E3F31DB543F2B
:10153000F304353FF304353F31DB543FDA390E3FD6
:101540005E836C3F15EFC33EBE147B3FC2C5473E72
:101550000000803F00000000BE147B3FC2C547BEB4
:101560005E836C3F15EFC3BE31DB543FDA390EBFEB
:10157000F304353FF30435BFDA390E3F31DB54BF96
:1015800015EFC33E5E836CBFC2C5473EBE147BBF32
:10159000000000000000803F36BDC83D6DC47E3FA6
:1015A000C2C5473EBE147B3F31A0943E0BFA743F48
:1015B00015EFC33E5E836C3FEA5AF13E98C5613F2A
:1015C000DA390E3F31DB543F9967223F03E4453F50
:1015D000F304353FF304353F03E4453F9967223F69
:1015E00031DB543FDA390E3F98C5613FEA5AF13E8C
:1015F0005E836C3F15EFC33E0BFA743F31A0943EFF
:10160000BE147B3FC2C5473E6DC47E3F36BDC83D5C
:101610000000803F000000006DC47E3F36BDC8BDA5
:10162000BE147B3FC2C547BE0BFA743F31A094BEC7
:101630005E836C3F15EFC3BE98C5613FEA5AF1BEA9
:1016400031DB543FDA390EBF03E4453F996722BFCF
:10165000F304353FF30435BF9967223F03E445BFE8
:10166000DA390E3F31DB54BFEA5AF13E98C561BF0B
:1016700015EFC33E5E836CBF31A0943E0BFA74BF7E
:10168000C2C5473EBE147BBF36BDC83D6DC47EBFDC
:10169000000000000000803F2FFB483D0FB17F3F5E
:1016A00036BDC83D6DC47E3F8340163EAC3A7D3F9B
:1016B000C2C5473EBE147B3FCCCF783EF853783F3F
:1016C00031A0943E0BFA743FD47CAC3E0809713FC4
:1016D00015EFC33E5E836C3F80E8DA3ED86B673F10
:1016E000EA5AF13E98C5613F3D9C033F1A945B3F27
:1016F000DA390E3F31DB543FC07F183F029F4D3F28
:101700009967223F03E4453F4AEB2B3FF9AE3D3F4B
:10171000F304353FF304353FF9AE3D3F4AEB2B3F31
:1017200003E4453F9967223F029F4D3FC07F183F2A
:1017300031DB543FDA390E3F1A945B3F3D9C033F47
:1017400098C5613FEA5AF13ED86B673F80E8DA3EC0
:101750005E836C3F15EFC33E0809713FD47CAC3EFD
:101760000BFA743F31A0943EF853783FCCCF783ECB
:10177000BE147B3FC2C5473EAC3A7D3F8340163E18
:101780006DC47E3F36BDC83D0FB17F3F2FFB483D46
:101790000000803F000000000FB17F3F2FFB48BDDD
:1017A0006DC47E3F36BDC8BDAC3A7D3F834016BE9A
:1017B000BE147B3FC2C547BEF853783FCCCF78BE3E
:1017C0000BFA743F31A094BE0809713FD47CACBEC3
:1017D0005E836C3F15EFC3BED86B673F80E8DABE0F
:1017E00098C5613FEA5AF1BE1A945B3F3D9C03BF26
:1017F00031DB543FDA390EBF029F4D3FC07F18BF27
:1018000003E4453F996722BFF9AE3D3F4AEB2BBF4A
:10181000F304353FF30435BF4AEB2B3FF9AE3DBF30
:101820009967223F03E445BFC07F183F029F4DBF29
:10183000DA390E3F31DB54BF3D9C033F1A945BBF46
:10184000EA5AF13E98C561BF80E8DA3ED86B67BFBF
:1018500015EFC33E5E836CBFD47CAC3E080971BFFC
:1018600031A0943E0BFA74BFCCCF783EF85378BFCA
:10187000C2C5473EBE147BBF8340163EAC3A7DBF17
:1018800036BDC83D6DC47EBF2FFB483D0FB17FBF45
:10189000000000000000803FB00AC93C43EC7F3FDD
:1018A0002FFB483D0FB17F3F05A9963D6D4E7F3F11
:1018B00036BDC83D6DC47E3F73B2FA3D24137E3FF2
:1018C0008340163EAC3A7D3FA2102F3E283B7C3F22
:1018D000C2C5473EBE147B3F135C603E9DC7793F47
:1018E000CCCF783EF853783F938E883E07BA763F48
:1018F00031A0943E0BFA743FE59AA03E4714733F23
:10190000D47CAC3E0809713F2A44B83E9ED86E3F55
:1019100015EFC33E5E836C3FCA7BCF3EA7096A3F8B
:1019200080E8DA3ED86B673F7533E63E59AA643FDC
:10193000EA5AF13E98C5613F275DFC3E05BE5E3F19
:101940003D9C033F1A945B3F9BF5083F5348583F2B
:10195000DA390E3F31DB543F2A68133F3D4D513F8A
:10196000C07F183F029F4D3FD17F1D3F12D1493F9D
:101970009967223F03E4453F5636273F70D8413FE1
:101980004AEB2B3FF9AE3D3FBB85303F4268393FC4
:10199000F304353FF304353F4268393FBB85303FA0
:1019A000F9AE3D3F4AEB2B3F70D8413F5636273FBB
:1019B00003E4453F9967223F12D1493FD17F1D3F44
:1019C000029F4D3FC07F183F3D4D513F2A68133F56
:1019D00031DB543FDA390E3F5348583F9BF5083FFF
:1019E0001A945B3F3D9C033F05BE5E3F275DFC3E76
:1019F00098C5613FEA5AF13E59AA643F7533E63E05
:101A0000D86B673F80E8DA3EA7096A3FCA7BCF3EC2
:101A10005E836C3F15EFC33E9ED86E3F2A44B83EAE
:101A20000809713FD47CAC3E4714733FE59AA03E51
:101A30000BFA743F31A0943E07BA763F938E883EEE
:101A4000F853783FCCCF783E9DC7793F135C603E1A
:101A5000BE147B3FC2C5473E283B7C3FA2102F3EB1
:101A6000AC3A7D3F8340163E24137E3F73B2FA3D6D
:101A70006DC47E3F36BDC83D6D4E7F3F05A9963D86
:101A80000FB17F3F2FFB483D43EC7F3FB00AC93C7D
:101A90000000803F0000000043EC7F3FB00AC9BC5B
:101AA0000FB17F3F2FFB48BD6D4E7F3F05A996BD0F
:101AB0006DC47E3F36BDC8BD24137E3F73B2FABDF0
:101AC000AC3A7D3F834016BE283B7C3FA2102FBE20
:101AD000BE147B3FC2C547BE9DC7793F135C60BE45
:101AE000F853783FCCCF78BE07BA763F938E88BE46
:101AF0000BFA743F31A094BE4714733FE59AA0BE21
:101B00000809713FD47CACBE9ED86E3F2A44B8BE53
:101B10005E836C3F15EFC3BEA7096A3FCA7BCFBE89
:101B2000D86B673F80E8DABE59AA643F7533E6BEDA
:101B300098C5613FEA5AF1BE05BE5E3F275DFCBE17
:101B40001A945B3F3D9C03BF5348583F9BF508BF29
:101B500031DB543FDA390EBF3D4D513F2A6813BF88
:101B6000029F4D3FC07F18BF12D1493FD17F1DBF9B
:101B700003E4453F996722BF70D8413F563627BFDF
:101B8000F9AE3D3F4AEB2BBF4268393FBB8530BFC2
:101B9000F304353FF30435BFBB85303F426839BF9E
:101BA0004AEB2B3FF9AE3DBF5636273F70D841BFB9
:101BB0009967223F03E445BFD17F1D3F12D149BF42
:101BC000C07F183F029F4DBF2A68133F3D4D51BF54
:101BD000DA390E3F31DB54BF9BF5083F534858BFFD
:101BE0003D9C033F1A945BBF275DFC3E05BE5EBF74
:101BF000EA5AF13E98C561BF7533E63E59AA64BF03
:101C000080E8DA3ED86B67BFCA7BCF3EA7096ABFC0
:101C100015EFC33E5E836CBF2A44B83E9ED86EBFAC
:101C2000D47CAC3E080971BFE59AA03E471473BF4F
:101C300031A0943E0BFA74BF938E883E07BA76BFEC
:101C4000CCCF783EF85378BF135C603E9DC779BF18
:101C5000C2C5473EBE147BBFA2102F3E283B7CBFAF
:101C60008340163EAC3A7DBF73B2FA3D24137EBF6B
:101C700036BDC83D6DC47EBF05A9963D6D4E7FBF84
:101C80002FFB483D0FB17FBFB00AC93C43EC7FBF7B
:101C9000000000000000803F900E493C11FB7F3F98
:101CA000B00AC93C43EC7F3F2CC3163D98D37F3F1D
:101CB0002FFB483D0FB17F3F742B7B3DAB847F3FB3
:101CC00005A9963D6D4E7F3F80B6AF3D580E7F3FD4
:101CD00036BDC83D6DC47E3F2EBCE13DB0707E3F39
:101CE00073B2FA3D24137E3F86CF093ECCAB7D3FD5
:101CF0008340163EAC3A7D3FB6AB223EC9BF7C3F27
:101D0000A2102F3E283B7C3FCF6E3B3ECDAC7B3FAD
:101D1000C2C5473EBE147B3F0115543E02737A3F55
:101D2000135C603E9DC7793F7F9A6C3E9812793F65
:101D3000CCCF783EF853783FC07D823EC58B773F4D
:101D4000938E883E07BA763F229A8E3EC6DE753F56
:101D500031A0943E0BFA743F86A09A3EDD0B743F8F
:101D6000E59AA03E4714733F128FA63E5213723F6E
:101D7000D47CAC3E0809713FEF63B23E73F56F3F10
:101D80002A44B83E9ED86E3F4A1DBE3E93B26D3F78
:101D900015EFC33E5E836C3F53B9C93E0C4B6B3F9E
:101DA000CA7BCF3EA7096A3F4136D53E3CBF683F5C
:101DB00080E8DA3ED86B673F4F92E03E880F663F7F
:101DC0007533E63E59AA643FBBCBEB3E5A3C633FBA
:101DD000EA5AF13E98C5613FCBE0F63E2146603FAE
:101DE000275DFC3E05BE5E3FE4E7003F532D5D3FAF
:101DF0003D9C033F1A945B3F824B063F6AF2593F7A
:101E00009BF5083F5348583F6B9A0B3FE595563F6B
:101E1000DA390E3F31DB543FCDD3103F4918533FE1
:101E20002A68133F3D4D513FD9F6153F1F7A4F3F6A
:101E3000C07F183F029F4D3FC6021B3FF8BB4B3F80
:101E4000D17F1D3F12D1493FCBF61F3F65DE473F93
:101E50009967223F03E4453F25D2243F00E2433FF8
:101E60005636273F70D8413F1594293F67C73F3FFB
:101E70004AEB2B3FF9AE3D3FDE3B2E3F3B8F3B3FD6
:101E8000BB85303F4268393FC9C8323F233A373FAC
:101E9000F304353FF304353F233A373FC9C8323F97
:101EA0004268393FBB85303F3B8F3B3FDE3B2E3F97
:101EB000F9AE3D3F4AEB2B3F67C73F3F1594293FA3
:101EC00070D8413F5636273F00E2433F25D2243F9A
:101ED00003E4453F9967223F65DE473FCBF61F3F4E
:101EE00012D1493FD17F1D3FF8BB4B3FC6021B3F7C
:101EF000029F4D3FC07F183F1F7A4F3FD9F6153FD5
:101F00003D4D513F2A68133F4918533FCDD3103FF1
:101F100031DB543FDA390E3FE595563F6B9A0B3F64
:101F20005348583F9BF5083F6AF2593F824B063FA2
:101F30001A945B3F3D9C033F532D5D3FE4E7003F18
:101F400005BE5E3F275DFC3E2146603FCBE0F63E8E
:101F500098C5613FEA5AF13E5A3C633FBBCBEB3E2A
:101F600059AA643F7533E63E880F663F4F92E03EC4
:101F7000D86B673F80E8DA3E3CBF683F4136D53ECC
:101F8000A7096A3FCA7BCF3E0C4B6B3F53B9C93E92
:101F90005E836C3F15EFC33E93B26D3F4A1DBE3E5C
:101FA0009ED86E3F2A44B83E73F56F3FEF63B23E52
:101FB0000809713FD47CAC3E5213723F128FA63E8B
:101FC0004714733FE59AA03EDD0B743F86A09A3E0E
:101FD0000BFA743F31A0943EC6DE753F229A8E3EC6
:101FE00007BA763F938E883EC58B773FC07D823E91
:101FF000F853783FCCCF783E9812793F7F9A6C3E69
:102000009DC7793F135C603E02737A3F0115543ED1
:10201000BE147B3FC2C5473ECDAC7B3FCF6E3B3E3F
:10202000283B7C3FA2102F3EC9BF7C3FB6AB223E6F
:10203000AC3A7D3F8340163ECCAB7D3F86CF093E18
:1020400024137E3F73B2FA3DB0707E3F2EBCE13D5B
:102050006DC47E3F36BDC83D580E7F3F80B6AF3D54
:102060006D4E7F3F05A9963DAB847F3F742B7B3D32
:102070000FB17F3F2FFB483D98D37F3F2CC3163DC8
:1020800043EC7F3FB00AC93C11FB7F3F900E493CB7
:102090000000803F0000000011FB7F3F900E49BC14
:1020A00043EC7F3FB00AC9BC98D37F3F2CC316BD19
:1020B0000FB17F3F2FFB48BDAB847F3F742B7BBDAF
:1020C0006D4E7F3F05A996BD580E7F3F80B6AFBDD0
:1020D0006DC47E3F36BDC8BDB0707E3F2EBCE1BD35
:1020E00024137E3F73B2FABDCCAB7D3F86CF09BED1
:1020F000AC3A7D3F834016BEC9BF7C3FB6AB22BE23
:10210000283B7C3FA2102FBECDAC7B3FCF6E3BBEA9
:10211000BE147B3FC2C547BE02737A3F011554BE51
:102120009DC7793F135C60BE9812793F7F9A6CBE61
:10213000F853783FCCCF78BEC58B773FC07D82BE49
:1021400007BA763F938E88BEC6DE753F229A8EBE52
:102150000BFA743F31A094BEDD0B743F86A09ABE8B
:102160004714733FE59AA0BE5213723F128FA6BE6A
:102170000809713FD47CACBE73F56F3FEF63B2BE0C
:102180009ED86E3F2A44B8BE93B26D3F4A1DBEBE74
:102190005E836C3F15EFC3BE0C4B6B3F53B9C9BE9A
:1021A000A7096A3FCA7BCFBE3CBF683F4136D5BE58
:1021B000D86B673F80E8DABE880F663F4F92E0BE7B
:1021C00059AA643F7533E6BE5A3C633FBBCBEBBEB6
:1021D00098C5613FEA5AF1BE2146603FCBE0F6BEAA
:1021E00005BE5E3F275DFCBE532D5D3FE4E700BFAB
:1021F0001A945B3F3D9C03BF6AF2593F824B06BF76
:102200005348583F9BF508BFE595563F6B9A0BBF67
:1022100031DB543FDA390EBF4918533FCDD310BFDD
:102220003D4D513F2A6813BF1F7A4F3FD9F615BF66
:10223000029F4D3FC07F18BFF8BB4B3FC6021BBF7C
:1022400012D1493FD17F1DBF65DE473FCBF61FBF8F
:1022500003E4453F996722BF00E2433F25D224BFF4
:1022600070D8413F563627BF67C73F3F159429BFF7
:10227000F9AE3D3F4AEB2BBF3B8F3B3FDE3B2EBFD2
:102280004268393FBB8530BF233A373FC9C832BFA8
:10229000F304353FF30435BFC9C8323F233A37BF93
:1022A000BB85303F426839BFDE3B2E3F3B8F3BBF93
:1022B0004AEB2B3FF9AE3DBF1594293F67C73FBF9F
:1022C0005636273F70D841BF25D2243F00E243BF96
:1022D0009967223F03E445BFCBF61F3F65DE47BF4A
:1022E000D17F1D3F12D149BFC6021B3FF8BB4BBF78
:1022F000C07F183F029F4DBFD9F6153F1F7A4FBFD1
:102300002A68133F3D4D51BFCDD3103F491853BFED
:10231000DA390E3F31DB54BF6B9A0B3FE59556BF60
:102320009BF5083F534858BF824B063F6AF259BF9E
:102330003D9C033F1A945BBFE4E7003F532D5DBF14
:10234000275DFC3E05BE5EBFCBE0F63E214660BF8A
:10235000EA5AF13E98C561BFBBCBEB3E5A3C63BF26
:102360007533E63E59AA64BF4F92E03E880F66BFC0
:1023700080E8DA3ED86B67BF4136D53E3CBF68BFC8
:10238000CA7BCF3EA7096ABF53B9C93E0C4B6BBF8E
:1023900015EFC33E5E836CBF4A1DBE3E93B26DBF58
:1023A0002A44B83E9ED86EBFEF63B23E73F56FBF4E
:1023B000D47CAC3E080971BF128FA63E521372BF87
:1023C000E59AA03E471473BF86A09A3EDD0B74BF0A
:1023D00031A0943E0BFA74BF229A8E3EC6DE75BFC2
:1023E000938E883E07BA76BFC07D823EC58B77BF8D
:1023F000CCCF783EF85378BF7F9A6C3E981279BF65
:10240000135C603E9DC779BF0115543E02737ABFCD
:10241000C2C5473EBE147BBFCF6E3B3ECDAC7BBF3B
:10242000A2102F3E283B7CBFB6AB223EC9BF7CBF6B
:102430008340163EAC3A7DBF86CF093ECCAB7DBF14
:1024400073B2FA3D24137EBF2EBCE13DB0707EBF57
:1024500036BDC83D6DC47EBF80B6AF3D580E7FBF50
:1024600005A9963D6D4E7FBF742B7B3DAB847FBF2E
:102470002FFB483D0FB17FBF2CC3163D98D37FBFC4
:10248000B00AC93C43EC7FBF900E493C11FB7FBFB3
:10249000000000000000803F890FC93BC4FE7F3F61
:1024A000900E493C11FB7F3FB6C9963CE6F47F3F56
:1024B000B00AC93C43EC7F3FB949FB3C29E17F3F6F
:1024C0002CC3163D98D37F3F07E02F3D8FC37F3F3E
:1024D0002FFB483D0FB17F3F6814623D189C7F3F42
:1024E000742B7B3DAB847F3F0A208A3DC76A7F3FC8
:1024F00005A9963D6D4E7F3F8C30A33D9D2F7F3FBC
:1025000080B6AF3D580E7F3FC33ABC3D9DEA7E3F4B
:1025100036BDC83D6DC47E3FB93DD53DC99B7E3FAC
:102520002EBCE13DB0707E3F7638EE3D23437E3FCA
:1025300073B2FA3D24137E3F0295033EB1E07D3F26
:1025400086CF093ECCAB7D3FB708103E74747D3F0B
:102550008340163EAC3A7D3FDE761C3E73FE7C3FE8
:10256000B6AB223EC9BF7C3FFCDE283EB07E7C3F3E
:10257000A2102F3E283B7C3F9840353E31F57B3FF3
:10258000CF6E3B3ECDAC7B3F379B413EFC617B3FFA
:10259000C2C5473EBE147B3F60EE4D3E16C57A3F36
:1025A0000115543E02737A3F97395A3E841E7A3F92
:1025B000135C603E9DC7793F667C663E4E6E793FF8
:1025C0007F9A6C3E9812793F51B6723E7BB4783F49
:1025D000CCCF783EF853783FE1E67E3E10F1773F6E
:1025E000C07D823EC58B773FCE86853E1724773FE0
:1025F000938E883E07BA763F07958B3E974D763F80
:10260000229A8E3EC6DE753FDD9D913E976D753FE9
:1026100031A0943E0BFA743F17A1973E2284743F79
:1026200086A09A3EDD0B743F789E9D3E3F91733F9E
:10263000E59AA03E4714733FC595A33EF894723FB8
:10264000128FA63E5213723FC486A93E578F713F28
:10265000D47CAC3E0809713F3A71AF3E6680703F52
:10266000EF63B23E73F56F3FEC54B53E30686F3F99
:102670002A44B83E9ED86E3FA031BB3EBE466E3F58
:102680004A1DBE3E93B26D3F1E07C13E1D1C6D3FED
:1026900015EFC33E5E836C3F29D5C63E58E86B3FBD
:1026A00053B9C93E0C4B6B3F8B9BCC3E7BAB6A3F17
:1026B000CA7BCF3EA7096A3F095AD23E9165693F5E
:1026C0004136D53E3CBF683F6B10D83EA816683FE8
:1026D00080E8DA3ED86B673F79BEDD3ECCBE663F10
:1026E0004F92E03E880F663FFA63E33E0B5E653F24
:1026F0007533E63E59AA643FB700E93E73F4633F81
:10270000BBCBEB3E5A3C633F7994EE3E1082623F76
:10271000EA5AF13E98C5613F071FF43EF206613F59
:10272000CBE0F63E2146603F2DA0F93E27835F3F78
:10273000275DFC3E05BE5E3FB217FF3EBEF65D3F25
:10274000E4E7003F532D5D3FB142023FC7615C3F6C
:102750003D9C033F1A945B3F84F4043F50C45A3FAE
:10276000824B063F6AF2593F36A1073F6A1E593F26
:102770009BF5083F5348583FAD480A3F2670573FE6
:102780006B9A0B3FE595563FD0EA0C3F93B9553F06
:10279000DA390E3F31DB543F84870F3FC3FA533F92
:1027A000CDD3103F4918533FB01E123FC633523F9E
:1027B0002A68133F3D4D513F39B0143FAF64503F3D
:1027C000D9F6153F1F7A4F3F073C173F908D4E3F7C
:1027D000C07F183F029F4D3F00C2193F79AE4C3F6A
:1027E000C6021B3FF8BB4B3F0C421C3F7FC74A3F12
:1027F000D17F1D3F12D1493F12BC1E3FB3D8483F85
:10280000CBF61F3F65DE473FF92F213F2AE2463FC7
:102810009967223F03E4453FA99D233FF5E3443FE9
:1028200025D2243F00E2433F0A05263F29DE423FEE
:102830005636273F70D8413F0566283FDAD0403FE3
:102840001594293F67C73F3F82C02A3F1BBC3E3FCC
:102850004AEB2B3FF9AE3D3F69142D3F03A03C3FAF
:10286000DE3B2E3F3B8F3B3FA5612F3FA47C3A3F91
:10287000BB85303F4268393F1DA8313F1652383F73
:10288000C9C8323F233A373FBCE7333F6C20363F5D
:10289000F304353FF304353F6C20363FBCE7333F4C
:1028A000233A373FC9C8323F1652383F1DA8313F3F
:1028B0004268393FBB85303FA47C3A3FA5612F3F3A
:1028C0003B8F3B3FDE3B2E3F03A03C3F69142D3F37
:1028D000F9AE3D3F4AEB2B3F1BBC3E3F82C02A3F37
:1028E00067C73F3F1594293FDAD0403F0566283F30
:1028F00070D8413F5636273F29DE423F0A05263F22
:1029000000E2433F25D2243FF5E3443FA99D233F06
:1029100003E4453F9967223F2AE2463FF92F213FD2
:1029200065DE473FCBF61F3FB3D8483F12BC1E3F82
:1029300012D1493FD17F1D3F7FC74A3F0C421C3F08
:10294000F8BB4B3FC6021B3F79AE4C3F00C2193F5C
:10295000029F4D3FC07F183F908D4E3F073C173F71
:102960001F7A4F3FD9F6153FAF64503F39B0143F3F
:102970003D4D513F2A68133FC633523FB01E123FB0
:102980004918533FCDD3103FC3FA533F84870F3FBD
:1029900031DB543FDA390E3F93B9553FD0EA0C3F53
:1029A000E595563F6B9A0B3F2670573FAD480A3F5F
:1029B0005348583F9BF5083F6A1E593F36A1073FD1
:1029C0006AF2593F824B063F50C45A3F84F4043F99
:1029D0001A945B3F3D9C033FC7615C3FB142023F9D
:1029E000532D5D3FE4E7003FBEF65D3FB217FF3E6B
:1029F00005BE5E3F275DFC3E27835F3F2DA0F93E6D
:102A00002146603FCBE0F63EF206613F071FF43EF1
:102A100098C5613FEA5AF13E1082623F7994EE3EDA
:102A20005A3C633FBBCBEB3E73F4633FB700E93ED8
:102A300059AA643F7533E63E0B5E653FFA63E33E99
:102A4000880F663F4F92E03ECCBE663F79BEDD3ECA
:102A5000D86B673F80E8DA3EA816683F6B10D83E17
:102A60003CBF683F4136D53E9165693F095AD23E29
:102A7000A7096A3FCA7BCF3E7BAB6A3F8B9BCC3EAC
:102A80000C4B6B3F53B9C93E58E86B3F29D5C63E46
:102A90005E836C3F15EFC33E1D1C6D3F1E07C13E9C
:102AA00093B26D3F4A1DBE3EBE466E3FA031BB3E57
:102AB0009ED86E3F2A44B83E30686F3FEC54B53E16
:102AC00073F56F3FEF63B23E6680703F3A71AF3E81
:102AD0000809713FD47CAC3E578F713FC486A93E34
:102AE0005213723F128FA63EF894723FC595A33ED3
:102AF0004714733FE59AA03E3F91733F789E9D3EF9
:102B0000DD0B743F86A09A3E2284743F17A1973E46
:102B10000BFA743F31A0943E976D753FDD9D913E59
:102B2000C6DE753F229A8E3E974D763F07958B3EC7
:102B300007BA763F938E883E1724773FCE86853E30
:102B4000C58B773FC07D823E10F1773FE1E67E3E48
:102B5000F853783FCCCF783E7BB4783F51B6723E85
:102B60009812793F7F9A6C3E4E6E793F667C663E46
:102B70009DC7793F135C603E841E7A3F97395A3E69
:102B800002737A3F0115543E16C57A3F60EE4D3E02
:102B9000BE147B3FC2C5473EFC617B3F379B413E35
:102BA000CDAC7B3FCF6E3B3E31F57B3F9840353E11
:102BB000283B7C3FA2102F3EB07E7C3FFCDE283EAF
:102BC000C9BF7C3FB6AB223E73FE7C3FDE761C3E27
:102BD000AC3A7D3F8340163E74747D3FB708103E8B
:102BE000CCAB7D3F86CF093EB1E07D3F0295033EF1
:102BF00024137E3F73B2FA3D23437E3F7638EE3D89
:102C0000B0707E3F2EBCE13DC99B7E3FB93DD53DB6
:102C10006DC47E3F36BDC83D9DEA7E3FC33ABC3D94
:102C2000580E7F3F80B6AF3D9D2F7F3F8C30A33D38
:102C30006D4E7F3F05A9963DC76A7F3F0A208A3DBA
:102C4000AB847F3F742B7B3D189C7F3F6814623DB3
:102C50000FB17F3F2FFB483D8FC37F3F07E02F3DE4
:102C600098D37F3F2CC3163D29E17F3FB949FB3CF8
:102C700043EC7F3FB00AC93CE6F47F3FB6C9963CBF
:102C800011FB7F3F900E493CC4FE7F3F890FC93B3B
:102C90000000803F00000000C4FE7F3F890FC9BBD9
:102CA00011FB7F3F900E49BCE6F47F3FB6C996BC4E
:102CB00043EC7F3FB00AC9BC29E17F3FB949FBBC67
:102CC00098D37F3F2CC316BD8FC37F3F07E02FBD36
:102CD0000FB17F3F2FFB48BD189C7F3F681462BD3A
:102CE000AB847F3F742B7BBDC76A7F3F0A208ABDC0
:102CF0006D4E7F3F05A996BD9D2F7F3F8C30A3BDB4
:102D0000580E7F3F80B6AFBD9DEA7E3FC33ABCBD43
:102D10006DC47E3F36BDC8BDC99B7E3FB93DD5BDA4
:102D2000B0707E3F2EBCE1BD23437E3F7638EEBDC2
:102D300024137E3F73B2FABDB1E07D3F029503BE1E
:102D4000CCAB7D3F86CF09BE74747D3FB70810BE03
:102D5000AC3A7D3F834016BE73FE7C3FDE761CBEE0
:102D6000C9BF7C3FB6AB22BEB07E7C3FFCDE28BE36
:102D7000283B7C3FA2102FBE31F57B3F984035BEEB
:102D8000CDAC7B3FCF6E3BBEFC617B3F379B41BEF2
:102D9000BE147B3FC2C547BE16C57A3F60EE4DBE2E
:102DA00002737A3F011554BE841E7A3F97395ABE8A
:102DB0009DC7793F135C60BE4E6E793F667C66BEF0
:102DC0009812793F7F9A6CBE7BB4783F51B672BE41
:102DD000F853783FCCCF78BE10F1773FE1E67EBE66
:102DE000C58B773FC07D82BE1724773FCE8685BED8
:102DF00007BA763F938E88BE974D763F07958BBE78
:102E0000C6DE753F229A8EBE976D753FDD9D91BEE1
:102E10000BFA743F31A094BE2284743F17A197BE71
:102E2000DD0B743F86A09ABE3F91733F789E9DBE96
:102E30004714733FE59AA0BEF894723FC595A3BEB0
:102E40005213723F128FA6BE578F713FC486A9BE20
:102E50000809713FD47CACBE6680703F3A71AFBE4A
:102E600073F56F3FEF63B2BE30686F3FEC54B5BE91
:102E70009ED86E3F2A44B8BEBE466E3FA031BBBE50
:102E800093B26D3F4A1DBEBE1D1C6D3F1E07C1BEE5
:102E90005E836C3F15EFC3BE58E86B3F29D5C6BEB5
:102EA0000C4B6B3F53B9C9BE7BAB6A3F8B9BCCBE0F
:102EB000A7096A3FCA7BCFBE9165693F095AD2BE56
:102EC0003CBF683F4136D5BEA816683F6B10D8BEE0
:102ED000D86B673F80E8DABECCBE663F79BEDDBE08
:102EE000880F663F4F92E0BE0B5E653FFA63E3BE1C
:102EF00059AA643F7533E6BE73F4633FB700E9BE79
:102F00005A3C633FBBCBEBBE1082623F7994EEBE6E
:102F100098C5613FEA5AF1BEF206613F071FF4BE51
:102F20002146603FCBE0F6BE27835F3F2DA0F9BE70
:102F300005BE5E3F275DFCBEBEF65D3FB217FFBE1D
:102F4000532D5D3FE4E700BFC7615C3FB14202BF64
:102F50001A945B3F3D9C03BF50C45A3F84F404BFA6
:102F60006AF2593F824B06BF6A1E593F36A107BF1E
:102F70005348583F9BF508BF2670573FAD480ABFDE
:102F8000E595563F6B9A0BBF93B9553FD0EA0CBFFE
:102F900031DB543FDA390EBFC3FA533F84870FBF8A
:102FA0004918533FCDD310BFC633523FB01E12BF96
:102FB0003D4D513F2A6813BFAF64503F39B014BF35
:102FC0001F7A4F3FD9F615BF908D4E3F073C17BF74
:102FD000029F4D3FC07F18BF79AE4C3F00C219BF62
:102FE000F8BB4B3FC6021BBF7FC74A3F0C421CBF0A
:102FF00012D1493FD17F1DBFB3D8483F12BC1EBF7D
:1030000065DE473FCBF61FBF2AE2463FF92F21BFBF
:1030100003E4453F996722BFF5E3443FA99D23BFE1
:1030200000E2433F25D224BF29DE423F0A0526BFE6
:1030300070D8413F563627BFDAD0403F056628BFDB
:1030400067C73F3F159429BF1BBC3E3F82C02ABFC4
:10305000F9AE3D3F4AEB2BBF03A03C3F69142DBFA7
:103060003B8F3B3FDE3B2EBFA47C3A3FA5612FBF89
:103070004268393FBB8530BF1652383F1DA831BF6B
:10308000233A373FC9C832BF6C20363FBCE733BF55
:10309000F304353FF30435BFBCE7333F6C2036BF44
:1030A000C9C8323F233A37BF1DA8313F165238BF37
:1030B000BB85303F426839BFA5612F3FA47C3ABF32
:1030C000DE3B2E3F3B8F3BBF69142D3F03A03CBF2F
:1030D0004AEB2B3FF9AE3DBF82C02A3F1BBC3EBF2F
:1030E0001594293F67C73FBF0566283FDAD040BF28
:1030F0005636273F70D841BF0A05263F29DE42BF1A
:1031000025D2243F00E243BFA99D233FF5E344BFFE
:103110009967223F03E445BFF92F213F2AE246BFCA
:10312000CBF61F3F65DE47BF12BC1E3FB3D848BF7A
:10313000D17F1D3F12D149BF0C421C3F7FC74ABF00
:10314000C6021B3FF8BB4BBF00C2193F79AE4CBF54
:10315000C07F183F029F4DBF073C173F908D4EBF69
:10316000D9F6153F1F7A4FBF39B0143FAF6450BF37
:103170002A68133F3D4D51BFB01E123FC63352BFA8
:10318000CDD3103F491853BF84870F3FC3FA53BFB5
:10319000DA390E3F31DB54BFD0EA0C3F93B955BF4B
:1031A0006B9A0B3FE59556BFAD480A3F267057BF57
:1031B0009BF5083F534858BF36A1073F6A1E59BFC9
:1031C000824B063F6AF259BF84F4043F50C45ABF91
:1031D0003D9C033F1A945BBFB142023FC7615CBF95
:1031E000E4E7003F532D5DBFB217FF3EBEF65DBF63
:1031F000275DFC3E05BE5EBF2DA0F93E27835FBF65
:10320000CBE0F63E214660BF071FF43EF20661BFE9
:10321000EA5AF13E98C561BF7994EE3E108262BFD2
:10322000BBCBEB3E5A3C63BFB700E93E73F463BFD0
:103230007533E63E59AA64BFFA63E33E0B5E65BF91
:103240004F92E03E880F66BF79BEDD3ECCBE66BFC2
:1032500080E8DA3ED86B67BF6B10D83EA81668BF0F
:103260004136D53E3CBF68BF095AD23E916569BF21
:10327000CA7BCF3EA7096ABF8B9BCC3E7BAB6ABFA4
:1032800053B9C93E0C4B6BBF29D5C63E58E86BBF3E
:1032900015EFC33E5E836CBF1E07C13E1D1C6DBF94
:1032A0004A1DBE3E93B26DBFA031BB3EBE466EBF4F
:1032B0002A44B83E9ED86EBFEC54B53E30686FBF0E
:1032C000EF63B23E73F56FBF3A71AF3E668070BF79
:1032D000D47CAC3E080971BFC486A93E578F71BF2C
:1032E000128FA63E521372BFC595A33EF89472BFCB
:1032F000E59AA03E471473BF789E9D3E3F9173BFF1
:1033000086A09A3EDD0B74BF17A1973E228474BF3E
:1033100031A0943E0BFA74BFDD9D913E976D75BF51
:10332000229A8E3EC6DE75BF07958B3E974D76BFBF
:10333000938E883E07BA76BFCE86853E172477BF28
:10334000C07D823EC58B77BFE1E67E3E10F177BF40
:10335000CCCF783EF85378BF51B6723E7BB478BF7D
:103360007F9A6C3E981279BF667C663E4E6E79BF3E
:10337000135C603E9DC779BF97395A3E841E7ABF61
:103380000115543E02737ABF60EE4D3E16C57ABFFA
:10339000C2C5473EBE147BBF379B413EFC617BBF2D
:1033A000CF6E3B3ECDAC7BBF9840353E31F57BBF09
:1033B000A2102F3E283B7CBFFCDE283EB07E7CBFA7
:1033C000B6AB223EC9BF7CBFDE761C3E73FE7CBF1F
:1033D0008340163EAC3A7DBFB708103E74747DBF83
:1033E00086CF093ECCAB7DBF0295033EB1E07DBFE9
:1033F00073B2FA3D24137EBF7638EE3D23437EBF81
:103400002EBCE13DB0707EBFB93DD53DC99B7EBFAE
:1034100036BDC83D6DC47EBFC33ABC3D9DEA7EBF8C
:1034200080B6AF3D580E7FBF8C30A33D9D2F7FBF30
:1034300005A9963D6D4E7FBF0A208A3DC76A7FBFB2
:10344000742B7B3DAB847FBF6814623D189C7FBFAB
:103450002FFB483D0FB17FBF07E02F3D8FC37FBFDC
:103460002CC3163D98D37FBFB949FB3C29E17FBFF0
:10347000B00AC93C43EC7FBFB6C9963CE6F47FBFB7
:10348000900E493C11FB7FBF890FC93BC4FE7FBF33
:10349000000000000000803FC70F493BB1FF7F3FA5
:1034A000890FC93BC4FE7F3F59CB163C39FD7F3F96
:1034B000900E493C11FB7F3F4B517B3C4AF87F3FCC
:1034C000B6C9963CE6F47F3F69EAAF3CE3F07F3F44
:1034D000B00AC93C43EC7F3F7B2AE23C05E77F3FD3
:1034E000B949FB3C29E17F3F2F340A3DAFDA7F3FEA
:1034F0002CC3163D98D37F3FCC51233DE2CB7F3F79
:1035000007E02F3D8FC37F3FD56D3C3D9EBA7F3F87
:103510002FFB483D0FB17F3F0E88553DE3A67F3F0F
:103520006814623D189C7F3F38A06E3DB1907F3F8C
:10353000742B7B3DAB847F3F0ADB833D08787F3F64
:103540000A208A3DC76A7F3FB464903DE95C7F3FB3
:1035500005A9963D6D4E7F3FF9EC9C3D543F7F3F62
:103560008C30A33D9D2F7F3FBA73A93D491F7F3FFC
:1035700080B6AF3D580E7F3FDAF8B53DC9FC7E3FBF
:10358000C33ABC3D9DEA7E3F397CC23DD4D77E3FE5
:1035900036BDC83D6DC47E3FB7FDCE3D69B07E3FB0
:1035A000B93DD53DC99B7E3F377DDB3D8B867E3F58
:1035B0002EBCE13DB0707E3F9AFAE73D385A7E3F1F
:1035C0007638EE3D23437E3FC075F43D722B7E3F3F
:1035D00073B2FA3D24137E3F4577003E38FA7D3FB3
:1035E0000295033EB1E07D3F6EB2063E8CC67D3F44
:1035F00086CF093ECCAB7D3F4AEC0C3E6E907D3FC2
:10360000B708103E74747D3FCA24133EDE577D3FD9
:103610008340163EAC3A7D3FE05B193EDD1C7D3FAA
:10362000DE761C3E73FE7C3F7B911F3E6CDF7C3F51
:10363000B6AB223EC9BF7C3F8CC5253E8A9F7C3FEE
:10364000FCDE283EB07E7C3F04F82B3E3A5D7C3F9A
:10365000A2102F3E283B7C3FD428323E7A187C3F74
:103660009840353E31F57B3FEC57383E4DD17B3F9E
:10367000CF6E3B3ECDAC7B3F3E853E3EB2877B3F2F
:10368000379B413EFC617B3FB9B0443EAB3B7B3F47
:10369000C2C5473EBE147B3F4FDA4A3E37ED7A3F04
:1036A00060EE4D3E16C57A3FF101513E599C7A3F7E
:1036B0000115543E02737A3F8F27573E10497A3FD7
:1036C00097395A3E841E7A3F1A4B5D3E5EF3793F2E
:1036D000135C603E9DC7793F836C633E439B793F9B
:1036E000667C663E4E6E793FBA8B693EC040793F3C
:1036F0007F9A6C3E9812793FB2A86F3ED6E3783F2E
:1037000051B6723E7BB4783F5AC3753E8684783F8B
:10371000CCCF783EF853783FA4DB7B3ED122783F74
:10372000E1E67E3E10F1773FC0F8803EB7BE773FBE
:10373000C07D823EC58B773F7002843E3A58773F0A
:10374000CE86853E1724773FDA0A873E5BEF763FC9
:10375000938E883E07BA763FF8118A3E1B84763FE7
:1037600007958B3E974D763FC0178D3E7A16763F74
:10377000229A8E3EC6DE753F2C1C903E7BA6753F7E
:10378000DD9D913E976D753F351F933E1D34753F0E
:1037900031A0943E0BFA743FD220963E62BF743F34
:1037A00017A1973E2284743FFE20993E4B48743FF8
:1037B00086A09A3EDD0B743FAF1F9C3ED9CE733F6F
:1037C000789E9D3E3F91733FDF1C9F3E0E53733F9B
:1037D000E59AA03E4714733F8718A23EEBD4723F90
:1037E000C595A33EF894723F9F12A53E7054723F58
:1037F000128FA63E5213723F1F0BA83E9FD1713FFE
:10380000C486A93E578F713F0102AB3E7A4C713F8F
:10381000D47CAC3E0809713F3CF7AD3E02C5703F19
:103820003A71AF3E6680703FCBEAB03E373B703FA7
:10383000EF63B23E73F56F3FA5DCB33E1BAF6F3F46
:10384000EC54B53E30686F3FC3CCB63EB0206F3FFE
:103850002A44B83E9ED86E3F1EBBB93EF88F6E3FDD
:10386000A031BB3EBE466E3FAFA7BC3EF2FC6D3FF3
:103870004A1DBE3E93B26D3F6F92BF3EA1676D3F42
:103880001E07C13E1D1C6D3F557BC23E07D06C3FDD
:1038900015EFC33E5E836C3F5C62C53E24366C3FD1
:1038A00029D5C63E58E86B3F7C47C83EFB996B3F25
:1038B00053B9C93E0C4B6B3FAE2ACB3E8CFB6A3FE3
:1038C0008B9BCC3E7BAB6A3FEA0BCE3ED95A6A3F1C
:1038D000CA7BCF3EA7096A3F2AEBD03EE4B7693FD7
:1038E000095AD23E9165693F67C8D33EAE12693F1F
:1038F0004136D53E3CBF683F99A3D63E396B683F01
:103900006B10D83EA816683FB97CD93E87C1673F87
:1039100080E8DA3ED86B673FC153DC3E9915673FBC
:1039200079BEDD3ECCBE663FA928DF3E7167663FAB
:103930004F92E03E880F663F6AFBE13E10B7653F5D
:10394000FA63E33E0B5E653FFECBE43E7904653FE0
:103950007533E63E59AA643F5D9AE73EAC4F643F3B
:10396000B700E93E73F4633F8166EA3EAC98633F7B
:10397000BBCBEB3E5A3C633F6330ED3E7BDF623FA7
:103980007994EE3E1082623FFBF7EF3E1A24623FCD
:10399000EA5AF13E98C5613F43BDF23E8A66613FF7
:1039A000071FF43EF206613F3580F53ECFA6603F2B
:1039B000CBE0F63E2146603FC840F83EE9E45F3F79
:1039C0002DA0F93E27835F3FF7FEFA3EDB205F3FE5
:1039D000275DFC3E05BE5E3FBBBAFD3EA65A5E3F7C
:1039E000B217FF3EBEF65D3F063A003F4D925D3F87
:1039F000E4E7003F532D5D3F7395013FD1C75C3F26
:103A0000B142023FC7615C3F9FEF023F34FB5B3F27
:103A10003D9C033F1A945B3F8948043F792C5B3FF0
:103A200084F4043F50C45A3F2CA0053FA05B5A3F8A
:103A3000824B063F6AF2593F86F6063FAD88593FF2
:103A400036A1073F6A1E593F924B083FA1B3583F2A
:103A50009BF5083F5348583F4E9F093F7FDC573F37
:103A6000AD480A3F2670573FB7F10A3F4803573F1A
:103A70006B9A0B3FE595563FC9420C3FFE27563FD8
:103A8000D0EA0C3F93B9553F81920D3FA44A553F70
:103A9000DA390E3F31DB543FDBE00E3F3B6B543FE6
:103AA00084870F3FC3FA533FD52D103FC789533F3B
:103AB000CDD3103F4918533F6B79113F49A6523F70
:103AC000B01E123FC633523F9AC3123FC2C0513F8D
:103AD0002A68133F3D4D513F5F0C143F37D9503F8B
:103AE00039B0143FAF64503FB753153FA8EF4F3F75
:103AF000D9F6153F1F7A4F3F9F99163F17044F3F46
:103B0000073C173F908D4E3F12DE173F89164E3F00
:103B1000C07F183F029F4D3F0F21193FFD264D3FAB
:103B200000C2193F79AE4C3F93621A3F78354C3F43
:103B3000C6021B3FF8BB4B3F99A21B3FFA414B3FCC
:103B40000C421C3F7FC74A3F1FE11C3F874C4A3F46
:103B5000D17F1D3F12D1493F221E1E3F2155493FB3
:103B600012BC1E3FB3D8483F9F591F3FCA5B483F16
:103B7000CBF61F3F65DE473F9393203F8560473F6D
:103B8000F92F213F2AE2463FFBCB213F5463463FBA
:103B90009967223F03E4453FD302233F3964453F01
:103BA000A99D233FF5E3443F1A38243F3763443F40
:103BB00025D2243F00E2433FCB6B253F5160433F7A
:103BC0000A05263F29DE423FE39D263F895B423FAF
:103BD0005636273F70D8413F61CE273FE154413FE1
:103BE0000566283FDAD0403F41FD283F5C4C403F0E
:103BF0001594293F67C73F3F802A2A3FFC413F3F3A
:103C000082C02A3F1BBC3E3F1B562B3FC5353E3F63
:103C10004AEB2B3FF9AE3D3F0F802C3FB8273D3F8D
:103C200069142D3F03A03C3F59A82D3FD9173C3FB5
:103C3000DE3B2E3F3B8F3B3FF7CE2E3F29063B3FDF
:103C4000A5612F3FA47C3A3FE6F32F3FACF2393F0A
:103C5000BB85303F4268393F2217313F65DD383F31
:103C60001DA8313F1652383FAA38323F55C6373F5C
:103C7000C9C8323F233A373F7A58333F7FAD363F8A
:103C8000BCE7333F6C20363F8F76343FE792353FB9
:103C9000F304353FF304353FE792353F8F76343FE9
:103CA0006C20363FBCE7333F7FAD363F7A58333F19
:103CB000233A373FC9C8323F55C6373FAA38323F4B
:103CC0001652383F1DA8313F65DD383F2217313F7E
:103CD0004268393FBB85303FACF2393FE6F32F3FB6
:103CE000A47C3A3FA5612F3F29063B3FF7CE2E3FEC
:103CF0003B8F3B3FDE3B2E3FD9173C3F59A82D3F22
:103D000003A03C3F69142D3FB8273D3F0F802C3F57
:103D1000F9AE3D3F4AEB2B3FC5353E3F1B562B3F8F
:103D20001BBC3E3F82C02A3FFC413F3F802A2A3FC6
:103D300067C73F3F1594293F5C4C403F41FD283FFA
:103D4000DAD0403F0566283FE154413F61CE273F2E
:103D500070D8413F5636273F895B423FE39D263F5F
:103D600029DE423F0A05263F5160433FCB6B253F8A
:103D700000E2433F25D2243F3763443F1A38243FB3
:103D8000F5E3443FA99D233F3964453FD302233FD8
:103D900003E4453F9967223F5463463FFBCB213FF5
:103DA0002AE2463FF92F213F8560473F9393203F0A
:103DB00065DE473FCBF61F3FCA5B483F9F591F3F19
:103DC000B3D8483F12BC1E3F2155493F221E1E3F1B
:103DD00012D1493FD17F1D3F874C4A3F1FE11C3F15
:103DE0007FC74A3F0C421C3FFA414B3F99A21B3F01
:103DF000F8BB4B3FC6021B3F78354C3F93621A3FDE
:103E000079AE4C3F00C2193FFD264D3F0F21193FAF
:103E1000029F4D3FC07F183F89164E3F12DE173F6D
:103E2000908D4E3F073C173F17044F3F9F99163F19
:103E30001F7A4F3FD9F6153FA8EF4F3FB753153FB5
:103E4000AF64503F39B0143F37D9503F5F0C143F37
:103E50003D4D513F2A68133FC2C0513F9AC3123FA4
:103E6000C633523FB01E123F49A6523F6B79113FF5
:103E70004918533FCDD3103FC789533FD52D103F2D
:103E8000C3FA533F84870F3F3B6B543FDBE00E3F49
:103E900031DB543FDA390E3FA44A553F81920D3F42
:103EA00093B9553FD0EA0C3FFE27563FC9420C3F1D
:103EB000E595563F6B9A0B3F4803573FB7F10A3FD2
:103EC0002670573FAD480A3F7FDC573F4E9F093F62
:103ED0005348583F9BF5083FA1B3583F924B083FCA
:103EE0006A1E593F36A1073FAD88593F86F6063F07
:103EF0006AF2593F824B063FA05B5A3F2CA0053F18
:103F000050C45A3F84F4043F792C5B3F8948043FF6
:103F10001A945B3F3D9C033F34FB5B3F9FEF023FA6
:103F2000C7615C3FB142023FD1C75C3F7395013F1F
:103F3000532D5D3FE4E7003F4D925D3F063A003F61
:103F4000BEF65D3FB217FF3EA65A5E3FBBBAFD3ECE
:103F500005BE5E3F275DFC3EDB205F3FF7FEFA3E7D
:103F600027835F3F2DA0F93EE9E45F3FC840F83E5C
:103F70002146603FCBE0F63ECFA6603F3580F53E60
:103F8000F206613F071FF43E8A66613F43BDF23E81
:103F900098C5613FEA5AF13E1A24623FFBF7EF3EB3
:103FA0001082623F7994EE3E7BDF623F6330ED3EEC
:103FB0005A3C633FBBCBEB3EAC98633F8166EA3E25
:103FC00073F4633FB700E93EAC4F643F5D9AE73E50
:103FD00059AA643F7533E63E7904653FFECBE43E63
:103FE0000B5E653FFA63E33E10B7653F6AFBE13E57
:103FF000880F663F4F92E03E7167663FA928DF3E1B
:10400000CCBE663F79BEDD3E9915673FC153DC3EAD
:10401000D86B673F80E8DA3E87C1673FB97CD93EFD
:10402000A816683F6B10D83E396B683F99A3D63EFF
:104030003CBF683F4136D53EAE12693F67C8D33EAC
:104040009165693F095AD23EE4B7693F2AEBD03EF9
:10405000A7096A3FCA7BCF3ED95A6A3FEA0BCE3ED8
:104060007BAB6A3F8B9BCC3E8CFB6A3FAE2ACB3E40
:104070000C4B6B3F53B9C93EFB996B3F7C47C83E25
:1040800058E86B3F29D5C63E24366C3F5C62C53E7E
:104090005E836C3F15EFC33E07D06C3F557BC23E3D
:1040A0001D1C6D3F1E07C13EA1676D3F6F92BF3E55
:1040B00093B26D3F4A1DBE3EF2FC6D3FAFA7BC3EC2
:1040C000BE466E3FA031BB3EF88F6E3F1EBBB93E71
:1040D0009ED86E3F2A44B83EB0206F3FC3CCB63E58
:1040E00030686F3FEC54B53E1BAF6F3FA5DCB33E6D
:1040F00073F56F3FEF63B23E373B703FCBEAB03EA4
:104100006680703F3A71AF3E02C5703F3CF7AD3EEE
:104110000809713FD47CAC3E7A4C713F0102AB3E42
:10412000578F713FC486A93E9FD1713F1F0BA83E98
:104130005213723F128FA63E7054723F9F12A53EDB
:10414000F894723FC595A33EEBD4723F8718A23E08
:104150004714733FE59AA03E0E53733FDF1C9F3E0A
:104160003F91733F789E9D3ED9CE733FAF1F9C3EDB
:10417000DD0B743F86A09A3E4B48743FFE20993E6B
:104180002284743F17A1973E62BF743FD220963EAF
:104190000BFA743F31A0943E1D34753F351F933E9A
:1041A000976D753FDD9D913E7BA6753F2C1C903E23
:1041B000C6DE753F229A8E3E7A16763FC0178D3E38
:1041C000974D763F07958B3E1B84763FF8118A3ECC
:1041D00007BA763F938E883E5BEF763FDA0A873EDA
:1041E0001724773FCE86853E3A58773F7002843E4B
:1041F000C58B773FC07D823EB7BE773FC0F8803E1B
:1042000010F1773FE1E67E3ED122783FA4DB7B3E92
:10421000F853783FCCCF783E8684783F5AC3753EBA
:104220007BB4783F51B6723ED6E3783FB2A86F3E7A
:104230009812793F7F9A6C3EC040793FBA8B693EB5
:104240004E6E793F667C663E439B793F836C633E4E
:104250009DC7793F135C603E5EF3793F1A4B5D3E2C
:10426000841E7A3F97395A3E10497A3F8F27573E2E
:1042700002737A3F0115543E599C7A3FF101513E39
:1042800016C57A3F60EE4D3E37ED7A3F4FDA4A3E33
:10429000BE147B3FC2C5473EAB3B7B3FB9B0443EFB
:1042A000FC617B3F379B413EB2877B3F3E853E3E74
:1042B000CDAC7B3FCF6E3B3E4DD17B3FEC57383E84
:1042C00031F57B3F9840353E7A187C3FD428323E0A
:1042D000283B7C3FA2102F3E3A5D7C3F04F82B3EEA
:1042E000B07E7C3FFCDE283E8A9F7C3F8CC5253E0D
:1042F000C9BF7C3FB6AB223E6CDF7C3F7B911F3E4B
:1043000073FE7C3FDE761C3EDD1C7D3FE05B193E8C
:10431000AC3A7D3F8340163EDE577D3FCA24133EB4
:1043200074747D3FB708103E6E907D3F4AEC0C3EA2
:10433000CCAB7D3F86CF093E8CC67D3F6EB2063E3C
:10434000B1E07D3F0295033E38FA7D3F4577003E60
:1043500024137E3F73B2FA3D722B7E3FC075F43D4D
:1043600023437E3F7638EE3D385A7E3F9AFAE73D4A
:10437000B0707E3F2EBCE13D8B867E3F377DDB3DBE
:10438000C99B7E3FB93DD53D69B07E3FB7FDCE3D6F
:104390006DC47E3F36BDC83DD4D77E3F397CC23D1B
:1043A0009DEA7E3FC33ABC3DC9FC7E3FDAF8B53D8D
:1043B000580E7F3F80B6AF3D491F7F3FBA73A93D7E
:1043C0009D2F7F3F8C30A33D543F7F3FF9EC9C3DB8
:1043D0006D4E7F3F05A9963DE95C7F3FB464903DFB
:1043E000C76A7F3F0A208A3D08787F3F0ADB833D0A
:1043F000AB847F3F742B7B3DB1907F3F38A06E3DF7
:10440000189C7F3F6814623DE3A67F3F0E88553DB0
:104410000FB17F3F2FFB483D9EBA7F3FD56D3C3D9E
:104420008FC37F3F07E02F3DE2CB7F3FCC51233D41
:1044300098D37F3F2CC3163DAFDA7F3F2F340A3D20
:1044400029E17F3FB949FB3C05E77F3F7B2AE23CFE
:1044500043EC7F3FB00AC93CE3F07F3F69EAAF3CE1
:10446000E6F47F3FB6C9963C4AF87F3F4B517B3C10
:1044700011FB7F3F900E493C39FD7F3F59CB163CE5
:10448000C4FE7F3F890FC93BB1FF7F3FC70F493B48
:104490000000803F00000000B1FF7F3FC70F49BB15
:1044A000C4FE7F3F890FC9BB39FD7F3F59CB16BC86
:1044B00011FB7F3F900E49BC4AF87F3F4B517BBCBC
:1044C000E6F47F3FB6C996BCE3F07F3F69EAAFBC34
:1044D00043EC7F3FB00AC9BC05E77F3F7B2AE2BCC3
:1044E00029E17F3FB949FBBCAFDA7F3F2F340ABDDA
:1044F00098D37F3F2CC316BDE2CB7F3FCC5123BD69
:104500008FC37F3F07E02FBD9EBA7F3FD56D3CBD77
:104510000FB17F3F2FFB48BDE3A67F3F0E8855BDFF
:10452000189C7F3F681462BDB1907F3F38A06EBD7C
:10453000AB847F3F742B7BBD08787F3F0ADB83BD54
:10454000C76A7F3F0A208ABDE95C7F3FB46490BDA3
:104550006D4E7F3F05A996BD543F7F3FF9EC9CBD52
:104560009D2F7F3F8C30A3BD491F7F3FBA73A9BDEC
:10457000580E7F3F80B6AFBDC9FC7E3FDAF8B5BDAF
:104580009DEA7E3FC33ABCBDD4D77E3F397CC2BDD5
:104590006DC47E3F36BDC8BD69B07E3FB7FDCEBDA0
:1045A000C99B7E3FB93DD5BD8B867E3F377DDBBD48
:1045B000B0707E3F2EBCE1BD385A7E3F9AFAE7BD0F
:1045C00023437E3F7638EEBD722B7E3FC075F4BD2F
:1045D00024137E3F73B2FABD38FA7D3F457700BEA3
:1045E000B1E07D3F029503BE8CC67D3F6EB206BE34
:1045F000CCAB7D3F86CF09BE6E907D3F4AEC0CBEB2
:1046000074747D3FB70810BEDE577D3FCA2413BEC9
:10461000AC3A7D3F834016BEDD1C7D3FE05B19BE9A
:1046200073FE7C3FDE761CBE6CDF7C3F7B911FBE41
:10463000C9BF7C3FB6AB22BE8A9F7C3F8CC525BEDE
:10464000B07E7C3FFCDE28BE3A5D7C3F04F82BBE8A
:10465000283B7C3FA2102FBE7A187C3FD42832BE64
:1046600031F57B3F984035BE4DD17B3FEC5738BE8E
:10467000CDAC7B3FCF6E3BBEB2877B3F3E853EBE1F
:10468000FC617B3F379B41BEAB3B7B3FB9B044BE37
:10469000BE147B3FC2C547BE37ED7A3F4FDA4ABEF4
:1046A00016C57A3F60EE4DBE599C7A3FF10151BE6E
:1046B00002737A3F011554BE10497A3F8F2757BEC7
:1046C000841E7A3F97395ABE5EF3793F1A4B5DBE1E
:1046D0009DC7793F135C60BE439B793F836C63BE8B
:1046E0004E6E793F667C66BEC040793FBA8B69BE2C
:1046F0009812793F7F9A6CBED6E3783FB2A86FBE1E
:104700007BB4783F51B672BE8684783F5AC375BE7B
:10471000F853783FCCCF78BED122783FA4DB7BBE64
:1047200010F1773FE1E67EBEB7BE773FC0F880BEAE
:10473000C58B773FC07D82BE3A58773F700284BEFA
:104740001724773FCE8685BE5BEF763FDA0A87BEB9
:1047500007BA763F938E88BE1B84763FF8118ABED7
:10476000974D763F07958BBE7A16763FC0178DBE64
:10477000C6DE753F229A8EBE7BA6753F2C1C90BE6E
:10478000976D753FDD9D91BE1D34753F351F93BEFE
:104790000BFA743F31A094BE62BF743FD22096BE24
:1047A0002284743F17A197BE4B48743FFE2099BEE8
:1047B000DD0B743F86A09ABED9CE733FAF1F9CBE5F
:1047C0003F91733F789E9DBE0E53733FDF1C9FBE8B
:1047D0004714733FE59AA0BEEBD4723F8718A2BE80
:1047E000F894723FC595A3BE7054723F9F12A5BE48
:1047F0005213723F128FA6BE9FD1713F1F0BA8BEEE
:10480000578F713FC486A9BE7A4C713F0102ABBE7F
:104810000809713FD47CACBE02C5703F3CF7ADBE09
:104820006680703F3A71AFBE373B703FCBEAB0BE97
:1048300073F56F3FEF63B2BE1BAF6F3FA5DCB3BE36
:1048400030686F3FEC54B5BEB0206F3FC3CCB6BEEE
:104850009ED86E3F2A44B8BEF88F6E3F1EBBB9BECD
:10486000BE466E3FA031BBBEF2FC6D3FAFA7BCBEE3
:1048700093B26D3F4A1DBEBEA1676D3F6F92BFBE32
:104880001D1C6D3F1E07C1BE07D06C3F557BC2BECD
:104890005E836C3F15EFC3BE24366C3F5C62C5BEC1
:1048A00058E86B3F29D5C6BEFB996B3F7C47C8BE15
:1048B0000C4B6B3F53B9C9BE8CFB6A3FAE2ACBBED3
:1048C0007BAB6A3F8B9BCCBED95A6A3FEA0BCEBE0C
:1048D000A7096A3FCA7BCFBEE4B7693F2AEBD0BEC7
:1048E0009165693F095AD2BEAE12693F67C8D3BE0F
:1048F0003CBF683F4136D5BE396B683F99A3D6BEF1
:10490000A816683F6B10D8BE87C1673FB97CD9BE77
:10491000D86B673F80E8DABE9915673FC153DCBEAC
:10492000CCBE663F79BEDDBE7167663FA928DFBE9B
:10493000880F663F4F92E0BE10B7653F6AFBE1BE4D
:104940000B5E653FFA63E3BE7904653FFECBE4BED0
:1049500059AA643F7533E6BEAC4F643F5D9AE7BE2B
:1049600073F4633FB700E9BEAC98633F8166EABE6B
:104970005A3C633FBBCBEBBE7BDF623F6330EDBE97
:104980001082623F7994EEBE1A24623FFBF7EFBEBD
:1049900098C5613FEA5AF1BE8A66613F43BDF2BEE7
:1049A000F206613F071FF4BECFA6603F3580F5BE1B
:1049B0002146603FCBE0F6BEE9E45F3FC840F8BE69
:1049C00027835F3F2DA0F9BEDB205F3FF7FEFABED5
:1049D00005BE5E3F275DFCBEA65A5E3FBBBAFDBE6C
:1049E000BEF65D3FB217FFBE4D925D3F063A00BF77
:1049F000532D5D3FE4E700BFD1C75C3F739501BF16
:104A0000C7615C3FB14202BF34FB5B3F9FEF02BF17
:104A10001A945B3F3D9C03BF792C5B3F894804BFE0
:104A200050C45A3F84F404BFA05B5A3F2CA005BF7A
:104A30006AF2593F824B06BFAD88593F86F606BFE2
:104A40006A1E593F36A107BFA1B3583F924B08BF1A
:104A50005348583F9BF508BF7FDC573F4E9F09BF27
:104A60002670573FAD480ABF4803573FB7F10ABF0A
:104A7000E595563F6B9A0BBFFE27563FC9420CBFC8
:104A800093B9553FD0EA0CBFA44A553F81920DBF60
:104A900031DB543FDA390EBF3B6B543FDBE00EBFD6
:104AA000C3FA533F84870FBFC789533FD52D10BF2B
:104AB0004918533FCDD310BF49A6523F6B7911BF60
:104AC000C633523FB01E12BFC2C0513F9AC312BF7D
:104AD0003D4D513F2A6813BF37D9503F5F0C14BF7B
:104AE000AF64503F39B014BFA8EF4F3FB75315BF65
:104AF0001F7A4F3FD9F615BF17044F3F9F9916BF36
:104B0000908D4E3F073C17BF89164E3F12DE17BFF0
:104B1000029F4D3FC07F18BFFD264D3F0F2119BF9B
:104B200079AE4C3F00C219BF78354C3F93621ABF33
:104B3000F8BB4B3FC6021BBFFA414B3F99A21BBFBC
:104B40007FC74A3F0C421CBF874C4A3F1FE11CBF36
:104B500012D1493FD17F1DBF2155493F221E1EBFA3
:104B6000B3D8483F12BC1EBFCA5B483F9F591FBF06
:104B700065DE473FCBF61FBF8560473F939320BF5D
:104B80002AE2463FF92F21BF5463463FFBCB21BFAA
:104B900003E4453F996722BF3964453FD30223BFF1
:104BA000F5E3443FA99D23BF3763443F1A3824BF30
:104BB00000E2433F25D224BF5160433FCB6B25BF6A
:104BC00029DE423F0A0526BF895B423FE39D26BF9F
:104BD00070D8413F563627BFE154413F61CE27BFD1
:104BE000DAD0403F056628BF5C4C403F41FD28BFFE
:104BF00067C73F3F159429BFFC413F3F802A2ABF2A
:104C00001BBC3E3F82C02ABFC5353E3F1B562BBF53
:104C1000F9AE3D3F4AEB2BBFB8273D3F0F802CBF7D
:104C200003A03C3F69142DBFD9173C3F59A82DBFA5
:104C30003B8F3B3FDE3B2EBF29063B3FF7CE2EBFCF
:104C4000A47C3A3FA5612FBFACF2393FE6F32FBFFA
:104C50004268393FBB8530BF65DD383F221731BF21
:104C60001652383F1DA831BF55C6373FAA3832BF4C
:104C7000233A373FC9C832BF7FAD363F7A5833BF7A
:104C80006C20363FBCE733BFE792353F8F7634BFA9
:104C9000F304353FF30435BF8F76343FE79235BFD9
:104CA000BCE7333F6C2036BF7A58333F7FAD36BF09
:104CB000C9C8323F233A37BFAA38323F55C637BF3B
:104CC0001DA8313F165238BF2217313F65DD38BF6E
:104CD000BB85303F426839BFE6F32F3FACF239BFA6
:104CE000A5612F3FA47C3ABFF7CE2E3F29063BBFDC
:104CF000DE3B2E3F3B8F3BBF59A82D3FD9173CBF12
:104D000069142D3F03A03CBF0F802C3FB8273DBF47
:104D10004AEB2B3FF9AE3DBF1B562B3FC5353EBF7F
:104D200082C02A3F1BBC3EBF802A2A3FFC413FBFB6
:104D30001594293F67C73FBF41FD283F5C4C40BFEA
:104D40000566283FDAD040BF61CE273FE15441BF1E
:104D50005636273F70D841BFE39D263F895B42BF4F
:104D60000A05263F29DE42BFCB6B253F516043BF7A
:104D700025D2243F00E243BF1A38243F376344BFA3
:104D8000A99D233FF5E344BFD302233F396445BFC8
:104D90009967223F03E445BFFBCB213F546346BFE5
:104DA000F92F213F2AE246BF9393203F856047BFFA
:104DB000CBF61F3F65DE47BF9F591F3FCA5B48BF09
:104DC00012BC1E3FB3D848BF221E1E3F215549BF0B
:104DD000D17F1D3F12D149BF1FE11C3F874C4ABF05
:104DE0000C421C3F7FC74ABF99A21B3FFA414BBFF1
:104DF000C6021B3FF8BB4BBF93621A3F78354CBFCE
:104E000000C2193F79AE4CBF0F21193FFD264DBF9F
:104E1000C07F183F029F4DBF12DE173F89164EBF5D
:104E2000073C173F908D4EBF9F99163F17044FBF09
:104E3000D9F6153F1F7A4FBFB753153FA8EF4FBFA5
:104E400039B0143FAF6450BF5F0C143F37D950BF27
:104E50002A68133F3D4D51BF9AC3123FC2C051BF94
:104E6000B01E123FC63352BF6B79113F49A652BFE5
:104E7000CDD3103F491853BFD52D103FC78953BF1D
:104E800084870F3FC3FA53BFDBE00E3F3B6B54BF39
:104E9000DA390E3F31DB54BF81920D3FA44A55BF32
:104EA000D0EA0C3F93B955BFC9420C3FFE2756BF0D
:104EB0006B9A0B3FE59556BFB7F10A3F480357BFC2
:104EC000AD480A3F267057BF4E9F093F7FDC57BF52
:104ED0009BF5083F534858BF924B083FA1B358BFBA
:104EE00036A1073F6A1E59BF86F6063FAD8859BFF7
:104EF000824B063F6AF259BF2CA0053FA05B5ABF08
:104F000084F4043F50C45ABF8948043F792C5BBFE6
:104F10003D9C033F1A945BBF9FEF023F34FB5BBF96
:104F2000B142023FC7615CBF7395013FD1C75CBF0F
:104F3000E4E7003F532D5DBF063A003F4D925DBF51
:104F4000B217FF3EBEF65DBFBBBAFD3EA65A5EBFBE
:104F5000275DFC3E05BE5EBFF7FEFA3EDB205FBF6D
:104F60002DA0F93E27835FBFC840F83EE9E45FBF4C
:104F7000CBE0F63E214660BF3580F53ECFA660BF50
:104F8000071FF43EF20661BF43BDF23E8A6661BF71
:104F9000EA5AF13E98C561BFFBF7EF3E1A2462BFA3
:104FA0007994EE3E108262BF6330ED3E7BDF62BFDC
:104FB000BBCBEB3E5A3C63BF8166EA3EAC9863BF15
:104FC000B700E93E73F463BF5D9AE73EAC4F64BF40
:104FD0007533E63E59AA64BFFECBE43E790465BF53
:104FE000FA63E33E0B5E65BF6AFBE13E10B765BF47
:104FF0004F92E03E880F66BFA928DF3E716766BF0B
:1050000079BEDD3ECCBE66BFC153DC3E991567BF9D
:1050100080E8DA3ED86B67BFB97CD93E87C167BFED
:105020006B10D83EA81668BF99A3D63E396B68BFEF
:105030004136D53E3CBF68BF67C8D33EAE1269BF9C
:10504000095AD23E916569BF2AEBD03EE4B769BFE9
:10505000CA7BCF3EA7096ABFEA0BCE3ED95A6ABFC8
:105060008B9BCC3E7BAB6ABFAE2ACB3E8CFB6ABF30
:1050700053B9C93E0C4B6BBF7C47C83EFB996BBF15
:1050800029D5C63E58E86BBF5C62C53E24366CBF6E
:1050900015EFC33E5E836CBF557BC23E07D06CBF2D
:1050A0001E07C13E1D1C6DBF6F92BF3EA1676DBF45
:1050B0004A1DBE3E93B26DBFAFA7BC3EF2FC6DBFB2
:1050C000A031BB3EBE466EBF1EBBB93EF88F6EBF61
:1050D0002A44B83E9ED86EBFC3CCB63EB0206FBF48
:1050E000EC54B53E30686FBFA5DCB33E1BAF6FBF5D
:1050F000EF63B23E73F56FBFCBEAB03E373B70BF94
:105100003A71AF3E668070BF3CF7AD3E02C570BFDE
:10511000D47CAC3E080971BF0102AB3E7A4C71BF32
:10512000C486A93E578F71BF1F0BA83E9FD171BF88
:10513000128FA63E521372BF9F12A53E705472BFCB
:10514000C595A33EF89472BF8718A23EEBD472BFF8
:10515000E59AA03E471473BFDF1C9F3E0E5373BFFA
:10516000789E9D3E3F9173BFAF1F9C3ED9CE73BFCB
:1051700086A09A3EDD0B74BFFE20993E4B4874BF5B
:1051800017A1973E228474BFD220963E62BF74BF9F
:1051900031A0943E0BFA74BF351F933E1D3475BF8A
:1051A000DD9D913E976D75BF2C1C903E7BA675BF13
:1051B000229A8E3EC6DE75BFC0178D3E7A1676BF28
:1051C00007958B3E974D76BFF8118A3E1B8476BFBC
:1051D000938E883E07BA76BFDA0A873E5BEF76BFCA
:1051E000CE86853E172477BF7002843E3A5877BF3B
:1051F000C07D823EC58B77BFC0F8803EB7BE77BF0B
:10520000E1E67E3E10F177BFA4DB7B3ED12278BF82
:10521000CCCF783EF85378BF5AC3753E868478BFAA
:1052200051B6723E7BB478BFB2A86F3ED6E378BF6A
:105230007F9A6C3E981279BFBA8B693EC04079BFA5
:10524000667C663E4E6E79BF836C633E439B79BF3E
:10525000135C603E9DC779BF1A4B5D3E5EF379BF1C
:1052600097395A3E841E7ABF8F27573E10497ABF1E
:105270000115543E02737ABFF101513E599C7ABF29
:1052800060EE4D3E16C57ABF4FDA4A3E37ED7ABF23
:10529000C2C5473EBE147BBFB9B0443EAB3B7BBFEB
:1052A000379B413EFC617BBF3E853E3EB2877BBF64
:1052B000CF6E3B3ECDAC7BBFEC57383E4DD17BBF74
:1052C0009840353E31F57BBFD428323E7A187CBFFA
:1052D000A2102F3E283B7CBF04F82B3E3A5D7CBFDA
:1052E000FCDE283EB07E7CBF8CC5253E8A9F7CBFFD
:1052F000B6AB223EC9BF7CBF7B911F3E6CDF7CBF3B
:10530000DE761C3E73FE7CBFE05B193EDD1C7DBF7C
:105310008340163EAC3A7DBFCA24133EDE577DBFA4
:10532000B708103E74747DBF4AEC0C3E6E907DBF92
:1053300086CF093ECCAB7DBF6EB2063E8CC67DBF2C
:105340000295033EB1E07DBF4577003E38FA7DBF50
:1053500073B2FA3D24137EBFC075F43D722B7EBF3D
:105360007638EE3D23437EBF9AFAE73D385A7EBF3A
:105370002EBCE13DB0707EBF377DDB3D8B867EBFAE
:10538000B93DD53DC99B7EBFB7FDCE3D69B07EBF5F
:1053900036BDC83D6DC47EBF397CC23DD4D77EBF0B
:1053A000C33ABC3D9DEA7EBFDAF8B53DC9FC7EBF7D
:1053B00080B6AF3D580E7FBFBA73A93D491F7FBF6E
:1053C0008C30A33D9D2F7FBFF9EC9C3D543F7FBFA8
:1053D00005A9963D6D4E7FBFB464903DE95C7FBFEB
:1053E0000A208A3DC76A7FBF0ADB833D08787FBFFA
:1053F000742B7B3DAB847FBF38A06E3DB1907FBFE7
:105400006814623D189C7FBF0E88553DE3A67FBFA0
:105410002FFB483D0FB17FBFD56D3C3D9EBA7FBF8E
:1054200007E02F3D8FC37FBFCC51233DE2CB7FBF31
:105430002CC3163D98D37FBF2F340A3DAFDA7FBF10
:10544000B949FB3C29E17FBF7B2AE23C05E77FBFEE
:10545000B00AC93C43EC7FBF69EAAF3CE3F07FBFD1
:10546000B6C9963CE6F47FBF4B517B3C4AF87FBF00
:10547000900E493C11FB7FBF59CB163C39FD7FBFD5
:10548000890FC93BC4FE7FBFC70F493BB1FF7FBF38
:10549000000000000000803FD40FC93AECFF7F3FBE
:1054A000C70F493BB1FF7F3FC1CB963B4EFF7F3FCC
:1054B000890FC93BC4FE7F3F3053FB3B13FE7F3F48
:1054C00059CB163C39FD7F3F02ED2F3C39FC7F3F25
:1054D000900E493C11FB7F3F0030623CC1F97F3F99
:1054E0004B517B3C4AF87F3F38398A3CACF67F3FD2
:1054F000B6C9963CE6F47F3F1C5AA33CF8F27F3FC6
:1055000069EAAF3CE3F07F3F9B7ABC3CA7EE7F3F6C
:10551000B00AC93C43EC7F3FA69AD53CB8E97F3F2F
:105520007B2AE23C05E77F3F2DBAEE3C2BE47F3F30
:10553000B949FB3C29E17F3F90EC033D00DE7F3F12
:105540002F340A3DAFDA7F3FB87B103D37D77F3F1E
:105550002CC3163D98D37F3F880A1D3DD1CF7F3F96
:10556000CC51233DE2CB7F3FF698293DCCC77F3F0E
:1055700007E02F3D8FC37F3FFC26363D2ABF7F3F8C
:10558000D56D3C3D9EBA7F3F91B4423DEAB57F3F29
:105590002FFB483D0FB17F3FAF414F3D0DAC7F3FEB
:1055A0000E88553DE3A67F3F4CCE5B3D91A17F3FEA
:1055B0006814623D189C7F3F625A683D78967F3F31
:1055C00038A06E3DB1907F3FE9E5743DC28A7F3FD0
:1055D000742B7B3DAB847F3F6CB8803D6D7E7F3FFD
:1055E0000ADB833D08787F3F94FD863D7B717F3FDA
:1055F0000A208A3DC76A7F3F6A428D3DEC637F3F48
:10560000B464903DE95C7F3FE786933DBF557F3FA3
:1056100005A9963D6D4E7F3F0ACB993DF4467F3FED
:10562000F9EC9C3D543F7F3FCF0EA03D8D377F3F2F
:105630008C30A33D9D2F7F3F3052A63D87277F3F73
:10564000BA73A93D491F7F3F2B95AC3DE4167F3FC0
:1056500080B6AF3D580E7F3FBBD7B23DA4057F3F1C
:10566000DAF8B53DC9FC7E3FDD19B93DC7F37E3F91
:10567000C33ABC3D9DEA7E3F8D5BBF3D4CE17E3F22
:10568000397CC23DD4D77E3FC69CC53D34CE7E3FDB
:1056900036BDC83D6DC47E3F86DDCB3D7FBA7E3FC3
:1056A000B7FDCE3D69B07E3FC81DD23D2DA67E3FE1
:1056B000B93DD53DC99B7E3F895DD83D3D917E3F3B
:1056C000377DDB3D8B867E3FC49CDE3DB17B7E3FDC
:1056D0002EBCE13DB0707E3F76DBE43D88657E3FC9
:1056E0009AFAE73D385A7E3F9A19EB3DC14E7E3F0C
:1056F0007638EE3D23437E3F2E57F13D5E377E3FA9
:10570000C075F43D722B7E3F2C94F73D5E1F7E3FAB
:1057100073B2FA3D24137E3F92D0FD3DC2067E3F18
:105720004577003E38FA7D3F2E06023E88ED7D3FEC
:105730000295033EB1E07D3FC223053EB2D37D3FDB
:105740006EB2063E8CC67D3F0541083E40B97D3FA6
:1057500086CF093ECCAB7D3FF35D0B3E309E7D3F57
:105760004AEC0C3E6E907D3F8B7A0E3E85827D3FEB
:10577000B708103E74747D3FCC96113E3D667D3F68
:10578000CA24133EDE577D3FB2B2143E59497D3FD5
:105790008340163EAC3A7D3F3DCE173ED82B7D3F31
:1057A000E05B193EDD1C7D3F6BE91A3EBC0D7D3F81
:1057B000DE761C3E73FE7C3F38041E3E03EF7C3FCA
:1057C0007B911F3E6CDF7C3FA51E213EAECF7C3F10
:1057D000B6AB223EC9BF7C3FAD38243EBDAF7C3F57
:1057E0008CC5253E8A9F7C3F5152273E318F7C3F9E
:1057F000FCDE283EB07E7C3F8D6B2A3E086E7C3FEF
:1058000004F82B3E3A5D7C3F61842D3E444C7C3F46
:10581000A2102F3E283B7C3FC99C303EE5297C3FAF
:10582000D428323E7A187C3FC4B4333EE9067C3F2C
:105830009840353E31F57B3F50CC363E53E37B3FBD
:10584000EC57383E4DD17B3F6CE3393E20BF7B3F68
:10585000CF6E3B3ECDAC7B3F15FA3C3E539A7B3F2F
:105860003E853E3EB2877B3F4910403EEA747B3F17
:10587000379B413EFC617B3F0726433EE74E7B3F23
:10588000B9B0443EAB3B7B3F4D3B463E48287B3F57
:10589000C2C5473EBE147B3F1850493E0E017B3FB8
:1058A0004FDA4A3E37ED7A3F67644C3E3AD97A3F49
:1058B00060EE4D3E16C57A3F38784F3ECBB07A3F0A
:1058C000F101513E599C7A3F898B523EC1877A3F04
:1058D0000115543E02737A3F589E553E1C5E7A3F36
:1058E0008F27573E10497A3FA4B0583EDD337A3FA8
:1058F00097395A3E841E7A3F6AC25B3E04097A3F5A
:105900001A4B5D3E5EF3793FA8D35E3E91DD793F51
:10591000135C603E9DC7793F5CE4613E83B1793F93
:10592000836C633E439B793F86F4643EDC84793F1D
:10593000667C663E4E6E793F2204683E9A57793FF8
:10594000BA8B693EC040793F2F136B3EBF29793F28
:105950007F9A6C3E9812793FAB216E3E4AFB783FAE
:10596000B2A86F3ED6E3783F942F713E3BCC783F90
:1059700051B6723E7BB4783FE83C743E939C783FCE
:105980005AC3753E8684783FA649773E526C783F6D
:10599000CCCF783EF853783FCB557A3E773B783F73
:1059A000A4DB7B3ED122783F56617D3E040A783FDE
:1059B000E1E67E3E10F1773F2236803EF7D7773F13
:1059C000C0F8803EB7BE773F4ABB813E51A5773FC6
:1059D000C07D823EC58B773F2240833E1372773F66
:1059E0007002843E3A58773FAAC4843E3C3E773FDB
:1059F000CE86853E1724773FDF48863ECC09773F29
:105A0000DA0A873E5BEF763FC1CC873EC4D4763F4F
:105A1000938E883E07BA763F5050893E249F763F4A
:105A2000F8118A3E1B84763F8AD38A3EEC68763F23
:105A300007958B3E974D763F6E568C3E1B32763FD8
:105A4000C0178D3E7A16763FFCD88D3EB3FA753F6F
:105A5000229A8E3EC6DE753F325B8F3EB3C2753FE3
:105A60002C1C903E7BA6753F10DD903E1C8A753F36
:105A7000DD9D913E976D753F945E923EED50753F72
:105A8000351F933E1D34753FBFDF933E2717753F8B
:105A900031A0943E0BFA743F8D60953EC9DC743F93
:105AA000D220963E62BF743F00E1963ED5A1743F7E
:105AB00017A1973E2284743F1661983E4966743F51
:105AC000FE20993E4B48743FCEE0993E272A743F12
:105AD00086A09A3EDD0B743F27609B3E6EED733FC0
:105AE000AF1F9C3ED9CE733F20DF9C3E1FB0733F5B
:105AF000789E9D3E3F91733FB85D9E3E3972733FE5
:105B0000DF1C9F3E0E53733FEEDB9F3EBE33733F61
:105B1000E59AA03E4714733FC259A13EACF4723FD0
:105B20008718A23EEBD4723F33D7A23E04B5723F32
:105B3000C595A33EF894723F3F54A43EC774723F8C
:105B40009F12A53E7054723FE5D0A53EF433723FDC
:105B5000128FA63E5213723F254DA73E8CF2713F25
:105B60001F0BA83E9FD1713FFEC8A83E8EB0713F6B
:105B7000C486A93E578F713F6F44AA3EFB6D713FAB
:105B80000102AB3E7A4C713F77BFAB3ED42A713FE6
:105B9000D47CAC3E0809713F153AAD3E17E7703F23
:105BA0003CF7AD3E02C5703F49B4AE3EC6A2703F61
:105BB0003A71AF3E6680703F102EB03EE15D703F9F
:105BC000CBEAB03E373B703F6BA7B13E6718703FE2
:105BD000EF63B23E73F56F3F5820B33E5AD26F3F2A
:105BE000A5DCB33E1BAF6F3FD698B43EB88B6F3F7A
:105BF000EC54B53E30686F3FE610B63E83446F3FCD
:105C0000C3CCB63EB0206F3F8488B73EBAFC6E3F2F
:105C10002A44B83E9ED86E3FB2FFB83E5DB46E3F98
:105C20001EBBB93EF88F6E3F6E76BA3E6D6B6E3F0F
:105C3000A031BB3EBE466E3FB6ECBB3EEB216E3F95
:105C4000AFA7BC3EF2FC6D3F8B62BD3ED5D76D3F2A
:105C50004A1DBE3E93B26D3FEBD7BE3E2D8D6D3FCC
:105C60006F92BF3EA1676D3FD54CC03EF2416D3F84
:105C70001E07C13E1D1C6D3F48C1C13E24F66C3F4E
:105C8000557BC23E07D06C3F4435C33EC5A96C3F2F
:105C900015EFC33E5E836C3FC8A8C43ED45C6C3F26
:105CA0005C62C53E24366C3FD21BC63E500F6C3F33
:105CB00029D5C63E58E86B3F628EC73E3BC16B3F5D
:105CC0007C47C83EFB996B3F7700C93E95726B3F9E
:105CD00053B9C93E0C4B6B3F1072CA3E5E236B3FFB
:105CE000AE2ACB3E8CFB6A3F2CE3CB3E95D36A3F7A
:105CF0008B9BCC3E7BAB6A3FCA53CD3E3C836A3F15
:105D0000EA0BCE3ED95A6A3FEAC3CE3E52326A3FD0
:105D1000CA7BCF3EA7096A3F8A33D03ED7E0693FAE
:105D20002AEBD03EE4B7693FAAA2D13ECC8E693FB0
:105D3000095AD23E9165693F4811D33E323C693FD2
:105D400067C8D33EAE12693F647FD43E07E9683F1F
:105D50004136D53E3CBF683FFDECD53E4C95683F93
:105D600099A3D63E396B683F135AD73E0341683F2B
:105D70006B10D83EA816683FA3C6D83E2AEC673FF2
:105D8000B97CD93E87C1673FAD32DA3EC196673FE5
:105D900080E8DA3ED86B673F319EDB3ECA40673F02
:105DA000C153DC3E9915673F2E09DD3E45EA663F4B
:105DB00079BEDD3ECCBE663FA273DE3E3093663FC9
:105DC000A928DF3E7167663F8DDDDF3E8E3B663F73
:105DD0004F92E03E880F663FEE46E13E5EE3653F50
:105DE0006AFBE13E10B7653FC4AFE23EA08A653F63
:105DF000FA63E33E0B5E653F0E18E43E5431653FA7
:105E0000FECBE43E7904653FCB7FE53E7BD7643F24
:105E10007533E63E59AA643FFBE6E63E147D643FD7
:105E20005D9AE73EAC4F643F9C4DE83E2122643FC3
:105E3000B700E93E73F4633FAEB3E93EA1C6633FEA
:105E40008166EA3EAC98633F3019EB3E956A633F4A
:105E5000BBCBEB3E5A3C633F217EEC3EFC0D633FE7
:105E60006330ED3E7BDF623F80E2ED3ED7B0623FC4
:105E70007994EE3E1082623F4C46EF3E2653623FDD
:105E8000FBF7EF3E1A24623F85A9F03EEAF4613F3A
:105E9000EA5AF13E98C5613F290CF23E2296613FD5
:105EA00043BDF23E8A66613F386EF33ED036613FB5
:105EB000071FF43EF206613FB1CFF43EF2D6603FD9
:105EC0003580F53ECFA6603F9330F63E8976603F41
:105ED000CBE0F63E2146603FDC90F73E9615603FF2
:105EE000C840F83EE9E45F3F8EF0F83E19B45F3FEA
:105EF0002DA0F93E27835F3FA54FFA3E12525F3F28
:105F0000F7FEFA3EDB205F3F22AEFB3E81EF5E3FB5
:105F1000275DFC3E05BE5E3F040CFD3E678C5E3F88
:105F2000BBBAFD3EA65A5E3F4A69FE3EC3285E3FAD
:105F3000B217FF3EBEF65D3FF3C5FF3E97C45D3F1F
:105F4000063A003F4D925D3FFF90003FE15F5D3FAD
:105F5000E4E7003F532D5D3FB53E013FA3FA5C3FB0
:105F60007395013FD1C75C3F1CEC013FDD945C3F62
:105F7000B142023FC7615C3F3299023F8E2E5C3FC7
:105F80009FEF023F34FB5B3FF845033FB8C75B3FE1
:105F90003D9C033F1A945B3F6DF2033F5A605B3FA9
:105FA0008948043F792C5B3F919E043F75F85A3F26
:105FB00084F4043F50C45A3F624A053F09905A3F57
:105FC0002CA0053FA05B5A3FE2F5053F16275A3F3C
:105FD000824B063F6AF2593F0EA1063F9CBD593FD6
:105FE00086F6063FAD88593FE84B073F9C53593F23
:105FF00036A1073F6A1E593F6FF6073F17E9583F22
:10600000924B083FA1B3583FA1A0083F0B7E583FD9
:106010009BF5083F5348583F7F4A093F7912583F44
:106020004E9F093F7FDC573F09F4093F63A6573F66
:10603000AD480A3F2670573F3D9D0A3FC739573F3D
:10604000B7F10A3F4803573F1C460B3FA7CC563FCA
:106050006B9A0B3FE595563FA5EE0B3F025F563F0F
:10606000C9420C3FFE27563FD7960C3FD9F0553F0B
:10607000D0EA0C3F93B9553FB33E0D3F2C82553FBC
:1060800081920D3FA44A553F38E60D3FFB12553F24
:10609000DA390E3F31DB543F658D0E3F47A3543F45
:1060A000DBE00E3F3B6B543F3B340F3F0F33543F1D
:1060B00084870F3FC3FA533FB8DA0F3F55C2533FAF
:1060C000D52D103FC789533FDC80103F1851533FF7
:1060D000CDD3103F4918533FA726113F59DF523FF8
:1060E0006B79113F49A6523F19CC113F186D523FB1
:1060F000B01E123FC633523F3071123F54FA513F27
:106100009AC3123FC2C0513FEE15133F1087513F53
:106110002A68133F3D4D513F50BA133F4A13513F38
:106120005F0C143F37D9503F585E143F039F503FD8
:1061300039B0143FAF64503F0402153F3B2A503F33
:10614000B753153FA8EF4F3F54A5153FF4B44F3F49
:10615000D9F6153F1F7A4F3F4748163F2B3F4F3F19
:106160009F99163F17044F3FDFEA163FE4C84E3FA2
:10617000073C173F908D4E3F188D173F1C524E3FE6
:1061800012DE173F89164E3FF52E183FD5DA4D3FE8
:10619000C07F183F029F4D3F73D0183F10634D3FA3
:1061A0000F21193FFD264D3F9471193FCBEA4C3F1B
:1061B00000C2193F79AE4C3F55121A3F08724C3F4E
:1061C00093621A3F78354C3FB8B21A3FC7F84B3F3D
:1061D000C6021B3FF8BB4B3FBB521B3F097F4B3FE7
:1061E00099A21B3FFA414B3F5FF21B3FCC044B3F50
:1061F0000C421C3F7FC74A3FA2911C3F138A4A3F73
:106200001FE11C3F874C4A3F84301D3FDC0E4A3F54
:10621000D17F1D3F12D1493F06CF1D3F2993493FF2
:10622000221E1E3F2155493F266D1E3FFA16493F4B
:1062300012BC1E3FB3D8483FE50A1F3F4E9A483F65
:106240009F591F3FCA5B483F41A81F3F271D483F3A
:10625000CBF61F3F65DE473F3B45203F849F473FCE
:106260009393203F8560473FD2E1203F6721473F1E
:10627000F92F213F2AE2463F067E213FCEA2463F2C
:10628000FBCB213F5463463FD719223FBB23463FF8
:106290009967223F03E4453F43B5223F2DA4453F84
:1062A000D302233F3964453F4B50233F2624453FCB
:1062B000A99D233FF5E3443FEEEA233FA5A3443FD6
:1062C0001A38243F3763443F2C85243FAB22443F98
:1062D00025D2243F00E2433F041F253F38A1433F1E
:1062E000CB6B253F5160433F77B8253F4C1F433F61
:1062F0000A05263F29DE423F8451263FE89C423F63
:10630000E39D263F895B423F2AEA263F0B1A423F24
:106310005636273F70D8413F6882273FB796413FA6
:1063200061CE273FE154413F401A283FEC12413FE4
:106330000566283FDAD0403FB0B1283FA98E403FE4
:1063400041FD283F5C4C403FB848293FF009403FA1
:106350001594293F67C73F3F57DF293FC0843F3F20
:10636000802A2A3FFC413F3F8E752A3F1BFF3E3F5C
:1063700082C02A3F1BBC3E3F5B0B2B3FFF783E3F5A
:106380001B562B3FC5353E3FBFA02B3F6EF23D3F16
:106390004AEB2B3FF9AE3D3FB9352C3F676B3D3F94
:1063A0000F802C3FB8273D3F49CA2C3FECE33C3FD0
:1063B00069142D3F03A03C3F6F5E2D3FFC5B3C3FCB
:1063C00059A82D3FD9173C3F29F22D3F98D33B3F89
:1063D000DE3B2E3F3B8F3B3F78852E3FC14A3B3F04
:1063E000F7CE2E3F29063B3F5B182F3F75C13A3F42
:1063F000A5612F3FA47C3A3FD3AA2F3FB7373A3F3E
:10640000E6F32F3FACF2393FDE3C303F85AD393FFC
:10641000BB85303F4268393F7CCE303FE122393F77
:106420002217313F65DD383FAD5F313FCB97383FB5
:106430001DA8313F1652383F71F0313F430C383FB1
:10644000AA38323F55C6373FC780323F4A80373F70
:10645000C9C8323F233A373FAF10333FDFF3363FEF
:106460007A58333F7FAD363F29A0333F0467363F2C
:10647000BCE7333F6C20363F342F343FB8D9353F2B
:106480008F76343FE792353FCFBD343FFB4B353FEE
:10649000F304353FF304353FFB4B353FCFBD343F6D
:1064A000E792353F8F76343FB8D9353F342F343FAC
:1064B0006C20363FBCE7333F0467363F29A0333FAB
:1064C0007FAD363F7A58333FDFF3363FAF10333F6F
:1064D000233A373FC9C8323F4A80373FC780323FEF
:1064E00055C6373FAA38323F430C383F71F0313F31
:1064F0001652383F1DA8313FCB97383FAD5F313F33
:1065000065DD383F2217313FE122393F7CCE303FF5
:106510004268393FBB85303F85AD393FDE3C303F77
:10652000ACF2393FE6F32F3FB7373A3FD3AA2F3FBC
:10653000A47C3A3FA5612F3F75C13A3F5B182F3FBE
:1065400029063B3FF7CE2E3FC14A3B3F78852E3F81
:106550003B8F3B3FDE3B2E3F98D33B3F29F22D3F05
:10656000D9173C3F59A82D3FFC5B3C3F6F5E2D3F48
:1065700003A03C3F69142D3FECE33C3F49CA2C3F4C
:10658000B8273D3F0F802C3F676B3D3FB9352C3F0F
:10659000F9AE3D3F4AEB2B3F6EF23D3FBFA02B3F94
:1065A000C5353E3F1B562B3FFF783E3F5B0B2B3FD5
:1065B0001BBC3E3F82C02A3F1BFF3E3F8E752A3FD9
:1065C000FC413F3F802A2A3FC0843F3F57DF293F9D
:1065D00067C73F3F1594293FF009403FB848293F1E
:1065E0005C4C403F41FD283FA98E403FB0B1283F61
:1065F000DAD0403F0566283FEC12413F401A283F61
:10660000E154413F61CE273FB796413F6882273F23
:1066100070D8413F5636273F0B1A423F2AEA263FA1
:10662000895B423FE39D263FE89C423F8451263FE1
:1066300029DE423F0A05263F4C1F433F77B8253FDE
:106640005160433FCB6B253F38A1433F041F253F9B
:1066500000E2433F25D2243FAB22443F2C85243F18
:106660003763443F1A38243FA5A3443FEEEA233F53
:10667000F5E3443FA99D233F2624453F4B50233F4C
:106680003964453FD302233F2DA4453F43B5223F04
:1066900003E4453F9967223FBB23463FD719223F7A
:1066A0005463463FFBCB213FCEA2463F067E213FAF
:1066B0002AE2463FF92F213F6721473FD2E1203FA1
:1066C0008560473F9393203F849F473F3B45203F52
:1066D00065DE473FCBF61F3F271D483F41A81F3FC0
:1066E000CA5B483F9F591F3F4E9A483FE50A1F3FEC
:1066F000B3D8483F12BC1E3FFA16493F266D1E3FD5
:106700002155493F221E1E3F2993493F06CF1D3F79
:1067100012D1493FD17F1D3FDC0E4A3F84301D3FDF
:10672000874C4A3F1FE11C3F138A4A3FA2911C3FFE
:106730007FC74A3F0C421C3FCC044B3F5FF21B3FDC
:10674000FA414B3F99A21B3F097F4B3FBB521B3F76
:10675000F8BB4B3FC6021B3FC7F84B3FB8B21A3FCE
:1067600078354C3F93621A3F08724C3F55121A3FDE
:1067700079AE4C3F00C2193FCBEA4C3F9471193FB0
:10678000FD264D3F0F21193F10634D3F73D0183F39
:10679000029F4D3FC07F183FD5DA4D3FF52E183F81
:1067A00089164E3F12DE173F1C524E3F188D173F81
:1067B000908D4E3F073C173FE4C84E3FDFEA163F3F
:1067C00017044F3F9F99163F2B3F4F3F4748163FB7
:1067D0001F7A4F3FD9F6153FF4B44F3F54A5153FEC
:1067E000A8EF4F3FB753153F3B2A503F0402153FD8
:1067F000AF64503F39B0143F039F503F585E143F81
:1068000037D9503F5F0C143F4A13513F50BA133FE2
:106810003D4D513F2A68133F1087513FEE15133FFE
:10682000C2C0513F9AC3123F54FA513F3071123FD8
:10683000C633523FB01E123F186D523F19CC113F64
:1068400049A6523F6B79113F59DF523FA726113FAE
:106850004918533FCDD3103F1851533FDC80103FB0
:10686000C789533FD52D103F55C2533FB8DA0F3F6C
:10687000C3FA533F84870F3F0F33543F3B340F3FDE
:106880003B6B543FDBE00E3F47A3543F658D0E3F0B
:1068900031DB543FDA390E3FFB12553F38E60D3FEE
:1068A000A44A553F81920D3F2C82553FB33E0D3F88
:1068B00093B9553FD0EA0C3FD9F0553FD7960C3FDE
:1068C000FE27563FC9420C3F025F563FA5EE0B3FE5
:1068D000E595563F6B9A0B3FA7CC563F1C460B3FA6
:1068E0004803573FB7F10A3FC739573F3D9D0A3F1D
:1068F0002670573FAD480A3F63A6573F09F4093F4A
:106900007FDC573F4E9F093F7912583F7F4A093F2E
:106910005348583F9BF5083F0B7E583FA1A0083FC6
:10692000A1B3583F924B083F17E9583F6FF6073F16
:106930006A1E593F36A1073F9C53593FE84B073F1A
:10694000AD88593F86F6063F9CBD593F0EA1063FD4
:106950006AF2593F824B063F16275A3FE2F5053F40
:10696000A05B5A3F2CA0053F09905A3F624A053F61
:1069700050C45A3F84F4043F75F85A3F919E043F37
:10698000792C5B3F8948043F5A605B3F6DF2033FBF
:106990001A945B3F3D9C033FB8C75B3FF845033FFC
:1069A00034FB5B3F9FEF023F8E2E5C3F3299023FEC
:1069B000C7615C3FB142023FDD945C3F1CEC013F8C
:1069C000D1C75C3F7395013FA3FA5C3FB53E013FE1
:1069D000532D5D3FE4E7003FE15F5D3FFF90003FE7
:1069E0004D925D3F063A003F97C45D3FF3C5FF3EC1
:1069F000BEF65D3FB217FF3EC3285E3F4A69FE3ECA
:106A0000A65A5E3FBBBAFD3E678C5E3F040CFD3E5E
:106A100005BE5E3F275DFC3E81EF5E3F22AEFB3E42
:106A2000DB205F3FF7FEFA3E12525F3FA54FFA3E72
:106A300027835F3F2DA0F93E19B45F3F8EF0F83EEB
:106A4000E9E45F3FC840F83E9615603FDC90F73EB2
:106A50002146603FCBE0F63E8976603F9330F63EBC
:106A6000CFA6603F3580F53EF2D6603FB1CFF43E11
:106A7000F206613F071FF43ED036613F386EF33EA9
:106A80008A66613F43BDF23E2296613F290CF23E89
:106A900098C5613FEA5AF13EEAF4613F85A9F03EAC
:106AA0001A24623FFBF7EF3E2653623F4C46EF3E0F
:106AB0001082623F7994EE3ED7B0623F80E2ED3EB5
:106AC0007BDF623F6330ED3EFC0D633F217EEC3E99
:106AD0005A3C633FBBCBEB3E956A633F3019EB3EBC
:106AE000AC98633F8166EA3EA1C6633FAEB3E93E20
:106AF00073F4633FB700E93E2122643F9C4DE83EBA
:106B0000AC4F643F5D9AE73E147D643FFBE6E63E92
:106B100059AA643F7533E63E7BD7643FCB7FE53EA1
:106B20007904653FFECBE43E5431653F0E18E43EE8
:106B30000B5E653FFA63E33EA08A653FC4AFE23E69
:106B400010B7653F6AFBE13E5EE3653FEE46E13E1E
:106B5000880F663F4F92E03E8E3B663F8DDDDF3E05
:106B60007167663FA928DF3E3093663FA273DE3E21
:106B7000CCBE663F79BEDD3E45EA663F2E09DD3E6E
:106B80009915673FC153DC3ECA40673F319EDB3EEB
:106B9000D86B673F80E8DA3EC196673FAD32DA3E98
:106BA00087C1673FB97CD93E2AEC673FA3C6D83E70
:106BB000A816683F6B10D83E0341683F135AD73E72
:106BC000396B683F99A3D63E4C95683FFDECD53EA6
:106BD0003CBF683F4136D53E07E9683F647FD43EFD
:106BE000AE12693F67C8D33E323C693F4811D33E7D
:106BF0009165693F095AD23ECC8E693FAAA2D13E27
:106C0000E4B7693F2AEBD03ED7E0693F8A33D03EF4
:106C1000A7096A3FCA7BCF3E52326A3FEAC3CE3EE3
:106C2000D95A6A3FEA0BCE3E3C836A3FCA53CD3EF7
:106C30007BAB6A3F8B9BCC3E95D36A3F2CE3CB3E2C
:106C40008CFB6A3FAE2ACB3E5E236B3F1072CA3E7E
:106C50000C4B6B3F53B9C93E95726B3F7700C93EF1
:106C6000FB996B3F7C47C83E3BC16B3F628EC73E82
:106C700058E86B3F29D5C63E500F6C3FD21BC63E2D
:106C800024366C3F5C62C53ED45C6C3FC8A8C43EF1
:106C90005E836C3F15EFC33EC5A96C3F4435C33ED0
:106CA00007D06C3F557BC23E24F66C3F48C1C13EC5
:106CB0001D1C6D3F1E07C13EF2416D3FD54CC03ECD
:106CC000A1676D3F6F92BF3E2D8D6D3FEBD7BE3EEE
:106CD00093B26D3F4A1DBE3ED5D76D3F8B62BD3E20
:106CE000F2FC6D3FAFA7BC3EEB216E3FB6ECBB3E66
:106CF000BE466E3FA031BB3E6D6B6E3F6E76BA3EB8
:106D0000F88F6E3F1EBBB93E5DB46E3FB2FFB83E1A
:106D10009ED86E3F2A44B83EBAFC6E3F8488B73E88
:106D2000B0206F3FC3CCB63E83446F3FE610B63E03
:106D300030686F3FEC54B53EB88B6F3FD698B43E89
:106D40001BAF6F3FA5DCB33E5AD26F3F5820B33E16
:106D500073F56F3FEF63B23E6718703F6BA7B13EAC
:106D6000373B703FCBEAB03EE15D703F102EB03E46
:106D70006680703F3A71AF3EC6A2703F49B4AE3EE6
:106D800002C5703F3CF7AD3E17E7703F153AAD3E88
:106D90000809713FD47CAC3ED42A713F77BFAB3E2B
:106DA0007A4C713F0102AB3EFB6D713F6F44AA3ECE
:106DB000578F713FC486A93E8EB0713FFEC8A83E72
:106DC0009FD1713F1F0BA83E8CF2713F254DA73E0E
:106DD0005213723F128FA63EF433723FE5D0A53EA8
:106DE0007054723F9F12A53EC774723F3F54A43E39
:106DF000F894723FC595A33E04B5723F33D7A23EC7
:106E0000EBD4723F8718A23EACF4723FC259A13E48
:106E10004714733FE59AA03EBE33733FEEDB9F3EBF
:106E20000E53733FDF1C9F3E3972733FB85D9E3E29
:106E30003F91733F789E9D3E1FB0733F20DF9C3E85
:106E4000D9CE733FAF1F9C3E6EED733F27609B3ED4
:106E5000DD0B743F86A09A3E272A743FCEE0993E10
:106E60004B48743FFE20993E4966743F1661983E38
:106E70002284743F17A1973ED5A1743F00E1963E4E
:106E800062BF743FD220963EC9DC743F8D60953E50
:106E90000BFA743F31A0943E2717753FBFDF933E36
:106EA0001D34753F351F933EED50753F945E923E05
:106EB000976D753FDD9D913E1C8A753F10DD903EBC
:106EC0007BA6753F2C1C903EB3C2753F325B8F3E54
:106ED000C6DE753F229A8E3EB3FA753FFCD88D3ED2
:106EE0007A16763FC0178D3E1B32763F6E568C3E2B
:106EF000974D763F07958B3EEC68763F8AD38A3E66
:106F00001B84763FF8118A3E249F763F5050893E7D
:106F100007BA763F938E883EC4D4763FC1CC873E75
:106F20005BEF763FDA0A873ECC09773FDF48863E43
:106F30001724773FCE86853E3C3E773FAAC4843EE9
:106F40003A58773F7002843E1372773F2240833E67
:106F5000C58B773FC07D823E51A5773F4ABB813EBE
:106F6000B7BE773FC0F8803EF7D7773F2236803EE6
:106F700010F1773FE1E67E3E040A783F56617D3EA0
:106F8000D122783FA4DB7B3E773B783FCB557A3EDE
:106F9000F853783FCCCF783E526C783FA649773E85
:106FA0008684783F5AC3753E939C783FE83C743E94
:106FB0007BB4783F51B6723E3BCC783F942F713E04
:106FC000D6E3783FB2A86F3E4AFB783FAB216E3ED6
:106FD0009812793F7F9A6C3EBF29793F2F136B3E01
:106FE000C040793FBA8B693E9A57793F2204683E88
:106FF0004E6E793F667C663EDC84793F86F4643E63
:10700000439B793F836C633E83B1793F5CE4613E8F
:107010009DC7793F135C603E91DD793FA8D35E3E0A
:107020005EF3793F1A4B5D3E04097A3F6AC25B3ECC
:10703000841E7A3F97395A3EDD337A3FA4B0583EDA
:1070400010497A3F8F27573E1C5E7A3F589E553E27
:1070500002737A3F0115543EC1877A3F898B523EB5
:10706000599C7A3FF101513ECBB07A3F38784F3E80
:1070700016C57A3F60EE4D3E3AD97A3F67644C3E82
:1070800037ED7A3F4FDA4A3E0E017B3F1850493EBA
:10709000BE147B3FC2C5473E48287B3F4D3B463E22
:1070A000AB3B7B3FB9B0443EE74E7B3F0726433EB8
:1070B000FC617B3F379B413EEA747B3F4910403E79
:1070C000B2877B3F3E853E3E539A7B3F15FA3C3E5E
:1070D000CDAC7B3FCF6E3B3E20BF7B3F6CE3393E68
:1070E0004DD17B3FEC57383E53E37B3F50CC363E8F
:1070F00031F57B3F9840353EE9067C3FC4B4333ED2
:107100007A187C3FD428323EE5297C3FC99C303E2A
:10711000283B7C3FA2102F3E444C7C3F61842D3E97
:107120003A5D7C3F04F82B3E086E7C3F8D6B2A3E17
:10713000B07E7C3FFCDE283E318F7C3F5152273EA3
:107140008A9F7C3F8CC5253EBDAF7C3FAD38243E39
:10715000C9BF7C3FB6AB223EAECF7C3FA51E213ED1
:107160006CDF7C3F7B911F3E03EF7C3F38041E3E6B
:1071700073FE7C3FDE761C3EBC0D7D3F6BE91A3E04
:10718000DD1C7D3FE05B193ED82B7D3F3DCE173E99
:10719000AC3A7D3F8340163E59497D3FB2B2143E22
:1071A000DE577D3FCA24133E3D667D3FCC96113E9F
:1071B00074747D3FB708103E85827D3F8B7A0E3E0A
:1071C0006E907D3F4AEC0C3E309E7D3FF35D0B3E62
:1071D000CCAB7D3F86CF093E40B97D3F0541083E9F
:1071E0008CC67D3F6EB2063EB2D37D3FC223053EC4
:1071F000B1E07D3F0295033E88ED7D3F2E06023EC5
:1072000038FA7D3F4577003EC2067E3F92D0FD3D75
:1072100024137E3F73B2FA3D5E1F7E3F2C94F73DF0
:10722000722B7E3FC075F43D5E377E3F2E57F13D99
:1072300023437E3F7638EE3DC14E7E3F9A19EB3DAB
:10724000385A7E3F9AFAE73D88657E3F76DBE43D1B
:10725000B0707E3F2EBCE13DB17B7E3FC49CDE3DE5
:107260008B867E3F377DDB3D3D917E3F895DD83DFE
:10727000C99B7E3FB93DD53D2DA67E3FC81DD23D61
:1072800069B07E3FB7FDCE3D7FBA7E3F86DDCB3D08
:107290006DC47E3F36BDC83D34CE7E3FC69CC53DE5
:1072A000D4D77E3F397CC23D4CE17E3F8D5BBF3DF4
:1072B0009DEA7E3FC33ABC3DC7F37E3FDD19B93D31
:1072C000C9FC7E3FDAF8B53DA4057F3FBBD7B23D90
:1072D000580E7F3F80B6AF3DE4167F3F2B95AC3D07
:1072E000491F7F3FBA73A93D87277F3F3052A63D94
:1072F0009D2F7F3F8C30A33D8D377F3FCF0EA03D2C
:10730000543F7F3FF9EC9C3DF4467F3F0ACB993DCB
:107310006D4E7F3F05A9963DBF557F3FE786933D64
:10732000E95C7F3FB464903DEC637F3F6A428D3DF2
:10733000C76A7F3F0A208A3D7B717F3F94FD863D6F
:1073400008787F3F0ADB833D6D7E7F3F6CB8803DD0
:10735000AB847F3F742B7B3DC28A7F3FE9E5743D60
:10736000B1907F3F38A06E3D78967F3F625A683D6E
:10737000189C7F3F6814623D91A17F3F4CCE5B3DDE
:10738000E3A67F3F0E88553D0DAC7F3FAF414F3D9B
:107390000FB17F3F2FFB483DEAB57F3F91B4423D9F
:1073A0009EBA7F3FD56D3C3D2ABF7F3FFC26363DD0
:1073B0008FC37F3F07E02F3DCCC77F3FF698293D25
:1073C000E2CB7F3FCC51233DD1CF7F3F880A1D3D8B
:1073D00098D37F3F2CC3163D37D77F3FB87B103DF6
:1073E000AFDA7F3F2F340A3D00DE7F3F90EC033D54
:1073F00029E17F3FB949FB3C2BE47F3F2DBAEE3CAE
:1074000005E77F3F7B2AE23CB8E97F3FA69AD53C5F
:1074100043EC7F3FB00AC93CA7EE7F3F9B7ABC3C60
:10742000E3F07F3F69EAAF3CF8F27F3F1C5AA33C90
:10743000E6F47F3FB6C9963CACF67F3F38398A3CCC
:107440004AF87F3F4B517B3CC1F97F3F0030623CA3
:1074500011FB7F3F900E493C39FC7F3F02ED2F3CF2
:1074600039FD7F3F59CB163C13FE7F3F3053FB3B2A
:10747000C4FE7F3F890FC93B4EFF7F3FC1CB963B88
:10748000B1FF7F3FC70F493BECFF7F3FD40FC93AA5
:107490000000803F00000000ECFF7F3FD40FC9BA1E
:1074A000B1FF7F3FC70F49BB4EFF7F3FC1CB96BBAC
:1074B000C4FE7F3F890FC9BB13FE7F3F3053FBBB28
:1074C00039FD7F3F59CB16BC39FC7F3F02ED2FBC05
:1074D00011FB7F3F900E49BCC1F97F3F003062BC79
:1074E0004AF87F3F4B517BBCACF67F3F38398ABCB2
:1074F000E6F47F3FB6C996BCF8F27F3F1C5AA3BCA6
:10750000E3F07F3F69EAAFBCA7EE7F3F9B7ABCBC4C
:1075100043EC7F3FB00AC9BCB8E97F3FA69AD5BC0F
:1075200005E77F3F7B2AE2BC2BE47F3F2DBAEEBC10
:1075300029E17F3FB949FBBC00DE7F3F90EC03BDF2
:10754000AFDA7F3F2F340ABD37D77F3FB87B10BDFE
:1075500098D37F3F2CC316BDD1CF7F3F880A1DBD76
:10756000E2CB7F3FCC5123BDCCC77F3FF69829BDEE
:107570008FC37F3F07E02FBD2ABF7F3FFC2636BD6C
:107580009EBA7F3FD56D3CBDEAB57F3F91B442BD09
:107590000FB17F3F2FFB48BD0DAC7F3FAF414FBDCB
:1075A000E3A67F3F0E8855BD91A17F3F4CCE5BBDCA
:1075B000189C7F3F681462BD78967F3F625A68BD11
:1075C000B1907F3F38A06EBDC28A7F3FE9E574BDB0
:1075D000AB847F3F742B7BBD6D7E7F3F6CB880BDDD
:1075E00008787F3F0ADB83BD7B717F3F94FD86BDBA
:1075F000C76A7F3F0A208ABDEC637F3F6A428DBD28
:10760000E95C7F3FB46490BDBF557F3FE78693BD83
:107610006D4E7F3F05A996BDF4467F3F0ACB99BDCD
:10762000543F7F3FF9EC9CBD8D377F3FCF0EA0BD0F
:107630009D2F7F3F8C30A3BD87277F3F3052A6BD53
:10764000491F7F3FBA73A9BDE4167F3F2B95ACBDA0
:10765000580E7F3F80B6AFBDA4057F3FBBD7B2BDFC
:10766000C9FC7E3FDAF8B5BDC7F37E3FDD19B9BD71
:107670009DEA7E3FC33ABCBD4CE17E3F8D5BBFBD02
:10768000D4D77E3F397CC2BD34CE7E3FC69CC5BDBB
:107690006DC47E3F36BDC8BD7FBA7E3F86DDCBBDA3
:1076A00069B07E3FB7FDCEBD2DA67E3FC81DD2BDC1
:1076B000C99B7E3FB93DD5BD3D917E3F895DD8BD1B
:1076C0008B867E3F377DDBBDB17B7E3FC49CDEBDBC
:1076D000B0707E3F2EBCE1BD88657E3F76DBE4BDA9
:1076E000385A7E3F9AFAE7BDC14E7E3F9A19EBBDEC
:1076F00023437E3F7638EEBD5E377E3F2E57F1BD89
:10770000722B7E3FC075F4BD5E1F7E3F2C94F7BD8B
:1077100024137E3F73B2FABDC2067E3F92D0FDBDF8
:1077200038FA7D3F457700BE88ED7D3F2E0602BECC
:10773000B1E07D3F029503BEB2D37D3FC22305BEBB
:107740008CC67D3F6EB206BE40B97D3F054108BE86
:10775000CCAB7D3F86CF09BE309E7D3FF35D0BBE37
:107760006E907D3F4AEC0CBE85827D3F8B7A0EBECB
:1077700074747D3FB70810BE3D667D3FCC9611BE48
:10778000DE577D3FCA2413BE59497D3FB2B214BEB5
:10779000AC3A7D3F834016BED82B7D3F3DCE17BE11
:1077A000DD1C7D3FE05B19BEBC0D7D3F6BE91ABE61
:1077B00073FE7C3FDE761CBE03EF7C3F38041EBEAA
:1077C0006CDF7C3F7B911FBEAECF7C3FA51E21BEF0
:1077D000C9BF7C3FB6AB22BEBDAF7C3FAD3824BE37
:1077E0008A9F7C3F8CC525BE318F7C3F515227BE7E
:1077F000B07E7C3FFCDE28BE086E7C3F8D6B2ABECF
:107800003A5D7C3F04F82BBE444C7C3F61842DBE26
:10781000283B7C3FA2102FBEE5297C3FC99C30BE8F
:107820007A187C3FD42832BEE9067C3FC4B433BE0C
:1078300031F57B3F984035BE53E37B3F50CC36BE9D
:107840004DD17B3FEC5738BE20BF7B3F6CE339BE48
:10785000CDAC7B3FCF6E3BBE539A7B3F15FA3CBE0F
:10786000B2877B3F3E853EBEEA747B3F491040BEF7
:10787000FC617B3F379B41BEE74E7B3F072643BE03
:10788000AB3B7B3FB9B044BE48287B3F4D3B46BE37
:10789000BE147B3FC2C547BE0E017B3F185049BE98
:1078A00037ED7A3F4FDA4ABE3AD97A3F67644CBE29
:1078B00016C57A3F60EE4DBECBB07A3F38784FBEEA
:1078C000599C7A3FF10151BEC1877A3F898B52BEE4
:1078D00002737A3F011554BE1C5E7A3F589E55BE16
:1078E00010497A3F8F2757BEDD337A3FA4B058BE88
:1078F000841E7A3F97395ABE04097A3F6AC25BBE3A
:107900005EF3793F1A4B5DBE91DD793FA8D35EBE31
:107910009DC7793F135C60BE83B1793F5CE461BE73
:10792000439B793F836C63BEDC84793F86F464BEFD
:107930004E6E793F667C66BE9A57793F220468BED8
:10794000C040793FBA8B69BEBF29793F2F136BBE08
:107950009812793F7F9A6CBE4AFB783FAB216EBE8E
:10796000D6E3783FB2A86FBE3BCC783F942F71BE70
:107970007BB4783F51B672BE939C783FE83C74BEAE
:107980008684783F5AC375BE526C783FA64977BE4D
:10799000F853783FCCCF78BE773B783FCB557ABE53
:1079A000D122783FA4DB7BBE040A783F56617DBEBE
:1079B00010F1773FE1E67EBEF7D7773F223680BEF3
:1079C000B7BE773FC0F880BE51A5773F4ABB81BEA6
:1079D000C58B773FC07D82BE1372773F224083BE46
:1079E0003A58773F700284BE3C3E773FAAC484BEBB
:1079F0001724773FCE8685BECC09773FDF4886BE09
:107A00005BEF763FDA0A87BEC4D4763FC1CC87BE2F
:107A100007BA763F938E88BE249F763F505089BE2A
:107A20001B84763FF8118ABEEC68763F8AD38ABE03
:107A3000974D763F07958BBE1B32763F6E568CBEB8
:107A40007A16763FC0178DBEB3FA753FFCD88DBE4F
:107A5000C6DE753F229A8EBEB3C2753F325B8FBEC3
:107A60007BA6753F2C1C90BE1C8A753F10DD90BE16
:107A7000976D753FDD9D91BEED50753F945E92BE52
:107A80001D34753F351F93BE2717753FBFDF93BE6B
:107A90000BFA743F31A094BEC9DC743F8D6095BE73
:107AA00062BF743FD22096BED5A1743F00E196BE5E
:107AB0002284743F17A197BE4966743F166198BE31
:107AC0004B48743FFE2099BE272A743FCEE099BEF2
:107AD000DD0B743F86A09ABE6EED733F27609BBEA0
:107AE000D9CE733FAF1F9CBE1FB0733F20DF9CBE3B
:107AF0003F91733F789E9DBE3972733FB85D9EBEC5
:107B00000E53733FDF1C9FBEBE33733FEEDB9FBE41
:107B10004714733FE59AA0BEACF4723FC259A1BEB0
:107B2000EBD4723F8718A2BE04B5723F33D7A2BE12
:107B3000F894723FC595A3BEC774723F3F54A4BE6C
:107B40007054723F9F12A5BEF433723FE5D0A5BEBC
:107B50005213723F128FA6BE8CF2713F254DA7BE05
:107B60009FD1713F1F0BA8BE8EB0713FFEC8A8BE4B
:107B7000578F713FC486A9BEFB6D713F6F44AABE8B
:107B80007A4C713F0102ABBED42A713F77BFABBEC6
:107B90000809713FD47CACBE17E7703F153AADBE03
:107BA00002C5703F3CF7ADBEC6A2703F49B4AEBE41
:107BB0006680703F3A71AFBEE15D703F102EB0BE7F
:107BC000373B703FCBEAB0BE6718703F6BA7B1BEC2
:107BD00073F56F3FEF63B2BE5AD26F3F5820B3BE0A
:107BE0001BAF6F3FA5DCB3BEB88B6F3FD698B4BE5A
:107BF00030686F3FEC54B5BE83446F3FE610B6BEAD
:107C0000B0206F3FC3CCB6BEBAFC6E3F8488B7BE0F
:107C10009ED86E3F2A44B8BE5DB46E3FB2FFB8BE78
:107C2000F88F6E3F1EBBB9BE6D6B6E3F6E76BABEEF
:107C3000BE466E3FA031BBBEEB216E3FB6ECBBBE75
:107C4000F2FC6D3FAFA7BCBED5D76D3F8B62BDBE0A
:107C500093B26D3F4A1DBEBE2D8D6D3FEBD7BEBEAC
:107C6000A1676D3F6F92BFBEF2416D3FD54CC0BE64
:107C70001D1C6D3F1E07C1BE24F66C3F48C1C1BE2E
:107C800007D06C3F557BC2BEC5A96C3F4435C3BE0F
:107C90005E836C3F15EFC3BED45C6C3FC8A8C4BE06
:107CA00024366C3F5C62C5BE500F6C3FD21BC6BE13
:107CB00058E86B3F29D5C6BE3BC16B3F628EC7BE3D
:107CC000FB996B3F7C47C8BE95726B3F7700C9BE7E
:107CD0000C4B6B3F53B9C9BE5E236B3F1072CABEDB
:107CE0008CFB6A3FAE2ACBBE95D36A3F2CE3CBBE5A
:107CF0007BAB6A3F8B9BCCBE3C836A3FCA53CDBEF5
:107D0000D95A6A3FEA0BCEBE52326A3FEAC3CEBEB0
:107D1000A7096A3FCA7BCFBED7E0693F8A33D0BE8E
:107D2000E4B7693F2AEBD0BECC8E693FAAA2D1BE90
:107D30009165693F095AD2BE323C693F4811D3BEB2
:107D4000AE12693F67C8D3BE07E9683F647FD4BEFF
:107D50003CBF683F4136D5BE4C95683FFDECD5BE73
:107D6000396B683F99A3D6BE0341683F135AD7BE0B
:107D7000A816683F6B10D8BE2AEC673FA3C6D8BED2
:107D800087C1673FB97CD9BEC196673FAD32DABEC5
:107D9000D86B673F80E8DABECA40673F319EDBBEE2
:107DA0009915673FC153DCBE45EA663F2E09DDBE2B
:107DB000CCBE663F79BEDDBE3093663FA273DEBEA9
:107DC0007167663FA928DFBE8E3B663F8DDDDFBE53
:107DD000880F663F4F92E0BE5EE3653FEE46E1BE30
:107DE00010B7653F6AFBE1BEA08A653FC4AFE2BE43
:107DF0000B5E653FFA63E3BE5431653F0E18E4BE87
:107E00007904653FFECBE4BE7BD7643FCB7FE5BE04
:107E100059AA643F7533E6BE147D643FFBE6E6BEB7
:107E2000AC4F643F5D9AE7BE2122643F9C4DE8BEA3
:107E300073F4633FB700E9BEA1C6633FAEB3E9BECA
:107E4000AC98633F8166EABE956A633F3019EBBE2A
:107E50005A3C633FBBCBEBBEFC0D633F217EECBEC7
:107E60007BDF623F6330EDBED7B0623F80E2EDBEA4
:107E70001082623F7994EEBE2653623F4C46EFBEBD
:107E80001A24623FFBF7EFBEEAF4613F85A9F0BE1A
:107E900098C5613FEA5AF1BE2296613F290CF2BEB5
:107EA0008A66613F43BDF2BED036613F386EF3BE95
:107EB000F206613F071FF4BEF2D6603FB1CFF4BEB9
:107EC000CFA6603F3580F5BE8976603F9330F6BE21
:107ED0002146603FCBE0F6BE9615603FDC90F7BED2
:107EE000E9E45F3FC840F8BE19B45F3F8EF0F8BECA
:107EF00027835F3F2DA0F9BE12525F3FA54FFABE08
:107F0000DB205F3FF7FEFABE81EF5E3F22AEFBBE95
:107F100005BE5E3F275DFCBE678C5E3F040CFDBE68
:107F2000A65A5E3FBBBAFDBEC3285E3F4A69FEBE8D
:107F3000BEF65D3FB217FFBE97C45D3FF3C5FFBEFF
:107F40004D925D3F063A00BFE15F5D3FFF9000BF8D
:107F5000532D5D3FE4E700BFA3FA5C3FB53E01BF90
:107F6000D1C75C3F739501BFDD945C3F1CEC01BF42
:107F7000C7615C3FB14202BF8E2E5C3F329902BFA7
:107F800034FB5B3F9FEF02BFB8C75B3FF84503BFC1
:107F90001A945B3F3D9C03BF5A605B3F6DF203BF89
:107FA000792C5B3F894804BF75F85A3F919E04BF06
:107FB00050C45A3F84F404BF09905A3F624A05BF37
:107FC000A05B5A3F2CA005BF16275A3FE2F505BF1C
:107FD0006AF2593F824B06BF9CBD593F0EA106BFB6
:107FE000AD88593F86F606BF9C53593FE84B07BF03
:107FF0006A1E593F36A107BF17E9583F6FF607BF02
:10800000A1B3583F924B08BF0B7E583FA1A008BFB9
:108010005348583F9BF508BF7912583F7F4A09BF24
:108020007FDC573F4E9F09BF63A6573F09F409BF46
:108030002670573FAD480ABFC739573F3D9D0ABF1D
:108040004803573FB7F10ABFA7CC563F1C460BBFAA
:10805000E595563F6B9A0BBF025F563FA5EE0BBFEF
:10806000FE27563FC9420CBFD9F0553FD7960CBFEB
:1080700093B9553FD0EA0CBF2C82553FB33E0DBF9C
:10808000A44A553F81920DBFFB12553F38E60DBF04
:1080900031DB543FDA390EBF47A3543F658D0EBF25
:1080A0003B6B543FDBE00EBF0F33543F3B340FBFFD
:1080B000C3FA533F84870FBF55C2533FB8DA0FBF8F
:1080C000C789533FD52D10BF1851533FDC8010BFD7
:1080D0004918533FCDD310BF59DF523FA72611BFD8
:1080E00049A6523F6B7911BF186D523F19CC11BF91
:1080F000C633523FB01E12BF54FA513F307112BF07
:10810000C2C0513F9AC312BF1087513FEE1513BF33
:108110003D4D513F2A6813BF4A13513F50BA13BF18
:1081200037D9503F5F0C14BF039F503F585E14BFB8
:10813000AF64503F39B014BF3B2A503F040215BF13
:10814000A8EF4F3FB75315BFF4B44F3F54A515BF29
:108150001F7A4F3FD9F615BF2B3F4F3F474816BFF9
:1081600017044F3F9F9916BFE4C84E3FDFEA16BF82
:10817000908D4E3F073C17BF1C524E3F188D17BFC6
:1081800089164E3F12DE17BFD5DA4D3FF52E18BFC8
:10819000029F4D3FC07F18BF10634D3F73D018BF83
:1081A000FD264D3F0F2119BFCBEA4C3F947119BFFB
:1081B00079AE4C3F00C219BF08724C3F55121ABF2E
:1081C00078354C3F93621ABFC7F84B3FB8B21ABF1D
:1081D000F8BB4B3FC6021BBF097F4B3FBB521BBFC7
:1081E000FA414B3F99A21BBFCC044B3F5FF21BBF30
:1081F0007FC74A3F0C421CBF138A4A3FA2911CBF53
:10820000874C4A3F1FE11CBFDC0E4A3F84301DBF34
:1082100012D1493FD17F1DBF2993493F06CF1DBFD2
:108220002155493F221E1EBFFA16493F266D1EBF2B
:10823000B3D8483F12BC1EBF4E9A483FE50A1FBF45
:10824000CA5B483F9F591FBF271D483F41A81FBF1A
:1082500065DE473FCBF61FBF849F473F3B4520BFAE
:108260008560473F939320BF6721473FD2E120BFFE
:108270002AE2463FF92F21BFCEA2463F067E21BF0C
:108280005463463FFBCB21BFBB23463FD71922BFD8
:1082900003E4453F996722BF2DA4453F43B522BF64
:1082A0003964453FD30223BF2624453F4B5023BFAB
:1082B000F5E3443FA99D23BFA5A3443FEEEA23BFB6
:1082C0003763443F1A3824BFAB22443F2C8524BF78
:1082D00000E2433F25D224BF38A1433F041F25BFFE
:1082E0005160433FCB6B25BF4C1F433F77B825BF41
:1082F00029DE423F0A0526BFE89C423F845126BF43
:10830000895B423FE39D26BF0B1A423F2AEA26BF04
:1083100070D8413F563627BFB796413F688227BF86
:10832000E154413F61CE27BFEC12413F401A28BFC4
:10833000DAD0403F056628BFA98E403FB0B128BFC4
:108340005C4C403F41FD28BFF009403FB84829BF81
:1083500067C73F3F159429BFC0843F3F57DF29BF00
:10836000FC413F3F802A2ABF1BFF3E3F8E752ABF3C
:108370001BBC3E3F82C02ABFFF783E3F5B0B2BBF3A
:10838000C5353E3F1B562BBF6EF23D3FBFA02BBFF6
:10839000F9AE3D3F4AEB2BBF676B3D3FB9352CBF74
:1083A000B8273D3F0F802CBFECE33C3F49CA2CBFB0
:1083B00003A03C3F69142DBFFC5B3C3F6F5E2DBFAB
:1083C000D9173C3F59A82DBF98D33B3F29F22DBF69
:1083D0003B8F3B3FDE3B2EBFC14A3B3F78852EBFE4
:1083E00029063B3FF7CE2EBF75C13A3F5B182FBF22
:1083F000A47C3A3FA5612FBFB7373A3FD3AA2FBF1E
:10840000ACF2393FE6F32FBF85AD393FDE3C30BFDC
:108410004268393FBB8530BFE122393F7CCE30BF57
:1084200065DD383F221731BFCB97383FAD5F31BF95
:108430001652383F1DA831BF430C383F71F031BF91
:1084400055C6373FAA3832BF4A80373FC78032BF50
:10845000233A373FC9C832BFDFF3363FAF1033BFCF
:108460007FAD363F7A5833BF0467363F29A033BF0C
:108470006C20363FBCE733BFB8D9353F342F34BF0B
:10848000E792353F8F7634BFFB4B353FCFBD34BFCE
:10849000F304353FF30435BFCFBD343FFB4B35BF4D
:1084A0008F76343FE79235BF342F343FB8D935BF8C
:1084B000BCE7333F6C2036BF29A0333F046736BF8B
:1084C0007A58333F7FAD36BFAF10333FDFF336BF4F
:1084D000C9C8323F233A37BFC780323F4A8037BFCF
:1084E000AA38323F55C637BF71F0313F430C38BF11
:1084F0001DA8313F165238BFAD5F313FCB9738BF13
:108500002217313F65DD38BF7CCE303FE12239BFD5
:10851000BB85303F426839BFDE3C303F85AD39BF57
:10852000E6F32F3FACF239BFD3AA2F3FB7373ABF9C
:10853000A5612F3FA47C3ABF5B182F3F75C13ABF9E
:10854000F7CE2E3F29063BBF78852E3FC14A3BBF61
:10855000DE3B2E3F3B8F3BBF29F22D3F98D33BBFE5
:1085600059A82D3FD9173CBF6F5E2D3FFC5B3CBF28
:1085700069142D3F03A03CBF49CA2C3FECE33CBF2C
:108580000F802C3FB8273DBFB9352C3F676B3DBFEF
:108590004AEB2B3FF9AE3DBFBFA02B3F6EF23DBF74
:1085A0001B562B3FC5353EBF5B0B2B3FFF783EBFB5
:1085B00082C02A3F1BBC3EBF8E752A3F1BFF3EBFB9
:1085C000802A2A3FFC413FBF57DF293FC0843FBF7D
:1085D0001594293F67C73FBFB848293FF00940BFFE
:1085E00041FD283F5C4C40BFB0B1283FA98E40BF41
:1085F0000566283FDAD040BF401A283FEC1241BF41
:1086000061CE273FE15441BF6882273FB79641BF03
:108610005636273F70D841BF2AEA263F0B1A42BF81
:10862000E39D263F895B42BF8451263FE89C42BFC1
:108630000A05263F29DE42BF77B8253F4C1F43BFBE
:10864000CB6B253F516043BF041F253F38A143BF7B
:1086500025D2243F00E243BF2C85243FAB2244BFF8
:108660001A38243F376344BFEEEA233FA5A344BF33
:10867000A99D233FF5E344BF4B50233F262445BF2C
:10868000D302233F396445BF43B5223F2DA445BFE4
:108690009967223F03E445BFD719223FBB2346BF5A
:1086A000FBCB213F546346BF067E213FCEA246BF8F
:1086B000F92F213F2AE246BFD2E1203F672147BF81
:1086C0009393203F856047BF3B45203F849F47BF32
:1086D000CBF61F3F65DE47BF41A81F3F271D48BFA0
:1086E0009F591F3FCA5B48BFE50A1F3F4E9A48BFCC
:1086F00012BC1E3FB3D848BF266D1E3FFA1649BFB5
:10870000221E1E3F215549BF06CF1D3F299349BF59
:10871000D17F1D3F12D149BF84301D3FDC0E4ABFBF
:108720001FE11C3F874C4ABFA2911C3F138A4ABFDE
:108730000C421C3F7FC74ABF5FF21B3FCC044BBFBC
:1087400099A21B3FFA414BBFBB521B3F097F4BBF56
:10875000C6021B3FF8BB4BBFB8B21A3FC7F84BBFAE
:1087600093621A3F78354CBF55121A3F08724CBFBE
:1087700000C2193F79AE4CBF9471193FCBEA4CBF90
:108780000F21193FFD264DBF73D0183F10634DBF19
:10879000C07F183F029F4DBFF52E183FD5DA4DBF61
:1087A00012DE173F89164EBF188D173F1C524EBF61
:1087B000073C173F908D4EBFDFEA163FE4C84EBF1F
:1087C0009F99163F17044FBF4748163F2B3F4FBF97
:1087D000D9F6153F1F7A4FBF54A5153FF4B44FBFCC
:1087E000B753153FA8EF4FBF0402153F3B2A50BFB8
:1087F00039B0143FAF6450BF585E143F039F50BF61
:108800005F0C143F37D950BF50BA133F4A1351BFC2
:108810002A68133F3D4D51BFEE15133F108751BFDE
:108820009AC3123FC2C051BF3071123F54FA51BFB8
:10883000B01E123FC63352BF19CC113F186D52BF44
:108840006B79113F49A652BFA726113F59DF52BF8E
:10885000CDD3103F491853BFDC80103F185153BF90
:10886000D52D103FC78953BFB8DA0F3F55C253BF4C
:1088700084870F3FC3FA53BF3B340F3F0F3354BFBE
:10888000DBE00E3F3B6B54BF658D0E3F47A354BFEB
:10889000DA390E3F31DB54BF38E60D3FFB1255BFCE
:1088A00081920D3FA44A55BFB33E0D3F2C8255BF68
:1088B000D0EA0C3F93B955BFD7960C3FD9F055BFBE
:1088C000C9420C3FFE2756BFA5EE0B3F025F56BFC5
:1088D0006B9A0B3FE59556BF1C460B3FA7CC56BF86
:1088E000B7F10A3F480357BF3D9D0A3FC73957BFFD
:1088F000AD480A3F267057BF09F4093F63A657BF2A
:108900004E9F093F7FDC57BF7F4A093F791258BF0E
:108910009BF5083F534858BFA1A0083F0B7E58BFA6
:10892000924B083FA1B358BF6FF6073F17E958BFF6
:1089300036A1073F6A1E59BFE84B073F9C5359BFFA
:1089400086F6063FAD8859BF0EA1063F9CBD59BFB4
:10895000824B063F6AF259BFE2F5053F16275ABF20
:108960002CA0053FA05B5ABF624A053F09905ABF41
:1089700084F4043F50C45ABF919E043F75F85ABF17
:108980008948043F792C5BBF6DF2033F5A605BBF9F
:108990003D9C033F1A945BBFF845033FB8C75BBFDC
:1089A0009FEF023F34FB5BBF3299023F8E2E5CBFCC
:1089B000B142023FC7615CBF1CEC013FDD945CBF6C
:1089C0007395013FD1C75CBFB53E013FA3FA5CBFC1
:1089D000E4E7003F532D5DBFFF90003FE15F5DBFC7
:1089E000063A003F4D925DBFF3C5FF3E97C45DBFA1
:1089F000B217FF3EBEF65DBF4A69FE3EC3285EBFAA
:108A0000BBBAFD3EA65A5EBF040CFD3E678C5EBF3E
:108A1000275DFC3E05BE5EBF22AEFB3E81EF5EBF22
:108A2000F7FEFA3EDB205FBFA54FFA3E12525FBF52
:108A30002DA0F93E27835FBF8EF0F83E19B45FBFCB
:108A4000C840F83EE9E45FBFDC90F73E961560BF92
:108A5000CBE0F63E214660BF9330F63E897660BF9C
:108A60003580F53ECFA660BFB1CFF43EF2D660BFF1
:108A7000071FF43EF20661BF386EF33ED03661BF89
:108A800043BDF23E8A6661BF290CF23E229661BF69
:108A9000EA5AF13E98C561BF85A9F03EEAF461BF8C
:108AA000FBF7EF3E1A2462BF4C46EF3E265362BFEF
:108AB0007994EE3E108262BF80E2ED3ED7B062BF95
:108AC0006330ED3E7BDF62BF217EEC3EFC0D63BF79
:108AD000BBCBEB3E5A3C63BF3019EB3E956A63BF9C
:108AE0008166EA3EAC9863BFAEB3E93EA1C663BF00
:108AF000B700E93E73F463BF9C4DE83E212264BF9A
:108B00005D9AE73EAC4F64BFFBE6E63E147D64BF72
:108B10007533E63E59AA64BFCB7FE53E7BD764BF81
:108B2000FECBE43E790465BF0E18E43E543165BFC8
:108B3000FA63E33E0B5E65BFC4AFE23EA08A65BF49
:108B40006AFBE13E10B765BFEE46E13E5EE365BFFE
:108B50004F92E03E880F66BF8DDDDF3E8E3B66BFE5
:108B6000A928DF3E716766BFA273DE3E309366BF01
:108B700079BEDD3ECCBE66BF2E09DD3E45EA66BF4E
:108B8000C153DC3E991567BF319EDB3ECA4067BFCB
:108B900080E8DA3ED86B67BFAD32DA3EC19667BF78
:108BA000B97CD93E87C167BFA3C6D83E2AEC67BF50
:108BB0006B10D83EA81668BF135AD73E034168BF52
:108BC00099A3D63E396B68BFFDECD53E4C9568BF86
:108BD0004136D53E3CBF68BF647FD43E07E968BFDD
:108BE00067C8D33EAE1269BF4811D33E323C69BF5D
:108BF000095AD23E916569BFAAA2D13ECC8E69BF07
:108C00002AEBD03EE4B769BF8A33D03ED7E069BFD4
:108C1000CA7BCF3EA7096ABFEAC3CE3E52326ABFC3
:108C2000EA0BCE3ED95A6ABFCA53CD3E3C836ABFD7
:108C30008B9BCC3E7BAB6ABF2CE3CB3E95D36ABF0C
:108C4000AE2ACB3E8CFB6ABF1072CA3E5E236BBF5E
:108C500053B9C93E0C4B6BBF7700C93E95726BBFD1
:108C60007C47C83EFB996BBF628EC73E3BC16BBF62
:108C700029D5C63E58E86BBFD21BC63E500F6CBF0D
:108C80005C62C53E24366CBFC8A8C43ED45C6CBFD1
:108C900015EFC33E5E836CBF4435C33EC5A96CBFB0
:108CA000557BC23E07D06CBF48C1C13E24F66CBFA5
:108CB0001E07C13E1D1C6DBFD54CC03EF2416DBFAD
:108CC0006F92BF3EA1676DBFEBD7BE3E2D8D6DBFCE
:108CD0004A1DBE3E93B26DBF8B62BD3ED5D76DBF00
:108CE000AFA7BC3EF2FC6DBFB6ECBB3EEB216EBF46
:108CF000A031BB3EBE466EBF6E76BA3E6D6B6EBF98
:108D00001EBBB93EF88F6EBFB2FFB83E5DB46EBFFA
:108D10002A44B83E9ED86EBF8488B73EBAFC6EBF68
:108D2000C3CCB63EB0206FBFE610B63E83446FBFE3
:108D3000EC54B53E30686FBFD698B43EB88B6FBF69
:108D4000A5DCB33E1BAF6FBF5820B33E5AD26FBFF6
:108D5000EF63B23E73F56FBF6BA7B13E671870BF8C
:108D6000CBEAB03E373B70BF102EB03EE15D70BF26
:108D70003A71AF3E668070BF49B4AE3EC6A270BFC6
:108D80003CF7AD3E02C570BF153AAD3E17E770BF68
:108D9000D47CAC3E080971BF77BFAB3ED42A71BF0B
:108DA0000102AB3E7A4C71BF6F44AA3EFB6D71BFAE
:108DB000C486A93E578F71BFFEC8A83E8EB071BF52
:108DC0001F0BA83E9FD171BF254DA73E8CF271BFEE
:108DD000128FA63E521372BFE5D0A53EF43372BF88
:108DE0009F12A53E705472BF3F54A43EC77472BF19
:108DF000C595A33EF89472BF33D7A23E04B572BFA7
:108E00008718A23EEBD472BFC259A13EACF472BF28
:108E1000E59AA03E471473BFEEDB9F3EBE3373BF9F
:108E2000DF1C9F3E0E5373BFB85D9E3E397273BF09
:108E3000789E9D3E3F9173BF20DF9C3E1FB073BF65
:108E4000AF1F9C3ED9CE73BF27609B3E6EED73BFB4
:108E500086A09A3EDD0B74BFCEE0993E272A74BFF0
:108E6000FE20993E4B4874BF1661983E496674BF18
:108E700017A1973E228474BF00E1963ED5A174BF2E
:108E8000D220963E62BF74BF8D60953EC9DC74BF30
:108E900031A0943E0BFA74BFBFDF933E271775BF16
:108EA000351F933E1D3475BF945E923EED5075BFE5
:108EB000DD9D913E976D75BF10DD903E1C8A75BF9C
:108EC0002C1C903E7BA675BF325B8F3EB3C275BF34
:108ED000229A8E3EC6DE75BFFCD88D3EB3FA75BFB2
:108EE000C0178D3E7A1676BF6E568C3E1B3276BF0B
:108EF00007958B3E974D76BF8AD38A3EEC6876BF46
:108F0000F8118A3E1B8476BF5050893E249F76BF5D
:108F1000938E883E07BA76BFC1CC873EC4D476BF55
:108F2000DA0A873E5BEF76BFDF48863ECC0977BF23
:108F3000CE86853E172477BFAAC4843E3C3E77BFC9
:108F40007002843E3A5877BF2240833E137277BF47
:108F5000C07D823EC58B77BF4ABB813E51A577BF9E
:108F6000C0F8803EB7BE77BF2236803EF7D777BFC6
:108F7000E1E67E3E10F177BF56617D3E040A78BF80
:108F8000A4DB7B3ED12278BFCB557A3E773B78BFBE
:108F9000CCCF783EF85378BFA649773E526C78BF65
:108FA0005AC3753E868478BFE83C743E939C78BF74
:108FB00051B6723E7BB478BF942F713E3BCC78BFE4
:108FC000B2A86F3ED6E378BFAB216E3E4AFB78BFB6
:108FD0007F9A6C3E981279BF2F136B3EBF2979BFE1
:108FE000BA8B693EC04079BF2204683E9A5779BF68
:108FF000667C663E4E6E79BF86F4643EDC8479BF43
:10900000836C633E439B79BF5CE4613E83B179BF6F
:10901000135C603E9DC779BFA8D35E3E91DD79BFEA
:109020001A4B5D3E5EF379BF6AC25B3E04097ABFAC
:1090300097395A3E841E7ABFA4B0583EDD337ABFBA
:109040008F27573E10497ABF589E553E1C5E7ABF07
:109050000115543E02737ABF898B523EC1877ABF95
:10906000F101513E599C7ABF38784F3ECBB07ABF60
:1090700060EE4D3E16C57ABF67644C3E3AD97ABF62
:109080004FDA4A3E37ED7ABF1850493E0E017BBF9A
:10909000C2C5473EBE147BBF4D3B463E48287BBF02
:1090A000B9B0443EAB3B7BBF0726433EE74E7BBF98
:1090B000379B413EFC617BBF4910403EEA747BBF59
:1090C0003E853E3EB2877BBF15FA3C3E539A7BBF3E
:1090D000CF6E3B3ECDAC7BBF6CE3393E20BF7BBF48
:1090E000EC57383E4DD17BBF50CC363E53E37BBF6F
:1090F0009840353E31F57BBFC4B4333EE9067CBFB2
:10910000D428323E7A187CBFC99C303EE5297CBF0A
:10911000A2102F3E283B7CBF61842D3E444C7CBF77
:1091200004F82B3E3A5D7CBF8D6B2A3E086E7CBFF7
:10913000FCDE283EB07E7CBF5152273E318F7CBF83
:109140008CC5253E8A9F7CBFAD38243EBDAF7CBF19
:10915000B6AB223EC9BF7CBFA51E213EAECF7CBFB1
:109160007B911F3E6CDF7CBF38041E3E03EF7CBF4B
:10917000DE761C3E73FE7CBF6BE91A3EBC0D7DBFE4
:10918000E05B193EDD1C7DBF3DCE173ED82B7DBF79
:109190008340163EAC3A7DBFB2B2143E59497DBF02
:1091A000CA24133EDE577DBFCC96113E3D667DBF7F
:1091B000B708103E74747DBF8B7A0E3E85827DBFEA
:1091C0004AEC0C3E6E907DBFF35D0B3E309E7DBF42
:1091D00086CF093ECCAB7DBF0541083E40B97DBF7F
:1091E0006EB2063E8CC67DBFC223053EB2D37DBFA4
:1091F0000295033EB1E07DBF2E06023E88ED7DBFA5
:109200004577003E38FA7DBF92D0FD3DC2067EBF55
:1092100073B2FA3D24137EBF2C94F73D5E1F7EBFD0
:10922000C075F43D722B7EBF2E57F13D5E377EBF79
:109230007638EE3D23437EBF9A19EB3DC14E7EBF8B
:109240009AFAE73D385A7EBF76DBE43D88657EBFFB
:109250002EBCE13DB0707EBFC49CDE3DB17B7EBFC5
:10926000377DDB3D8B867EBF895DD83D3D917EBFDE
:10927000B93DD53DC99B7EBFC81DD23D2DA67EBF41
:10928000B7FDCE3D69B07EBF86DDCB3D7FBA7EBFE8
:1092900036BDC83D6DC47EBFC69CC53D34CE7EBFC5
:1092A000397CC23DD4D77EBF8D5BBF3D4CE17EBFD4
:1092B000C33ABC3D9DEA7EBFDD19B93DC7F37EBF11
:1092C000DAF8B53DC9FC7EBFBBD7B23DA4057FBF70
:1092D00080B6AF3D580E7FBF2B95AC3DE4167FBFE7
:1092E000BA73A93D491F7FBF3052A63D87277FBF74
:1092F0008C30A33D9D2F7FBFCF0EA03D8D377FBF0C
:10930000F9EC9C3D543F7FBF0ACB993DF4467FBFAB
:1093100005A9963D6D4E7FBFE786933DBF557FBF44
:10932000B464903DE95C7FBF6A428D3DEC637FBFD2
:109330000A208A3DC76A7FBF94FD863D7B717FBF4F
:109340000ADB833D08787FBF6CB8803D6D7E7FBFB0
:10935000742B7B3DAB847FBFE9E5743DC28A7FBF40
:1093600038A06E3DB1907FBF625A683D78967FBF4E
:109370006814623D189C7FBF4CCE5B3D91A17FBFBE
:109380000E88553DE3A67FBFAF414F3D0DAC7FBF7B
:109390002FFB483D0FB17FBF91B4423DEAB57FBF7F
:1093A000D56D3C3D9EBA7FBFFC26363D2ABF7FBFB0
:1093B00007E02F3D8FC37FBFF698293DCCC77FBF05
:1093C000CC51233DE2CB7FBF880A1D3DD1CF7FBF6B
:1093D0002CC3163D98D37FBFB87B103D37D77FBFD6
:1093E0002F340A3DAFDA7FBF90EC033D00DE7FBF34
:1093F000B949FB3C29E17FBF2DBAEE3C2BE47FBF8E
:109400007B2AE23C05E77FBFA69AD53CB8E97FBF3F
:10941000B00AC93C43EC7FBF9B7ABC3CA7EE7FBF40
:1094200069EAAF3CE3F07FBF1C5AA33CF8F27FBF70
:10943000B6C9963CE6F47FBF38398A3CACF67FBFAC
:109440004B517B3C4AF87FBF0030623CC1F97FBF83
:10945000900E493C11FB7FBF02ED2F3C39FC7FBFD2
:1094600059CB163C39FD7FBF3053FB3B13FE7FBF0A
:10947000890FC93BC4FE7FBFC1CB963B4EFF7FBF68
:10948000C70F493BB1FF7FBFD40FC93AECFF7FBF85
:1094900010000000B8C0000838C001081400000027
:1094A0002000000038C1000860C001083000000042
:1094B0004000000038C20008C0C0010838000000A9
:1094C0008000000038C4000830C10108D00000004E
:1094D0000001000038C80008D0C20108B80100002F
:1094E0000002000038D0000840C60108C00100009A
:1094F0000004000038E00008C0C9010808070000A7
:109500000008000038000108D0D70108E00E000074
:10951000001000003840010890F50108C00F00005D
:10952000000000000000000000000000000000003B
:1095300000000000001000100010001000100010CB
:109540000000001000000000002800280028000093
:1095500000000000000000000000000000240024C3
:10956000007C00240048007C004800480000000007
:1095700000380054005000380014005400540038E3
:109580000010000000200054005800300028005453
:10959000001400080000000000100028002800103F
:1095A00000340048004800340000000000100010A3
:1095B000001000000000000000000000000000009B
:1095C00000080010002000200020002000200020C3
:1095D0000010000800200010000800080008000823
:1095E00000080008001000200010003800100028BB
:1095F000000000000000000000000000000000006B
:1096000000100010007C001000100000000000009E
:10961000000000000000000000000000000000103A
:1096200000100010000000000000000000000038E2
:10963000000000000000000000000000000000002A
:1096400000000000000000100000000000080008FA
:10965000001000100010001000200020000000008A
:1096600000380044004400540044004400440038E2
:10967000000000000010003000500010001000102A
:1096800000100010000000000038004400440004F6
:10969000000800100020007C00000000003800449A
:1096A000000400180004000400440038000000001A
:1096B00000080018002800280048007C0008000866
:1096C00000000000007C004000400078000400041E
:1096D00000440038000000000038004400400078DA
:1096E000004400440044003800000000007C0004F6
:1096F00000080010001000200020002000000000E2
:10970000003800440044003800440044004400385D
:10971000000000000038004400440044003C000405
:1097200000440038000000000000000000100000AD
:109730000000000000000010000000000000000019
:1097400000000010000000000000001000100010D9
:1097500000000000000C003000400030000C000051
:1097600000000000000000000000007C0000007C01
:109770000000000000000000000000000060001871
:1097800000040018006000000000000000380044E1
:10979000000400080010001000000010000000008D
:1097A00000380044004C0054005C00400040003889
:1097B0000000000000100028002800280028007C7D
:1097C0000044004400000000007800440044007899
:1097D00000440044004400780000000000380044C9
:1097E00000400040004000400044003800000000FD
:1097F00000700048004400440044004400480070E9
:1098000000000000007C00400040007C0040004060
:109810000040007C00000000007C00400040007818
:1098200000400040004000400000000000380044BC
:1098300000400040005C004400440038000000008C
:10984000004400440044007C0044004400440044C0
:109850000000000000380010001000100010001080
:1098600000100038000000000004000400040004A0
:1098700000040004004400380000000000440048D8
:109880000050006000500048004800440000000004
:109890000040004000400040004000400040007C8C
:1098A000000000000044006C006C005400440044C0
:1098B00000440044000000000044006400640054C0
:1098C0000054004C004C00440000000000380044EC
:1098D00000440044004400440044003800000000FC
:1098E00000780044004400440078004000400040FC
:1098F00000000000003800440044004400440044DC
:109900000054003800040000007800440044004483
:10991000007800480048004400000000003800447F
:10992000004000300008000400440038000000003F
:10993000007C00100010001000100010001000103B
:10994000000000000044004400440044004400447F
:109950000044003800000000004400440044002897
:1099600000280028001000100000000000440044FF
:10997000005400540054006C00280028000000002F
:10998000004400280028001000100028002800448F
:1099900000000000004400440028002800100010CF
:1099A0000010001000000000007C000400080010FF
:1099B000001000200040007C000000000018001093
:1099C000001000100010001000100010001000180F
:1099D00000200020001000100010001000080008F7
:1099E00000000000003000100010001000100010F7
:1099F0000010001000100030001000280028004463
:109A00000000000000000000000000000000000056
:109A1000000000000000000000000000000000FE48
:109A20000020001000000000000000000000000006
:109A3000000000000000000000380044003C00442A
:109A4000004C00340000000000400040005800645A
:109A500000440044006400580000000000000000C2
:109A6000003800440040004000440038000000007E
:109A7000000400040034004C00440044004C003456
:109A8000000000000000000000380044007C00409E
:109A90000044003800000000000C0010007C0010A2
:109AA0000010001000100010000000000000000076
:109AB0000034004C00440044004C003400040078A2
:109AC000004000400058006400440044004400444A
:109AD00000000000001000000070001000100010D6
:109AE00000100010000000000010000000700010C6
:109AF0000010001000100010001000E000400040B6
:109B00000048005000600050004800440000000081
:109B10000070001000100010001000100010001065
:109B200000000000000000000078005400540054C1
:109B300000540054000000000000000000580064C1
:109B40000044004400440044000000000000000005
:109B50000038004400440044004400380000000085
:109B600000000000005800640044004400640058F5
:109B700000400040000000000034004C004400445D
:109B8000004C003400040004000000000058006491
:109B900000400040004000400000000000000000C5
:109BA0000038004400300008004400380000000085
:109BB0000020002000780020002000200020001855
:109BC0000000000000000000004400440044004485
:109BD000004C00340000000000000000004400447D
:109BE00000280028002800100000000000000000ED
:109BF000005400540054006C0028002800000000AD
:109C0000000000000044002800100010002800445C
:109C1000000000000000000000440044002800286C
:109C2000001000100010006000000000007C000820
:109C3000001000200040007C000000000018001010
:109C4000001000100020002000100010001000186C
:109C50000010001000100010001000100010001084
:109C60000010001000300010001000100008000864
:109C70000010001000100030000000000000007410
:109C8000004C000000000000000000000000000088
:109C900000000000000000000000000000000000C4
:109CA00000000000000000000000000000000000B4
:109CB0000000000C000C000C000C000C000C000C50
:109CC000000C000C000C000C0000000C000C00004C
:109CD000000000000000001B001B001B001B001BFD
:109CE0000000000000000000000000000000000074
:109CF0000000000000000000000080198019801999
:109D00008019C07FC07F80190033C07FC07F0033BF
:109D10000033003300330000000000000000001E8C
:109D2000003F807580650074003C001E00078005C0
:109D3000806580658075003F001E000400040000FF
:109D40000000007000D840D8C0D880D90073000649
:109D5000000C801BC036C066C046C00680030000F1
:109D6000000000000000001E003F003300330033FD
:109D7000001E000CC03CC066806380618063C03EF2
:109D8000801C0000000000000000000C000C000C13
:109D9000000C000C000000000000000000000000AB
:109DA0000000000000000000000000008000000132
:109DB0000003000600060004000C000C000C000C60
:109DC000000C000C000400060006000300018000E7
:109DD000002000100018000C000C00040006000613
:109DE00000060006000600060004000C000C001827
:109DF000001000200000000C002D003F001E00336A
:109E00000000000000000000000000000000000052
:109E10000000000000000000000000000000000C36
:109E2000000C000C000CC0FFC0FF000C000C000C6C
:109E3000000C000000000000000000000000000016
:109E40000000000000000000000000000000000012
:109E5000000000000000000C000C000400040008DA
:109E600000000000000000000000000000000000F2
:109E70000000001E001E00000000000000000000A6
:109E800000000000000000000000000000000000D2
:109E90000000000000000000000000000000000CB6
:109EA000000C00000000000000000003000300039D
:109EB0000006000600060006000C000C000C000C5A
:109EC0000018001800180000000000000000001E2C
:109ED000003F0033806180618061806D806D8061B2
:109EE000806180610033003F001E00000000000020
:109EF00000000006000E001E0036002600060006C8
:109F00000006000600060006000600060006000027
:109F1000000000000000001E003F8073806180612F
:109F2000800100030006000C001800300060807FF4
:109F3000807F0000000000000000001C003E006365
:109F400000630003000E000E0003800180018061A9
:109F50008073003F001E00000000000000000006AB
:109F6000000E000E001E001E0016003600360066B1
:109F7000807F807F000600060006000000000000D1
:109F80000000007F007F006000600060006E007FC6
:109F900080638001800180618073003F001E0000AB
:109FA000000000000000001E003F80338061006060
:109FB000006E007F80738061806180618033003F2C
:109FC000001E0000000000000000807F807F8001F4
:109FD0000003000300060006000C000C000C000843
:109FE0000018001800180000000000000000001E0B
:109FF000003F8063806180610021001E003F80611E
:10A00000806180618061003F001E00000000000050
:10A010000000001E003F00738061806180618073DA
:10A02000803F801D800180610073003F001E0000A2
:10A030000000000000000000000000000000000C14
:10A04000000C000000000000000000000000000CF8
:10A05000000C0000000000000000000000000000F4
:10A0600000000000000C000C0000000000000000D8
:10A070000000000C000C00040004000800000000B8
:10A080000000000080008003000E003800600038EF
:10A09000000E8003800000000000000000000000AF
:10A0A00000000000000000000000807F807F0000B2
:10A0B0000000807F807F00000000000000000000A2
:10A0C00000000000000000000000000000400070E0
:10A0D000001C000780010007001C00700040000009
:10A0E00000000000000000000000001F803FC07161
:10A0F000C060C000C00180030007000E000C000C0F
:10A100000000000C000C0000000000000000001E19
:10A11000003F803180718063806F806D806D806FC3
:10A12000806700600032003E001C0000000000005C
:10A130000000000E000E001B001B001B001B8031E6
:10A140008031803F803F8031C060C060C0600000CF
:10A15000000000000000007C007E006300630063DC
:10A160000063007E007E0063806180618063007F09
:10A17000007E0000000000000000001E003F803153
:10A1800080610060006000600060006000608061CD
:10A190008031003F001E0000000000000000007C35
:10A1A000007F006380638061806180618061806185
:10A1B000806100630063007E007C000000000000FE
:10A1C0000000807F807F0060006000600060007F92
:10A1D000007F0060006000600060807F807F000082
:10A1E000000000000000807F807F00600060006051
:10A1F0000060007F007F0060006000600060006021
:10A2000000600000000000000000001E003F8031E0
:10A2100080610060006000608063806380618061B5
:10A220008031803F001E00000000000000008061BF
:10A2300080618061806180618061807F807F8061DA
:10A2400080618061806180618061000000000000A9
:10A250000000003F003F000C000C000C000C000C44
:10A26000000C000C000C000C000C003F003F000034
:10A270000000000000008001800180018001800159
:10A280008001800180018001806180618073003FD6
:10A29000001E0000000000000000C060806100633C
:10A2A00000660066006C0078007C00660066006353
:10A2B00080618061C060000000000000000000605C
:10A2C000006000600060006000600060006000608E
:10A2D000006000600060807F807F00000000000060
:10A2E0000000C071C071C07BC07AC06AC06AC06E15
:10A2F000C064C060C060C060C060C060C06000007A
:10A300000000000000008071807180798079807980
:10A31000806D806D806D80658067806780678063F9
:10A3200080630000000000000000001E003F0033BA
:10A330008061806180618061806180618061806115
:10A340000033003F001E0000000000000000007EFF
:10A35000007F80638061806180618063007F007E18
:10A36000006000600060006000600000000000000D
:10A370000000001E003F00338061806180618061C9
:10A3800080618061806580670033803F401E0000EF
:10A39000000000000000007E007F8063806180611B
:10A3A0008063007F007E00660063006380618061DF
:10A3B000C0600000000000000000000E001F80319F
:10A3C000803100300038001E00078003806180610A
:10A3D0008031003F001E0000000000000000C0FFB0
:10A3E000C0FF000C000C000C000C000C000C000C5A
:10A3F000000C000C000C000C000C00000000000021
:10A400000000806180618061806180618061806125
:10A4100080618061806180618073003F001E000068
:10A42000000000000000C060C060C060803180316A
:10A430008031001B001B001B001B000E000E000ED5
:10A4400000040000000000000000C0C0C0C0C0C088
:10A45000C0C0C0C0C0CC804C804C805E8052805256
:10A460008073806180610000000000000000C0C0B7
:10A47000806080610033003B001E000C000C001E59
:10A48000001F003B80718061C0C000000000000020
:10A490000000C0C08061806100330033001E001ED8
:10A4A000000C000C000C000C000C000C000C000058
:10A4B000000000000000803F803F80010003000397
:10A4C0000006000C000C0018001800300060807FAF
:10A4D000807F000000000000000F000F000C000C47
:10A4E000000C000C000C000C000C000C000C000C0C
:10A4F000000C000C000C000C000F000F00000018F6
:10A5000000180018000C000C000C000C00060006DF
:10A510000006000600030003000300000000000026
:10A52000001E001E000600060006000600060006CB
:10A5300000060006000600060006000600060006EB
:10A54000001E001E0000000C000C001E0012003354
:10A550000033806180610000000000000000000006
:10A5600000000000000000000000000000000000EB
:10A5700000000000000000000000000000000000DB
:10A580000000000000000000E0FF000000000038B4
:10A590000018000C00000000000000000000000097
:10A5A00000000000000000000000000000000000AB
:10A5B00000000000000000000000001F803F8061DC
:10A5C0008001801F803F80618063807FC0380000F1
:10A5D0000000000000000060006000600060006E8D
:10A5E000007F807380618061806180618073007F03
:10A5F000006E0000000000000000000000000000ED
:10A600000000001E003F8073806100600060806178
:10A610008073003F001E0000000000000000800169
:10A62000800180018001801D803F80738061806196
:10A63000806180618073803F801D00000000000009
:10A6400000000000000000000000001E003F00733A
:10A650008061807F807F00608071003F001E00006D
:10A66000000000000000C007C00F000C000C807F3D
:10A67000807F000C000C000C000C000C000C000C87
:10A68000000C0000000000000000000000000000BE
:10A69000801D803F807380618061806180618073F4
:10A6A000803F801D80018063007F003E00000060CD
:10A6B000006000600060006F807F80718061806159
:10A6C0008061806180618061806100000000000025
:10A6D00000000006000600000000003E003E0006EC
:10A6E0000006000600060006000600060006000040
:10A6F000000000000006000600000000003E003ED2
:10A700000006000600060006000600060006000619
:10A7100000060046007E003C000000600060006013
:10A720000060806100630066006C007C007600635E
:10A7300000638061C0600000000000000000003E77
:10A74000003E0006000600060006000600060006A1
:10A7500000060006000600060006000000000000DB
:10A760000000000000000000000080DDC0FFC0CE3F
:10A77000C0CCC0CCC0CCC0CCC0CCC0CCC0CC000005
:10A780000000000000000000000000000000006F5A
:10A79000807F807180618061806180618061806183
:10A7A00080610000000000000000000000000000C8
:10A7B0000000001E003F80738061806180618061C5
:10A7C0008073003F001E0000000000000000000039
:10A7D00000000000006E007F8073806180618061F6
:10A7E00080618073007F006E006000600060006028
:10A7F0000000000000000000801D803F8073806129
:10A800008061806180618073803F801D8001800154
:10A8100080018001000000000000000000000067CF
:10A82000803F003900300030003000300030003010
:10A8300000300000000000000000000000000000E8
:10A840000000001E803F80610060007F803F80012B
:10A850008061007F001E000000000000000000007A
:10A86000000800180018007F007F0018001800186A
:10A87000001800180018801F800F00000000000062
:10A880000000000000000000000080618061806125
:10A8900080618061806180618063807F803D000095
:10A8A0000000000000000000000000000000C06088
:10A8B000803180318031001B001B001B000E000E18
:10A8C0000006000000000000000000000000000082
:10A8D000000080DD80DD80DD0055005500550077EB
:10A8E00000770022002200000000000000000000AD
:10A8F000000000000000806100330033001E000CE7
:10A90000000C001E003300338061000000000000D6
:10A910000000000000000000806180618031003391
:10A920000033001B001B001B000E000E000E001C5D
:10A93000007C007000000000000000000000C07FEC
:10A94000C07F800100030006000C00180030C07FAB
:10A95000C07F0000000000008003800700060006A2
:10A96000000600060006000E001C001C000E00067B
:10A9700000060006000600068007800300060006A9
:10A980000006000600060006000600060006000697
:10A990000006000600060006000600060006000687
:10A9A0000038003C000C000C000C000C000C000EE9
:10A9B00000070007000E000C000C000C000C000C3F
:10A9C000003C003800000000000000000000000013
:10A9D00000008038807F0047000000000000000079
:10A9E0000000000000000000000000000000000067
:10A9F0000000000000000000000000000000000057
:10AA00000000000000000000000000000000000046
:10AA1000000000000000000000000000E003E00370
:10AA2000E003E003E003E003E003E003C003C0034E
:10AA3000C001C001C001C001C00100000000000051
:10AA4000E003E003E003000000000000000000005D
:10AA50003C1E3C1E3C1E3C1E3C1E3C1E3C1E000080
:10AA600000000000000000000000000000000000E6
:10AA700000000000000000000000000000000000D6
:10AA800000000000CE01CE03DE039E039C039C0762
:10AA9000FF3FFF7F3807380F780F780F780EFFFFE2
:10AAA000FFFFF01EF01CE01CE03CE03DE039000040
:10AAB0000000000000000000FC03FE0FEE1FE01E7F
:10AAC000E01EE01EE01EE01FE00FE007F003FC01C7
:10AAD000FE01FE01FE01FE01FE01FE01FE3DFC3F06
:10AAE000F00FE001E001000000000000033E07F766
:10AAF0008FE78EE79EE3BCE3B8E7F8E7F0F7E03FC7
:10AB0000C001FF03FF07F307F30FF31EF33CF33815
:10AB1000F3787FF03FE0000000000000000000003C
:10AB2000E007F80F780F781F781F781F780FF00F65
:10AB3000E00F801FC37FC3FBE7F3F7F1F7F0FFF0EF
:10AB40007FF03EF87F7CFF3FEF1F00000000000019
:10AB500000000000E003E003E003E003E003C003C3
:10AB6000C001000000000000000000000000000024
:10AB700000000000000000000000000000000000D5
:10AB800000000000000000003F007C00F001E00138
:10AB9000C003C00780078007800F000F000F000F61
:10ABA000000F000F000F800F80078007C007C00351
:10ABB000E001F0017C003F000F000000007E001F5C
:10ABC000C007C003E001F001F000F000F8007800D9
:10ABD00078007800780078007800F800F000F00045
:10ABE000F001E001C003C007001F007E00780000F4
:10ABF000E003C003C001CE39FF3F7F3F2003700355
:10AC0000F807780F3C1F3806000000000000000025
:10AC10000000000000000000000000000000000034
:10AC20000000000000000000000000000000000024
:10AC3000C001C001C001C001C001C001C001FFFFCF
:10AC4000FFFFC001C001C001C001C001C001000080
:10AC500000000000000000000000000000000000F4
:10AC600000000000000000000000000000000000E4
:10AC700000000000000000000000E003E003E0032B
:10AC8000E003E001E001E001C001800300000000FA
:10AC900000000000000000000000000000000000B4
:10ACA0000000FE3FFE3F000000000000000000002A
:10ACB0000000000000000000000000000000000094
:10ACC0000000000000000000000000000000000084
:10ACD0000000000000000000000000000000000074
:10ACE0000000E003E003E003E003000000000000D8
:10ACF000000000000F000F001E001E003C003C0082
:10AD000078007800F000F000E001E001C003C0032B
:10AD100080078007000F000F001E001E003C003C53
:10AD20000078007800F00000F007F80F7C1F3E3E2E
:10AD30001E3C1F7C1F7C0F780F780F780F780F78E0
:10AD40000F780F781F7C1F7C1E3C3E3E7C1FF80F47
:10AD5000F00700000000000000000000F000F00715
:10AD6000F03FF03FF001F001F001F001F001F001DF
:10AD7000F001F001F001F001F001F001F001F0014B
:10AD8000F001FF3FFF3F0000000000000000000056
:10AD9000E00FF83F7C3C3C003E003E003E003C00A3
:10ADA0003C007C00F800F001E003C0078007000FC2
:10ADB000001E003E003CFE3FFE3F00000000000081
:10ADC00000000000F00FF81F7C1C3E003E003E001B
:10ADD0003C003C00F800F00FF80F7C003E001E0025
:10ADE0001E001E001E003E007C1CF81FE01F00001D
:10ADF00000000000000000007800F800F800F801F2
:10AE0000F803F807F807780F781E781E783C7878F2
:10AE10007878FFFFFFFF78007800780078007800EE
:10AE2000780000000000000000000000FC1FFC1F74
:10AE3000FC1F001E001E001E001E001EE01FF81F4B
:10AE4000FC007C003E003E001E003E003E003C0038
:10AE50007C1CF81FE01F0000000000000000000044
:10AE6000FC01FE078E0F001F001E003E003C003C50
:10AE7000F83DFC3F3E7F1F7E0F3C0F3C0F3C0F3CDC
:10AE80000F3E1F1E3E1FFC0FF003000000000000DD
:10AE900000000000FF3FFF3FFF3F0F001E001E00AD
:10AEA0003C0038007800F000F000E001E001C00351
:10AEB000C0038007800F800F000F001F001F0000DD
:10AEC0000000000000000000F807FC0F3E1F1E1EDF
:10AED0001E3E1E3E1E1E3C1FF80FF007F80FFC1E04
:10AEE0003E3E1F3C1F7C0F7C0F7C1F3C3E3FFC1FE7
:10AEF000F00700000000000000000000F007F80F5D
:10AF00007C1E3E3C1E3C1F7C1F7C1F7C1F7C1F3C0C
:10AF10003F3EFF1FEF071F001E001E003E003C00CB
:10AF2000F838F03FE01F00000000000000000000C3
:10AF3000000000000000000000000000E003E0034B
:10AF4000E003E0030000000000000000000000003B
:10AF50000000E003E003E003E00300000000000065
:10AF600000000000000000000000000000000000E1
:10AF7000E003E003E003E003000000000000000045
:10AF8000000000000000E003E003E003E003E00154
:10AF9000E001E001C00380030000000000000000A9
:10AFA0000000000003000F003F00FC00F003C00F92
:10AFB000003F00FE003FC00FF003FC003F000F0009
:10AFC000030000000000000000000000000000007E
:10AFD0000000000000000000000000000000000071
:10AFE000FFFFFFFF000000000000FFFFFFFF000069
:10AFF0000000000000000000000000000000000051
:10B0000000000000000000000000000000E000F868
:10B01000007E801FE007F8017E001F007E00F8011F
:10B02000E007801F007E00F800E000000000000044
:10B0300000000000F01FFC3F3E381F381F381E0084
:10B040001E003C007800F000E001C003C003C00710
:10B05000C007000000000000C007C007C0070000D4
:10B060000000000000000000F803FE0F1E1F0F3E4E
:10B070007F3CFF78EF79C773C7F38FF38FF38FF3BC
:10B080009FF39FF3FF73FF7BF779003C1C1FFC0FBE
:10B09000F8030000000000000000000000000000B5
:10B0A0000000E003E003F007F007F007780F780FE7
:10B0B0007C0E3C1E3C1E3E3CFE3FFF3F1F780F783F
:10B0C0000FF007F007F00000000000000000000093
:10B0D000000000000000F83FFC3F3E3C1E3C1E3CD0
:10B0E0001E3C3E3C7C3CF03FF83F7E3C1F3C1F3CFE
:10B0F0000F3C0F3C1F3CFE3FF83F000000000000EB
:10B1000000000000000000000000FF01FF07871F93
:10B11000003E003C007C00780078007800780078E1
:10B12000007C007C003E003F831FFF07FF01000002
:10B130000000000000000000000000000000F07FA0
:10B14000FC7F7E781F781F780F780F780F780F7844
:10B150000F780F780F780F781F781E787E78F87F39
:10B16000E07F000000000000000000000000000080
:10B170000000FF3FFF3F003E003E003E003E003E1D
:10B18000003EFE3FFE3F003E003E003E003E003ED1
:10B19000003EFF3FFF3F00000000000000000000F5
:10B1A000000000000000FF1FFF1F001E001E001E09
:10B1B000001E001E001EFF1FFF1F001E001E001E9F
:10B1C000001E001E001E001E001E000000000000E9
:10B1D00000000000000000000000FE03FF0F871FBA
:10B1E000003E007C007C007800F800F87FF87FF8D3
:10B1F0000F780F7C0F7C0F3E8F1FFF0FFE030000A8
:10B2000000000000000000000000000000001F7CA3
:10B210001F7C1F7C1F7C1F7C1F7C1F7C1F7CFF7F73
:10B22000FF7F1F7C1F7C1F7C1F7C1F7C1F7C1F7C63
:10B230001F7C000000000000000000000000000073
:10B240000000FF3FFF3FE003E003E003E003E00313
:10B25000E003E003E003E003E003E003E003E003D6
:10B26000E003FF3FFF3F000000000000000000007F
:10B27000000000000000FC1FFC1F7C007C007C0024
:10B280007C007C007C007C007C007C007C007C00DE
:10B2900078007800F838F03FC03F00000000000060
:10B2A000000000000000000000001F3C1E3C3C3C71
:10B2B000783CF03CE03DE03FC03F803FC03FE03F96
:10B2C000F03DF03C783C7C3C3E3C1F3C0F3C000099
:10B2D0000000000000000000000000000000003E30
:10B2E000003E003E003E003E003E003E003E003E6E
:10B2F000003E003E003E003E003E003E003EFF3F5E
:10B30000FF3F0000000000000000000000000000FF
:10B3100000001FF81FFC1FFC3FFE3FFE3FFE7FFFAB
:10B3200077FF77FFF7F7E7F7E7F3E7F3C7F307F000
:10B3300007F007F007F00000000000000000000028
:10B340000000000000000F7C0F7C0F7E0F7F0F7F3E
:10B350008F7F8F7FCF7FEF7BEF79FF79FF78FF784B
:10B360007F783F783F781F781F780000000000004A
:10B3700000000000000000000000F007FC1F3E3E3F
:10B380001F7C0F780F780FF80FF80FF80FF80FF8F1
:10B390000FF80F780F781F7C3E3EFC1FF00700006F
:10B3A0000000000000000000000000000000FC3F62
:10B3B000FF3F1F3E0F3E0F3E0F3E0F3E1F3E3F3EE4
:10B3C000FC3FF03F003E003E003E003E003E003E9F
:10B3D000003E00000000000000000000000000002F
:10B3E0000000F007FC1F3E3E1F7C0F780F780FF81F
:10B3F0000FF80FF80FF80FF80FF80F780F781F7C81
:10B400003E3EFC1FF8077C003F000F0003000000D9
:10B41000000000000000F03FFC3F7E3C3E3C1E3C34
:10B420001E3C3E3C3C3CFC3CF03FE03FF03DF83CE9
:10B430007C3C3E3C1E3C1F3C0F3C000000000000DA
:10B4400000000000000000000000FC07FE1F0E3E90
:10B45000003C003C003C003EC01FF80FFE037F0094
:10B460001F000F000F001F203E3CFC3FF01F00009C
:10B470000000000000000000000000000000FFFFCE
:10B48000FFFFE003E003E003E003E003E003E00389
:10B49000E003E003E003E003E003E003E003E00394
:10B4A000E0030000000000000000000000000000B9
:10B4B00000000F7C0F7C0F7C0F7C0F7C0F7C0F7CBF
:10B4C0000F7C0F7C0F7C0F7C0F7C0F7C1E3C1E3C86
:10B4D0003E3EFC1FF00700000000000000000000DE
:10B4E00000000000000007F007F007F80F780F7C5D
:10B4F0001E3C1E3C1E3E3C1E3C1F781F780FF80F62
:10B50000F007F007F007E003E00300000000000090
:10B510000000000000000000000003E003F003F062
:10B5200007F0E7F3E7F3E7F3E773F77BF77FFF7FD6
:10B530007F7F7F7F7E7F7E3F3E3E3E3E3E3E0000E1
:10B54000000000000000000000000000000007F8FC
:10B550000F7C1E3E3E3E3C1FF80FF007E007E00365
:10B56000E003F007F80F7C0F7C1E3E3C1F780F783D
:10B570000FF00000000000000000000000000000CC
:10B58000000007F807780F7C1E3C1E3E3C1F780F1A
:10B59000F80FF007E003E003E003E003E003E0035B
:10B5A000E003E003E00300000000000000000000F2
:10B5B000000000000000FF7FFF7F0F001F003E0023
:10B5C0007C00F800F000E001E003C007800F000FEE
:10B5D000001E003E007CFF7FFF7F00000000000097
:10B5E00000000000FF0780078007800780078007B2
:10B5F0008007800780078007800780078007800713
:10B600008007800780078007800780078007800702
:10B610008007FF07FF07000000780078003C003C2F
:10B62000001E001E000F000F80078007C003C0032C
:10B63000E001E001F000F000780078003C003C0000
:10B640001E001E000F000F0007000000F07FF0003A
:10B65000F000F000F000F000F000F000F000F0006A
:10B66000F000F000F000F000F000F000F000F0005A
:10B67000F000F000F000F000F000F07FF07F00003C
:10B68000C000C001C001E003E003F007F007780745
:10B69000780F380F3C1E3C1E1E3C1E3C0F380F78A6
:10B6A000077800000000000000000000000000001B
:10B6B000000000000000000000000000000000008A
:10B6C000000000000000000000000000000000007A
:10B6D0000000000000000000000000000000FFFF6C
:10B6E000FFFF000000000000F0000000000000006C
:10B6F000000000000000000000000000000000004A
:10B700000000000000000000000000000000000039
:10B710000000000000000000000000000000000029
:10B720000000000000000000F80FFC3F7C3C3E00E1
:10B730003E003E00FE07FE1F3E3E3E7C3E783E7CC5
:10B740007E7CFF3FCF1F00000000000000000000D3
:10B75000003C003C003C003C003C003CF83DFE3F0F
:10B760003E3F1F3E0F3C0F3C0F3C0F3C0F3C0F3C3D
:10B770001F3C1E3C3E3FFC3FF03B00000000000031
:10B7800000000000000000000000000000000000B9
:10B79000FE03FF0F871F003E003E003C007C007C44
:10B7A000007C003C003E003E871FFF0FFE030000B0
:10B7B00000000000000000001F001F001F001F000D
:10B7C0001F001F00FF07FF1F3F3E1F3C1F7C1F7C09
:10B7D0001F7C1F781F781F7C1F7C3F3C7F3EFF1F14
:10B7E000DF0F00000000000000000000000000006B
:10B7F0000000000000000000F803FC0F3E1F1E3E8A
:10B800001F3C1F7CFF7FFF7F007C007C003C003ED4
:10B81000071FFF0FFE0300000000000000000000F3
:10B82000FF01E103C003C007C007C007FF7FFF7F20
:10B83000C007C007C007C007C007C007C007C007D0
:10B84000C007C007C007C007C00700000000000015
:10B8500000000000000000000000000000000000E8
:10B86000EF07FF1F7F3E1F3C1F7C1F7C1F781F7848
:10B870001F781F7C1F7C3F3C7F3EFF1FDF0F1E0099
:10B880001E001E007C38F83F003C003C003C003CA1
:10B89000003C003CFC3DFE3F9E3F1F3F1F3E1F3CC7
:10B8A0001F3C1F3C1F3C1F3C1F3C1F3C1F3C1F3CC0
:10B8B0001F3C00000000000000000000F001F0014B
:10B8C0000000000000000000E07FE07FE001E001F8
:10B8D000E001E001E001E001E001E001E001E00160
:10B8E000E001E001E00100000000000000000000B5
:10B8F000F800F8000000000000000000F83FF83FEA
:10B90000F800F800F800F800F800F800F800F80077
:10B91000F800F800F800F800F800F800F800F0006F
:10B92000F071E07F003C003C003C003C003C003CEF
:10B930001F3C3E3C7C3CF83CF03DE03DC03FC03FFE
:10B94000E03FF03DF83C7C3C3E3C1F3C1F3C00008F
:10B950000000000000000000F07FF001F001F001A5
:10B96000F001F001F001F001F001F001F001F0014F
:10B97000F001F001F001F001F001F001F001F0013F
:10B98000F0010000000000000000000000000000C6
:10B9900000000000000000009EF7FFFFFFFFFFFF18
:10B9A000E7FBE7F9C7F1C7F1C7F1C7F1C7F1C7F185
:10B9B000C7F1C7F1C7F1000000000000000000005F
:10B9C000000000000000000000000000FC3DFE3F01
:10B9D0009E3F1F3F1F3E1F3C1F3C1F3C1F3C1F3C08
:10B9E0001F3C1F3C1F3C1F3C1F3C00000000000090
:10B9F0000000000000000000000000000000000047
:10BA0000F007FC1F3E3E1F3C1F7C0F780F780F781D
:10BA10000F780F781F7C1F3C3E3EFC1FF007000094
:10BA20000000000000000000000000000000000016
:10BA300000000000F83DFE3F3E3F1F3E0F3C0F3C24
:10BA40000F3C0F3C0F3C0F3C1F3C1E3E3E3FFC3F5B
:10BA5000F83F003C003C003C003C003C0000000083
:10BA60000000000000000000EE07FE1F7E3E1E3CAE
:10BA70001E7C1E781E781E781E781E781E7C3E7CEA
:10BA80007E3EFE1FDE0F1E001E001E001E001E005A
:10BA90000000000000000000000000007F1FFF1FEA
:10BAA000E71FC71F871F001F001F001F001F001F69
:10BAB000001F001F001F001F001F000000000000EB
:10BAC0000000000000000000000000000000000076
:10BAD000FC07FE1F0E1E003E003E003FE01FFC075D
:10BAE000FE003E001E001E003E3CFC3FF01F00001A
:10BAF00000000000000000000000000000008007BF
:10BB000080078007FF7FFF7F80078007800780070F
:10BB1000800780078007800780078007C007FF0332
:10BB2000FF01000000000000000000000000000015
:10BB300000000000000000001E3C1E3C1E3C1E3C9D
:10BB40001E3C1E3C1E3C1E3C1E3C1E3C3E3C7E3CA5
:10BB5000FE3EFE1FDE0F000000000000000000009F
:10BB600000000000000000000000000007F00F7857
:10BB70000F781E3C1E3C1E3E3C1E3C1E780F780F6C
:10BB8000F00FF007F007E003E00300000000000002
:10BB900000000000000000000000000000000000A5
:10BBA00003F0E3F1E3F3E7F3F7F3F7F3F77F777FDE
:10BBB0007F7F7F7F7F7F3E3E3E3E3E3E3E3E00009B
:10BBC0000000000000000000000000000000000075
:10BBD000000000000F7C1E3E3C3E3C1FF80FF007AB
:10BBE000F007E003F007F807F80F7C1E3E3E1F3C0D
:10BBF0001F780000000000000000000000000000AE
:10BC0000000000000000000007F80F780F7C1E3CC9
:10BC10001E3C3C1E3C1E3C1F780FF80FF007F0073F
:10BC2000E003E003C003C003C0038007800F007F70
:10BC3000000000000000000000000000FF3FFF3F88
:10BC40001F003E007C00F800F001E003C007800FF9
:10BC5000001F001E003CFF7FFF7F0000000000006F
:10BC600000000000FE01E003C003C003C003C003E6
:10BC7000E001E001E001C001C003803F803FC0035C
:10BC8000C001E001E001E001C003C003C003C00344
:10BC9000E003FE017E000000C001C001C001C00140
:10BCA000C001C001C001C001C001C001C001C0018C
:10BCB000C001C001C001C001C001C001C001C0017C
:10BCC000C001C001C001C001C0010000C03FE003CD
:10BCD000E001E001E001E001C001C003C003C001D8
:10BCE000E001FE00FE00E001C001C003C003C0018E
:10BCF000E001E001E001E001E003C03F003F00009F
:10BD00000000000000000000000000000000000033
:10BD1000000000000000073FC77FE773FFF17EF0DF
:10BD20000000000000000000000000000000000013
:10BD300000000000232D302B2000686C4C0065664D
:10BD4000674546470030313233343536373839416C
:10BD50004243444546003031323334353637383982
:08BD6000616263646566000086
:08BD68006844FD7F01000000AA
:04BD7000B501000811
:04BD74009101000831
:10BD7800FFFF00000024F400070A000020950208D5
:10BD88000B1200008C9C0208101A0000E8A9020897
:10BD9800FFFFFFFFFFFFFFFF100000000100000092
:10BDA8003400002000000000F01600205817002082
:10BDB800C017002000000000000000000000000084
:10BDC800000000000000000000000000000000006B
:10BDD800000000000000000000000000000000005B
:10BDE800000000000000000000000000000000004B
:040000050800249932
:00000001FF
